animal_type,age,sex,intake_condition,season,adopted
dog,12,Female,ill mild,Winter,No
cat,10,Female,injured  severe,Winter,No
rabbit,1,Neutered,normal,Fall,Yes
other,5,Unknown,under age/weight,Summer,No
cat,7,Unknown,under age/weight,Fall,No
dog,17,Spayed,Other,Winter,No
cat,10,Female,normal,Winter,No
cat,4,Unknown,under age/weight,Summer,No
cat,6,Unknown,under age/weight,Fall,No
cat,6,Unknown,under age/weight,Fall,No
dog,1,Neutered,normal,Fall,No
dog,9,Male,normal,Winter,No
dog,2,Spayed,normal,Winter,No
cat,3,Spayed,ill mild,Winter,Yes
Other,0,Female,normal,Fall,Yes
Other,0,Female,normal,Fall,Yes
cat,6,Neutered,normal,Summer,Yes
dog,1,Neutered,normal,Spring,Yes
dog,2,Male,normal,Spring,No
dog,2,Male,normal,Spring,No
dog,2,Male,normal,Spring,No
wild,9,Unknown,injured  severe,Winter,No
cat,7,Unknown,under age/weight,Summer,No
cat,11,Male,injured  severe,Winter,No
bird,3,Unknown,injured  mild,Spring,Yes
bird,5,Unknown,normal,Winter,No
cat,15,Spayed,normal,Summer,No
bird,1,Unknown,injured  severe,Fall,No
dog,4,Spayed,normal,Fall,Yes
cat,10,Female,ill mild,Spring,No
cat,6,Female,under age/weight,Summer,No
cat,7,Unknown,under age/weight,Summer,No
dog,11,Male,normal,Winter,No
cat,10,Neutered,feral,Winter,No
cat,9,Unknown,injured  severe,Fall,No
cat,8,Neutered,fractious,Winter,No
dog,9,Male,normal,Fall,No
other,8,Unknown,injured  severe,Winter,No
dog,5,Female,normal,Summer,No
dog,6,Female,normal,Summer,No
dog,3,Neutered,normal,Spring,Yes
cat,7,Female,normal,Summer,No
cat,7,Female,normal,Summer,No
cat,1,Male,under age/weight,Summer,No
cat,1,Male,under age/weight,Summer,Yes
cat,1,Male,under age/weight,Summer,No
cat,8,Female,normal,Winter,No
dog,13,Neutered,behavior  severe,Spring,No
cat,4,Male,normal,Summer,No
dog,7,Spayed,Other,Spring,Yes
bird,7,Unknown,ill severe,Spring,Yes
cat,3,Male,normal,Winter,No
dog,6,Spayed,normal,Fall,No
cat,1,Spayed,ill mild,Spring,Yes
cat,7,Male,fractious,Fall,No
cat,10,Spayed,normal,Summer,No
cat,8,Female,under age/weight,Winter,No
cat,8,Male,under age/weight,Winter,No
cat,8,Male,under age/weight,Winter,No
dog,9,Male,normal,Fall,No
cat,8,Female,normal,Winter,No
cat,7,Female,under age/weight,Summer,No
dog,17,Neutered,injured  mild,Spring,No
dog,3,Neutered,normal,Fall,Yes
dog,4,Male,normal,Winter,No
dog,13,Female,normal,Winter,No
dog,8,Female,ill severe,Summer,No
dog,11,Neutered,normal,Summer,Yes
dog,10,Neutered,ill severe,Winter,Yes
dog,1,Male,normal,Winter,No
cat,0,Female,under age/weight,Fall,No
dog,7,Spayed,normal,Fall,Yes
cat,2,Male,under age/weight,Summer,No
cat,2,Female,under age/weight,Summer,No
cat,6,Female,ill moderatete,Summer,No
dog,9,Female,injured  moderate,Summer,No
cat,0,Male,under age/weight,Fall,No
cat,0,Female,under age/weight,Fall,No
cat,0,Male,under age/weight,Fall,No
cat,1,Female,i/i report,Fall,No
cat,5,Neutered,normal,Summer,Yes
cat,5,Female,under age/weight,Fall,No
cat,5,Male,under age/weight,Fall,No
cat,3,Spayed,normal,Spring,Yes
cat,5,Male,normal,Fall,No
cat,0,Male,under age/weight,Summer,No
cat,0,Female,under age/weight,Summer,No
dog,18,Spayed,ill severe,Fall,Yes
dog,4,Neutered,normal,Summer,Yes
cat,8,Spayed,normal,Summer,No
cat,6,Unknown,under age/weight,Spring,No
cat,1,Neutered,fractious,Spring,No
dog,4,Neutered,normal,Winter,Yes
cat,7,Female,under age/weight,Fall,No
cat,7,Male,under age/weight,Fall,No
cat,9,Spayed,normal,Winter,Yes
cat,6,Female,normal,Fall,No
cat,7,Unknown,under age/weight,Fall,No
dog,5,Spayed,normal,Spring,No
dog,3,Neutered,normal,Summer,No
dog,6,Female,injured  severe,Fall,No
dog,7,Neutered,normal,Summer,No
cat,11,Neutered,feral,Winter,No
cat,2,Neutered,ill mild,Summer,Yes
Other,8,Unknown,injured  severe,Summer,No
cat,5,Neutered,normal,Summer,No
cat,2,Unknown,ill severe,Summer,No
cat,4,Female,injured  moderate,Summer,No
cat,7,Male,under age/weight,Fall,No
dog,5,Female,injured  moderate,Spring,No
cat,5,Male,normal,Fall,No
dog,9,Female,normal,Winter,No
cat,6,Female,normal,Summer,No
cat,4,Neutered,normal,Fall,Yes
dog,11,Male,normal,Fall,No
cat,0,Male,ill severe,Fall,No
cat,0,Spayed,under age/weight,Summer,No
cat,0,Neutered,under age/weight,Summer,No
dog,7,Male,normal,Spring,No
dog,10,Male,injured  severe,Fall,No
cat,6,Male,under age/weight,Summer,No
dog,16,Spayed,normal,Summer,No
cat,7,Female,normal,Summer,Yes
bird,5,Unknown,injured  severe,Fall,No
cat,3,Male,injured  severe,Fall,No
dog,3,Neutered,normal,Fall,Yes
dog,3,Neutered,injured  moderate,Spring,Yes
cat,6,Female,under age/weight,Summer,No
dog,7,Female,normal,Summer,No
dog,3,Female,normal,Winter,Yes
rabbit,3,Neutered,normal,Winter,No
cat,10,Female,injured  moderate,Summer,No
dog,10,Spayed,normal,Spring,No
dog,12,Male,normal,Summer,No
dog,5,Neutered,normal,Spring,Yes
dog,11,Female,normal,Winter,No
cat,1,Female,under age/weight,Fall,No
dog,7,Neutered,normal,Winter,No
Other,6,Unknown,normal,Winter,No
cat,3,Female,injured  severe,Summer,No
cat,0,Male,under age/weight,Summer,No
dog,3,Neutered,normal,Winter,Yes
dog,1,Neutered,normal,Fall,Yes
rabbit,4,Neutered,normal,Winter,Yes
dog,2,Neutered,fractious,Summer,No
dog,6,Male,normal,Spring,No
dog,11,Neutered,normal,Winter,No
cat,5,Female,under age/weight,Fall,No
dog,4,Spayed,normal,Winter,Yes
bird,2,Unknown,ill moderatete,Spring,No
cat,6,Spayed,normal,Summer,No
cat,5,Neutered,ill moderatete,Summer,No
wild,6,Unknown,ill severe,Fall,No
cat,6,Neutered,injured  mild,Summer,No
dog,4,Spayed,normal,Summer,Yes
cat,0,Spayed,under age/weight,Summer,Yes
cat,0,Neutered,under age/weight,Summer,Yes
cat,0,Spayed,under age/weight,Summer,Yes
dog,10,Male,normal,Spring,Yes
dog,0,Neutered,normal,Winter,No
dog,5,Female,normal,Winter,No
cat,12,Neutered,injured  severe,Summer,No
dog,8,Spayed,ill moderatete,Summer,Yes
dog,3,Neutered,ill moderatete,Fall,Yes
cat,10,Neutered,injured  moderate,Spring,No
cat,1,Male,ill moderatete,Summer,No
dog,3,Neutered,normal,Fall,Yes
dog,1,Male,ill mild,Summer,No
dog,6,Spayed,normal,Spring,Yes
cat,6,Female,under age/weight,Summer,No
dog,13,Male,normal,Winter,Yes
dog,8,Female,normal,Winter,No
cat,1,Spayed,ill moderatete,Fall,No
dog,1,Female,ill moderatete,Fall,No
dog,14,Male,normal,Spring,No
other,5,Male,injured  severe,Summer,No
dog,22,Spayed,ill moderatete,Fall,No
cat,7,Unknown,under age/weight,Summer,No
cat,7,Unknown,under age/weight,Summer,No
cat,1,Unknown,under age/weight,Summer,No
dog,8,Spayed,normal,Winter,No
dog,8,Male,normal,Summer,No
cat,1,Neutered,under age/weight,Winter,Yes
cat,1,Male,ill mild,Spring,No
dog,10,Female,normal,Fall,No
cat,0,Spayed,under age/weight,Fall,No
dog,0,Spayed,normal,Fall,Yes
dog,6,Spayed,behavior  moderate,Summer,No
dog,12,Male,normal,Winter,No
dog,18,Male,ill severe,Winter,No
dog,3,Neutered,normal,Spring,Yes
dog,7,Spayed,normal,Spring,No
dog,7,Male,injured  moderate,Fall,No
dog,0,Neutered,normal,Winter,Yes
dog,6,Female,under age/weight,Spring,No
cat,5,Spayed,under age/weight,Fall,Yes
dog,16,Female,ill moderatete,Spring,No
dog,6,Neutered,normal,Spring,Yes
dog,4,Neutered,normal,Summer,Yes
dog,2,Neutered,normal,Winter,Yes
dog,4,Spayed,normal,Summer,Yes
cat,1,Male,normal,Summer,No
cat,1,Female,normal,Summer,No
cat,2,Spayed,normal,Fall,No
dog,4,Spayed,normal,Spring,Yes
dog,1,Female,under age/weight,Spring,No
dog,1,Male,under age/weight,Spring,No
dog,1,Female,under age/weight,Spring,No
dog,2,Male,injured  mild,Spring,Yes
cat,1,Female,i/i report,Summer,Yes
cat,1,Spayed,under age/weight,Fall,Yes
cat,3,Unknown,injured  severe,Summer,No
dog,5,Male,normal,Spring,No
dog,10,Female,injured  mild,Winter,No
dog,7,Female,normal,Spring,No
cat,2,Female,ill moderatete,Spring,No
bird,6,Unknown,injured  severe,Summer,No
dog,11,Male,normal,Fall,No
cat,5,Unknown,ill severe,Spring,No
other,2,Female,injured  moderate,Winter,No
cat,8,Male,normal,Spring,No
cat,8,Neutered,ill mild,Winter,No
cat,5,Spayed,ill mild,Fall,No
cat,5,Spayed,ill mild,Fall,No
cat,7,Unknown,under age/weight,Summer,No
cat,7,Male,under age/weight,Summer,No
cat,7,Female,under age/weight,Summer,No
cat,8,Female,normal,Winter,No
cat,7,Male,under age/weight,Spring,No
cat,10,Female,normal,Spring,No
cat,1,Spayed,normal,Summer,No
dog,5,Neutered,injured  severe,Spring,No
cat,6,Unknown,ill severe,Fall,No
cat,0,Spayed,under age/weight,Summer,Yes
dog,7,Female,normal,Summer,No
dog,9,Neutered,normal,Summer,No
bird,8,Unknown,injured  severe,Spring,No
bird,10,Unknown,ill severe,Spring,No
bird,5,Unknown,injured  severe,Winter,No
bird,5,Unknown,injured  severe,Winter,No
bird,5,Unknown,injured  severe,Winter,No
cat,3,Female,injured  severe,Summer,No
dog,12,Female,normal,Spring,No
cat,0,Male,ill moderatete,Summer,No
cat,11,Spayed,normal,Winter,No
dog,1,Spayed,injured  severe,Fall,Yes
dog,19,Neutered,injured  moderate,Summer,No
cat,7,Female,under age/weight,Fall,No
cat,7,Female,under age/weight,Fall,No
dog,17,Spayed,normal,Fall,Yes
cat,4,Unknown,normal,Fall,No
other,2,Unknown,injured  severe,Spring,No
cat,0,Unknown,under age/weight,Fall,No
cat,8,Male,injured  severe,Summer,No
cat,6,Female,under age/weight,Summer,No
dog,8,Male,normal,Spring,No
dog,3,Neutered,ill mild,Spring,Yes
dog,2,Female,normal,Winter,Yes
dog,9,Male,normal,Fall,No
cat,10,Spayed,normal,Fall,No
dog,7,Male,normal,Spring,No
cat,5,Neutered,normal,Summer,Yes
dog,8,Neutered,fractious,Fall,No
cat,0,Neutered,ill moderatete,Fall,No
cat,0,Spayed,normal,Summer,Yes
dog,15,Male,normal,Fall,No
cat,0,Neutered,normal,Spring,Yes
Other,9,Female,normal,Fall,No
cat,1,Female,ill moderatete,Fall,No
dog,4,Male,i/i report,Fall,No
dog,1,Neutered,normal,Fall,Yes
cat,6,Female,normal,Spring,No
cat,4,Female,under age/weight,Fall,No
cat,6,Unknown,under age/weight,Fall,No
cat,10,Unknown,ill mild,Winter,No
rabbit,2,Spayed,normal,Fall,No
dog,16,Male,Other,Winter,No
dog,2,Female,normal,Winter,No
cat,8,Male,injured  severe,Spring,No
dog,16,Male,normal,Fall,No
dog,2,Male,ill moderatete,Spring,No
dog,4,Male,injured  mild,Summer,No
rabbit,1,Neutered,normal,Summer,Yes
dog,8,Female,normal,Spring,No
cat,1,Female,normal,Fall,No
dog,1,Male,ill severe,Fall,No
cat,7,Male,under age/weight,Fall,No
dog,2,Male,normal,Spring,No
dog,2,Female,normal,Spring,No
dog,1,Male,injured  mild,Summer,No
dog,2,Male,normal,Spring,No
dog,2,Unknown,normal,Spring,No
dog,2,Female,normal,Spring,No
dog,2,Female,normal,Spring,No
dog,12,Male,ill severe,Summer,No
dog,2,Neutered,normal,Fall,Yes
cat,2,Female,fractious,Spring,No
cat,10,Female,normal,Spring,No
dog,6,Male,normal,Summer,No
cat,8,Neutered,fractious,Spring,No
other,2,Unknown,under age/weight,Summer,No
dog,7,Male,normal,Fall,No
cat,8,Unknown,injured  severe,Summer,No
dog,6,Male,normal,Summer,No
dog,9,Female,injured  moderate,Summer,Yes
dog,12,Spayed,normal,Spring,Yes
dog,8,Neutered,normal,Winter,No
cat,11,Neutered,injured  severe,Summer,No
bird,3,Unknown,injured  severe,Winter,No
cat,9,Spayed,normal,Fall,Yes
dog,8,Female,normal,Summer,No
cat,5,Female,under age/weight,Summer,No
cat,7,Female,under age/weight,Summer,No
other,5,Unknown,under age/weight,Summer,No
other,5,Unknown,under age/weight,Summer,No
cat,19,Female,ill mild,Winter,No
other,5,Unknown,under age/weight,Summer,No
dog,1,Female,ill severe,Fall,No
cat,20,Female,normal,Fall,No
cat,5,Female,under age/weight,Spring,No
cat,1,Male,ill severe,Summer,No
cat,5,Male,under age/weight,Spring,No
dog,16,Spayed,normal,Spring,No
cat,6,Male,under age/weight,Summer,No
cat,6,Female,under age/weight,Summer,No
Other,10,Female,normal,Winter,No
other,7,Unknown,ill severe,Spring,No
cat,10,Neutered,fractious,Fall,No
cat,8,Neutered,normal,Summer,No
dog,9,Spayed,normal,Summer,No
dog,6,Male,normal,Fall,No
cat,7,Unknown,normal,Fall,No
dog,7,Spayed,normal,Spring,No
cat,11,Neutered,normal,Summer,No
dog,11,Spayed,normal,Fall,No
dog,15,Male,normal,Winter,No
dog,9,Female,normal,Winter,No
bird,8,Unknown,injured  moderate,Fall,No
cat,7,Female,ill severe,Spring,No
dog,10,Spayed,normal,Winter,No
dog,10,Male,normal,Winter,No
bird,1,Unknown,injured  severe,Spring,No
wild,8,Unknown,under age/weight,Spring,No
dog,12,Female,normal,Fall,No
cat,8,Female,normal,Winter,No
cat,7,Male,ill severe,Summer,No
cat,10,Male,normal,Winter,No
dog,2,Spayed,normal,Summer,Yes
cat,8,Female,under age/weight,Winter,No
bird,3,Unknown,injured  severe,Fall,No
cat,12,Male,normal,Winter,No
cat,8,Female,under age/weight,Winter,No
cat,7,Male,under age/weight,Fall,No
cat,10,Neutered,normal,Spring,Yes
cat,5,Neutered,ill mild,Summer,No
cat,7,Male,under age/weight,Spring,No
cat,0,Spayed,under age/weight,Fall,Yes
cat,7,Male,under age/weight,Spring,No
dog,12,Neutered,normal,Spring,No
dog,12,Female,normal,Spring,No
other,6,Unknown,injured  mild,Spring,No
cat,7,Unknown,under age/weight,Summer,No
dog,3,Male,ill mild,Winter,No
cat,7,Male,under age/weight,Fall,No
dog,15,Spayed,normal,Spring,No
Other,6,Unknown,normal,Winter,No
cat,0,Spayed,ill mild,Winter,Yes
cat,0,Male,under age/weight,Fall,No
cat,8,Spayed,normal,Fall,No
cat,0,Male,under age/weight,Fall,No
cat,5,Female,under age/weight,Summer,No
cat,0,Female,under age/weight,Fall,No
other,1,Unknown,injured  severe,Summer,No
cat,2,Male,under age/weight,Summer,No
cat,1,Neutered,normal,Winter,No
cat,2,Female,under age/weight,Summer,No
cat,1,Spayed,normal,Winter,Yes
cat,2,Male,under age/weight,Summer,No
other,1,Unknown,injured  severe,Spring,No
cat,2,Male,under age/weight,Summer,No
dog,7,Neutered,normal,Summer,Yes
cat,5,Female,injured  mild,Summer,No
dog,12,Female,normal,Winter,Yes
cat,1,Female,ill mild,Summer,No
bird,2,Unknown,ill moderatete,Summer,No
cat,2,Male,under age/weight,Fall,No
dog,12,Neutered,normal,Winter,No
cat,2,Spayed,under age/weight,Fall,Yes
dog,13,Spayed,normal,Summer,Yes
cat,2,Spayed,normal,Fall,Yes
cat,5,Spayed,normal,Summer,No
cat,2,Spayed,normal,Summer,Yes
cat,6,Male,under age/weight,Summer,No
cat,5,Male,under age/weight,Fall,No
wild,8,Unknown,under age/weight,Spring,No
cat,5,Spayed,normal,Summer,No
dog,1,Neutered,normal,Spring,Yes
cat,6,Male,injured  severe,Summer,No
dog,10,Male,normal,Winter,No
dog,1,Spayed,i/i report,Winter,Yes
dog,11,Spayed,ill mild,Winter,No
cat,4,Spayed,normal,Fall,No
cat,3,Female,ill severe,Spring,No
dog,9,Male,Other,Summer,No
cat,4,Neutered,normal,Fall,Yes
cat,9,Unknown,injured  severe,Summer,No
cat,8,Spayed,normal,Spring,No
cat,2,Female,ill mild,Summer,No
cat,6,Unknown,under age/weight,Spring,No
cat,7,Female,under age/weight,Fall,No
dog,1,Female,injured  severe,Fall,No
cat,1,Female,ill moderatete,Summer,No
cat,8,Spayed,normal,Spring,No
dog,12,Neutered,ill mild,Winter,No
dog,9,Male,normal,Winter,No
cat,6,Male,normal,Fall,No
cat,4,Male,injured  severe,Fall,No
dog,3,Spayed,fractious,Summer,Yes
cat,11,Male,injured  severe,Spring,No
dog,9,Neutered,behavior  severe,Spring,No
dog,3,Male,normal,Spring,Yes
dog,14,Female,normal,Winter,No
cat,7,Unknown,under age/weight,Summer,No
cat,2,Neutered,under age/weight,Winter,Yes
cat,5,Male,normal,Fall,No
dog,2,Neutered,normal,Spring,Yes
rabbit,3,Neutered,normal,Spring,No
dog,11,Female,normal,Spring,Yes
bird,5,Female,normal,Summer,No
dog,11,Male,normal,Fall,No
cat,5,Neutered,normal,Winter,No
cat,5,Male,under age/weight,Spring,No
cat,3,Neutered,ill severe,Summer,Yes
cat,4,Neutered,injured  mild,Summer,Yes
cat,5,Male,under age/weight,Winter,No
dog,8,Neutered,normal,Fall,Yes
cat,7,Spayed,fractious,Spring,No
cat,9,Unknown,ill severe,Winter,No
cat,7,Neutered,fractious,Winter,No
cat,7,Spayed,fractious,Summer,No
cat,11,Neutered,fractious,Spring,No
dog,2,Male,normal,Summer,No
cat,1,Neutered,under age/weight,Summer,No
cat,10,Spayed,fractious,Winter,No
cat,5,Unknown,injured  severe,Winter,No
dog,2,Female,i/i report,Spring,Yes
cat,2,Male,normal,Summer,No
cat,6,Spayed,behavior  moderate,Spring,No
cat,7,Female,normal,Winter,No
dog,7,Male,normal,Winter,No
cat,11,Neutered,ill moderatete,Summer,No
dog,13,Neutered,injured  mild,Winter,Yes
bird,3,Unknown,ill severe,Summer,No
dog,1,Spayed,normal,Winter,Yes
cat,1,Female,injured  severe,Summer,No
dog,1,Male,under age/weight,Winter,No
cat,0,Female,under age/weight,Spring,No
dog,16,Male,injured  severe,Summer,No
dog,11,Male,normal,Fall,Yes
cat,4,Unknown,under age/weight,Fall,No
cat,2,Spayed,normal,Fall,Yes
cat,7,Female,ill moderatete,Fall,No
cat,4,Unknown,under age/weight,Fall,No
cat,7,Spayed,normal,Summer,Yes
dog,6,Female,normal,Fall,No
cat,6,Neutered,normal,Spring,No
cat,1,Neutered,under age/weight,Spring,No
cat,6,Neutered,ill severe,Summer,Yes
cat,1,Spayed,under age/weight,Spring,No
cat,4,Female,under age/weight,Summer,No
cat,0,Male,ill moderatete,Fall,No
cat,4,Male,under age/weight,Summer,No
cat,12,Spayed,normal,Summer,Yes
cat,0,Neutered,injured  mild,Fall,Yes
cat,4,Male,under age/weight,Summer,No
dog,9,Male,normal,Spring,No
dog,10,Spayed,injured  moderate,Winter,No
cat,5,Female,normal,Summer,No
dog,10,Male,normal,Summer,No
cat,1,Female,under age/weight,Summer,Yes
cat,7,Male,under age/weight,Fall,No
cat,1,Spayed,normal,Summer,Yes
dog,4,Female,normal,Fall,No
dog,8,Female,injured  moderate,Fall,No
bird,4,Unknown,injured  moderate,Fall,No
cat,6,Female,normal,Summer,No
dog,7,Female,under age/weight,Summer,No
cat,6,Male,under age/weight,Spring,No
cat,6,Male,normal,Summer,No
cat,6,Female,normal,Summer,No
dog,6,Neutered,normal,Winter,Yes
cat,8,Male,normal,Winter,No
cat,0,Neutered,under age/weight,Winter,Yes
cat,0,Spayed,under age/weight,Winter,Yes
cat,4,Neutered,normal,Fall,Yes
dog,8,Male,injured  severe,Fall,No
wild,4,Unknown,under age/weight,Spring,No
cat,4,Unknown,under age/weight,Summer,No
dog,4,Female,normal,Winter,No
cat,6,Female,under age/weight,Summer,No
cat,6,Female,under age/weight,Summer,No
cat,0,Male,ill severe,Fall,No
cat,12,Neutered,ill severe,Summer,Yes
dog,8,Male,injured  mild,Fall,No
cat,6,Female,under age/weight,Spring,No
cat,5,Spayed,normal,Fall,Yes
cat,0,Neutered,ill severe,Fall,No
cat,0,Spayed,under age/weight,Summer,No
cat,8,Unknown,ill severe,Spring,No
wild,3,Unknown,injured  moderate,Spring,No
bird,6,Unknown,injured  severe,Summer,No
cat,4,Neutered,injured  moderate,Summer,No
dog,4,Male,Other,Winter,No
dog,8,Male,normal,Spring,No
dog,7,Neutered,normal,Summer,Yes
cat,5,Spayed,normal,Winter,Yes
dog,9,Neutered,normal,Spring,No
cat,5,Male,normal,Summer,No
cat,1,Spayed,injured  moderate,Summer,Yes
cat,4,Male,under age/weight,Fall,No
dog,12,Male,injured  severe,Spring,No
cat,5,Female,normal,Summer,No
dog,11,Neutered,normal,Winter,Yes
cat,6,Male,under age/weight,Summer,No
dog,6,Neutered,ill mild,Winter,No
cat,5,Neutered,normal,Winter,No
cat,4,Female,under age/weight,Fall,No
cat,4,Male,under age/weight,Fall,No
cat,0,Spayed,injured  moderate,Fall,Yes
cat,2,Spayed,normal,Summer,Yes
cat,1,Unknown,ill severe,Fall,No
cat,9,Male,injured  mild,Winter,No
cat,8,Female,ill severe,Summer,No
cat,0,Female,under age/weight,Summer,No
cat,2,Male,under age/weight,Summer,No
cat,2,Male,ill moderatete,Summer,No
dog,5,Male,normal,Summer,No
dog,25,Spayed,ill severe,Summer,No
cat,11,Neutered,normal,Fall,No
dog,9,Neutered,normal,Fall,No
dog,5,Neutered,normal,Spring,Yes
dog,3,Male,normal,Fall,No
cat,2,Female,normal,Winter,No
dog,5,Female,normal,Fall,No
dog,4,Spayed,normal,Winter,Yes
Other,7,Female,normal,Spring,No
dog,3,Spayed,normal,Summer,Yes
cat,7,Male,ill severe,Summer,No
Other,12,Unknown,injured  moderate,Summer,No
cat,2,Neutered,injured  moderate,Winter,No
dog,9,Neutered,normal,Fall,Yes
cat,8,Male,normal,Fall,No
Other,8,Male,normal,Spring,No
bird,3,Unknown,ill severe,Winter,No
cat,23,Female,normal,Summer,No
dog,3,Male,normal,Winter,No
cat,0,Male,ill severe,Summer,No
cat,6,Female,normal,Spring,No
dog,1,Spayed,normal,Summer,Yes
dog,6,Male,injured  mild,Fall,No
cat,2,Neutered,under age/weight,Summer,Yes
cat,8,Spayed,normal,Fall,No
dog,6,Female,normal,Fall,No
cat,3,Neutered,normal,Winter,No
dog,15,Female,normal,Winter,No
cat,15,Male,normal,Fall,No
cat,3,Female,normal,Fall,No
cat,1,Spayed,under age/weight,Fall,No
cat,12,Neutered,normal,Winter,Yes
cat,1,Neutered,under age/weight,Fall,No
cat,4,Male,normal,Fall,No
dog,10,Neutered,normal,Summer,Yes
dog,11,Neutered,normal,Spring,No
cat,5,Spayed,ill moderatete,Fall,No
bird,0,Unknown,injured  moderate,Summer,No
cat,7,Male,under age/weight,Fall,No
cat,7,Neutered,normal,Winter,Yes
dog,5,Female,normal,Summer,No
wild,6,Male,injured  severe,Winter,No
dog,5,Female,normal,Summer,No
cat,0,Female,under age/weight,Summer,No
cat,0,Female,under age/weight,Summer,No
cat,5,Female,normal,Winter,No
cat,0,Female,under age/weight,Summer,No
cat,0,Male,under age/weight,Summer,No
dog,1,Neutered,normal,Summer,No
dog,10,Male,normal,Fall,No
cat,4,Neutered,injured  moderate,Fall,Yes
Other,7,Female,normal,Winter,No
dog,1,Spayed,normal,Winter,Yes
dog,2,Female,injured  mild,Summer,No
Other,7,Female,normal,Winter,No
cat,13,Neutered,normal,Summer,Yes
cat,6,Female,under age/weight,Spring,No
dog,3,Neutered,normal,Spring,No
cat,5,Spayed,fractious,Summer,No
cat,0,Neutered,ill mild,Fall,Yes
cat,4,Female,normal,Summer,No
cat,4,Male,fractious,Summer,No
cat,7,Male,injured  moderate,Fall,No
dog,2,Neutered,i/i report,Winter,No
dog,1,Neutered,normal,Spring,Yes
dog,6,Spayed,normal,Spring,No
bird,7,Unknown,ill severe,Spring,No
dog,2,Spayed,normal,Summer,Yes
cat,18,Neutered,injured  mild,Summer,No
cat,6,Female,under age/weight,Summer,No
cat,9,Neutered,ill moderatete,Summer,No
cat,6,Female,under age/weight,Summer,No
cat,5,Neutered,injured  severe,Fall,Yes
dog,4,Spayed,injured  mild,Fall,Yes
dog,4,Neutered,normal,Fall,Yes
cat,7,Neutered,fractious,Winter,Yes
cat,5,Female,under age/weight,Spring,No
dog,1,Spayed,normal,Spring,Yes
dog,4,Neutered,normal,Spring,Yes
cat,7,Male,normal,Summer,No
dog,0,Neutered,normal,Winter,No
cat,4,Male,normal,Fall,Yes
dog,6,Male,normal,Winter,No
dog,1,Female,under age/weight,Winter,No
other,6,Female,injured  severe,Summer,No
dog,1,Female,under age/weight,Winter,No
cat,2,Spayed,ill severe,Winter,Yes
Other,7,Unknown,normal,Fall,No
cat,0,Female,under age/weight,Fall,No
cat,1,Male,under age/weight,Spring,No
dog,1,Neutered,normal,Summer,Yes
dog,4,Male,injured  mild,Spring,No
cat,5,Male,injured  severe,Spring,No
cat,0,Female,ill severe,Summer,No
cat,6,Female,under age/weight,Summer,No
dog,1,Female,normal,Summer,No
cat,6,Male,under age/weight,Summer,No
other,7,Unknown,injured  moderate,Spring,No
cat,5,Neutered,normal,Summer,No
cat,6,Male,under age/weight,Summer,No
cat,5,Male,normal,Summer,No
dog,14,Spayed,ill moderatete,Summer,No
dog,2,Male,normal,Summer,No
cat,6,Spayed,fractious,Summer,No
cat,8,Male,ill moderatete,Fall,No
dog,8,Female,normal,Winter,No
cat,4,Female,ill severe,Fall,No
cat,7,Female,normal,Winter,No
cat,7,Neutered,normal,Summer,Yes
cat,7,Female,normal,Summer,No
dog,11,Female,behavior  moderate,Winter,Yes
cat,7,Male,under age/weight,Summer,No
dog,6,Female,normal,Winter,No
other,6,Unknown,normal,Spring,No
cat,7,Male,under age/weight,Summer,No
bird,6,Unknown,normal,Spring,No
cat,15,Spayed,normal,Fall,No
cat,10,Spayed,normal,Winter,No
dog,14,Spayed,Other,Spring,No
cat,9,Neutered,feral,Summer,No
cat,0,Spayed,under age/weight,Fall,Yes
cat,9,Spayed,normal,Winter,No
cat,8,Spayed,normal,Fall,No
dog,3,Female,normal,Spring,No
cat,7,Female,injured  severe,Summer,No
cat,1,Spayed,under age/weight,Summer,Yes
dog,12,Neutered,normal,Summer,No
dog,8,Neutered,normal,Summer,Yes
dog,8,Neutered,normal,Summer,Yes
cat,5,Female,injured  severe,Fall,No
cat,5,Female,under age/weight,Summer,No
dog,9,Female,normal,Fall,No
cat,5,Neutered,under age/weight,Fall,Yes
Other,10,Unknown,under age/weight,Summer,No
bird,8,Male,normal,Summer,No
cat,11,Neutered,fractious,Winter,No
dog,2,Female,normal,Winter,No
cat,3,Male,normal,Winter,No
dog,2,Female,normal,Winter,No
dog,3,Spayed,normal,Fall,Yes
cat,3,Neutered,under age/weight,Fall,Yes
dog,6,Neutered,normal,Summer,Yes
dog,2,Male,normal,Summer,No
cat,1,Spayed,under age/weight,Fall,Yes
cat,6,Spayed,under age/weight,Winter,Yes
dog,6,Female,i/i report,Spring,No
dog,1,Female,under age/weight,Spring,No
dog,1,Neutered,normal,Summer,Yes
dog,2,Neutered,normal,Fall,Yes
cat,12,Female,injured  moderate,Spring,No
dog,2,Spayed,normal,Fall,Yes
cat,6,Spayed,normal,Spring,Yes
bird,8,Unknown,injured  moderate,Fall,No
dog,9,Female,normal,Winter,No
other,2,Male,injured  mild,Spring,No
dog,9,Female,normal,Summer,No
dog,8,Female,injured  severe,Spring,No
cat,4,Female,ill moderatete,Summer,No
cat,4,Spayed,normal,Summer,Yes
dog,10,Female,normal,Fall,No
cat,5,Neutered,normal,Summer,Yes
dog,17,Female,normal,Spring,No
dog,8,Neutered,normal,Spring,Yes
cat,5,Neutered,injured  severe,Fall,No
dog,6,Male,normal,Summer,No
cat,4,Neutered,injured  moderate,Winter,Yes
cat,8,Neutered,ill mild,Fall,No
cat,2,Female,under age/weight,Summer,Yes
cat,9,Neutered,ill mild,Spring,No
cat,8,Female,under age/weight,Winter,No
dog,4,Neutered,normal,Spring,Yes
cat,9,Spayed,normal,Summer,No
cat,1,Female,under age/weight,Fall,No
cat,7,Female,under age/weight,Summer,No
bird,6,Unknown,ill moderatete,Summer,No
cat,8,Female,normal,Spring,No
cat,0,Spayed,normal,Summer,No
cat,2,Male,under age/weight,Spring,No
cat,1,Female,under age/weight,Fall,No
cat,6,Unknown,under age/weight,Summer,No
cat,6,Unknown,ill severe,Fall,No
cat,6,Unknown,under age/weight,Summer,No
cat,0,Unknown,under age/weight,Summer,No
cat,5,Female,under age/weight,Summer,No
other,1,Unknown,injured  moderate,Spring,No
cat,7,Female,under age/weight,Summer,No
cat,8,Female,normal,Winter,No
cat,10,Neutered,normal,Fall,No
other,3,Unknown,normal,Fall,No
dog,10,Neutered,normal,Winter,No
cat,8,Neutered,fractious,Winter,No
bird,5,Unknown,injured  severe,Winter,No
bird,5,Unknown,injured  moderate,Winter,No
bird,5,Unknown,injured  severe,Winter,No
dog,2,Spayed,normal,Fall,Yes
bird,5,Unknown,injured  moderate,Winter,No
other,6,Male,normal,Summer,No
bird,5,Unknown,injured  severe,Winter,No
cat,11,Neutered,normal,Spring,No
cat,7,Female,under age/weight,Fall,No
cat,7,Male,under age/weight,Fall,No
rabbit,0,Unknown,under age/weight,Spring,No
cat,9,Female,ill mild,Summer,No
cat,7,Spayed,normal,Summer,No
cat,2,Male,ill moderatete,Winter,No
dog,9,Male,ill mild,Fall,No
cat,6,Female,under age/weight,Spring,No
cat,6,Spayed,fractious,Summer,No
dog,7,Male,normal,Summer,No
cat,0,Male,under age/weight,Summer,No
cat,0,Male,under age/weight,Summer,No
cat,2,Female,ill mild,Fall,No
cat,0,Female,under age/weight,Summer,No
cat,0,Female,under age/weight,Summer,No
dog,11,Female,normal,Fall,No
dog,3,Male,normal,Winter,No
cat,6,Male,normal,Fall,No
dog,12,Neutered,normal,Winter,No
cat,6,Male,normal,Fall,No
cat,5,Neutered,normal,Summer,Yes
cat,16,Male,injured  moderate,Spring,No
dog,6,Neutered,injured  mild,Summer,No
cat,7,Spayed,fractious,Summer,No
cat,5,Male,normal,Summer,No
dog,11,Female,normal,Summer,Yes
dog,5,Female,normal,Fall,No
cat,9,Spayed,injured  moderate,Winter,Yes
dog,11,Female,normal,Fall,No
dog,7,Male,normal,Fall,No
cat,2,Unknown,normal,Summer,Yes
cat,6,Male,normal,Fall,No
cat,4,Spayed,normal,Spring,Yes
dog,3,Male,normal,Fall,No
cat,4,Neutered,normal,Spring,Yes
cat,7,Female,normal,Winter,Yes
dog,7,Male,ill moderatete,Fall,No
dog,9,Neutered,normal,Fall,No
dog,4,Male,normal,Fall,No
dog,9,Neutered,normal,Winter,No
cat,3,Spayed,normal,Winter,Yes
dog,6,Male,ill severe,Fall,No
cat,0,Male,under age/weight,Spring,No
cat,3,Neutered,ill mild,Winter,Yes
cat,14,Neutered,normal,Summer,No
dog,10,Male,injured  severe,Fall,No
cat,8,Neutered,normal,Fall,No
cat,1,Female,under age/weight,Summer,No
dog,5,Neutered,normal,Spring,Yes
cat,6,Spayed,normal,Fall,No
dog,10,Male,normal,Spring,No
cat,8,Neutered,normal,Summer,No
cat,1,Spayed,normal,Summer,No
dog,15,Spayed,normal,Spring,No
cat,6,Spayed,normal,Spring,No
cat,7,Unknown,under age/weight,Spring,No
cat,7,Unknown,under age/weight,Spring,No
cat,8,Female,ill mild,Summer,No
dog,6,Spayed,normal,Fall,No
cat,2,Neutered,fractious,Spring,No
dog,10,Neutered,injured  mild,Spring,No
cat,2,Female,fractious,Spring,No
dog,7,Male,normal,Winter,No
cat,2,Female,normal,Summer,Yes
dog,9,Female,behavior  severe,Summer,Yes
dog,12,Neutered,normal,Spring,Yes
dog,17,Male,injured  moderate,Summer,No
cat,4,Neutered,normal,Winter,Yes
cat,0,Male,ill mild,Summer,No
cat,2,Unknown,under age/weight,Fall,No
rabbit,1,Neutered,normal,Winter,Yes
cat,15,Female,ill severe,Winter,No
other,6,Unknown,under age/weight,Summer,No
cat,5,Spayed,normal,Winter,No
cat,0,Female,under age/weight,Spring,No
dog,12,Neutered,Other,Fall,No
cat,0,Male,under age/weight,Spring,No
cat,0,Male,under age/weight,Spring,No
cat,5,Male,normal,Summer,No
cat,6,Male,normal,Summer,No
cat,4,Female,injured  severe,Fall,No
cat,6,Unknown,under age/weight,Summer,No
cat,8,Female,normal,Winter,No
cat,8,Male,normal,Winter,No
other,6,Unknown,injured  severe,Summer,No
cat,5,Female,injured  moderate,Fall,No
dog,2,Spayed,normal,Spring,Yes
cat,9,Spayed,fractious,Summer,No
cat,3,Spayed,injured  moderate,Fall,No
other,5,Unknown,under age/weight,Summer,No
dog,18,Spayed,normal,Winter,No
cat,2,Neutered,under age/weight,Summer,No
dog,8,Neutered,Other,Fall,No
other,5,Unknown,under age/weight,Summer,No
cat,5,Male,under age/weight,Fall,No
other,5,Unknown,under age/weight,Summer,No
cat,5,Male,under age/weight,Fall,No
cat,6,Unknown,under age/weight,Summer,No
cat,11,Spayed,fractious,Spring,No
cat,9,Spayed,normal,Fall,No
cat,0,Female,normal,Spring,No
cat,6,Unknown,under age/weight,Fall,No
cat,1,Spayed,normal,Winter,Yes
cat,0,Female,normal,Spring,No
cat,7,Unknown,ill severe,Summer,No
cat,7,Spayed,normal,Fall,Yes
cat,6,Neutered,under age/weight,Fall,No
cat,2,Male,injured  moderate,Summer,No
cat,6,Male,under age/weight,Summer,No
bird,5,Unknown,ill moderatete,Winter,No
dog,6,Neutered,normal,Winter,No
cat,3,Neutered,ill mild,Summer,Yes
cat,10,Male,injured  moderate,Summer,No
cat,8,Neutered,fractious,Summer,No
cat,10,Neutered,fractious,Fall,No
cat,5,Male,under age/weight,Spring,No
cat,3,Spayed,under age/weight,Winter,Yes
dog,12,Neutered,normal,Summer,Yes
dog,12,Spayed,normal,Fall,No
other,0,Unknown,under age/weight,Summer,No
dog,11,Male,normal,Summer,No
dog,13,Male,normal,Winter,No
cat,5,Male,under age/weight,Summer,No
dog,10,Male,normal,Winter,No
dog,14,Neutered,normal,Spring,No
wild,6,Unknown,normal,Winter,No
cat,1,Unknown,ill severe,Fall,No
bird,7,Unknown,injured  severe,Fall,No
dog,10,Female,normal,Winter,No
cat,7,Female,under age/weight,Summer,No
cat,7,Female,under age/weight,Fall,Yes
cat,7,Male,under age/weight,Fall,No
cat,7,Unknown,under age/weight,Fall,No
dog,1,Male,normal,Winter,No
cat,2,Female,under age/weight,Summer,Yes
cat,2,Female,under age/weight,Summer,Yes
cat,4,Spayed,normal,Summer,Yes
dog,3,Female,normal,Summer,No
wild,1,Female,under age/weight,Spring,No
dog,7,Female,normal,Spring,No
dog,8,Spayed,normal,Summer,No
cat,6,Spayed,normal,Spring,Yes
bird,3,Unknown,injured  moderate,Fall,No
cat,7,Spayed,fractious,Winter,No
cat,8,Spayed,injured  moderate,Fall,No
cat,7,Unknown,under age/weight,Summer,No
dog,1,Neutered,normal,Fall,Yes
cat,7,Unknown,under age/weight,Spring,No
rabbit,1,Unknown,under age/weight,Spring,No
cat,5,Male,normal,Spring,No
rabbit,1,Unknown,under age/weight,Spring,No
cat,6,Neutered,normal,Summer,Yes
dog,2,Male,normal,Fall,No
cat,0,Neutered,ill mild,Fall,No
dog,6,Male,normal,Spring,No
dog,3,Female,normal,Fall,Yes
dog,20,Spayed,normal,Summer,No
cat,5,Spayed,injured  severe,Winter,No
dog,7,Female,injured  moderate,Summer,No
cat,3,Neutered,ill moderatete,Winter,Yes
cat,5,Spayed,normal,Summer,Yes
cat,3,Neutered,ill moderatete,Winter,Yes
dog,19,Male,normal,Winter,No
cat,1,Neutered,normal,Winter,No
cat,1,Neutered,normal,Winter,No
dog,12,Male,ill severe,Winter,No
cat,8,Spayed,normal,Summer,Yes
dog,8,Neutered,normal,Summer,No
dog,14,Neutered,normal,Summer,No
cat,5,Male,under age/weight,Summer,No
dog,2,Male,injured  moderate,Fall,No
cat,3,Female,ill mild,Spring,No
cat,2,Female,under age/weight,Fall,No
dog,2,Female,i/i report,Summer,Yes
dog,13,Male,ill mild,Spring,No
cat,2,Male,under age/weight,Fall,No
bird,8,Unknown,injured  mild,Fall,No
cat,8,Neutered,normal,Spring,No
dog,1,Neutered,normal,Summer,Yes
dog,20,Spayed,normal,Spring,No
cat,7,Female,under age/weight,Fall,Yes
cat,9,Spayed,normal,Winter,Yes
cat,5,Female,normal,Summer,Yes
cat,5,Female,normal,Summer,No
dog,10,Neutered,injured  mild,Winter,Yes
wild,8,Unknown,under age/weight,Spring,No
cat,5,Male,normal,Summer,Yes
cat,5,Male,normal,Summer,Yes
cat,5,Neutered,normal,Winter,Yes
cat,8,Spayed,fractious,Summer,No
cat,6,Male,under age/weight,Fall,No
wild,9,Unknown,ill moderatete,Spring,No
dog,13,Female,normal,Summer,No
dog,7,Male,normal,Spring,No
cat,8,Spayed,fractious,Summer,No
dog,6,Neutered,normal,Winter,No
cat,6,Spayed,normal,Spring,Yes
cat,1,Spayed,injured  severe,Summer,Yes
cat,6,Spayed,normal,Spring,Yes
cat,4,Neutered,normal,Fall,No
cat,5,Female,normal,Fall,No
dog,11,Female,normal,Fall,No
dog,4,Spayed,injured  mild,Summer,Yes
cat,3,Neutered,normal,Spring,Yes
dog,7,Female,normal,Winter,No
dog,1,Neutered,normal,Summer,Yes
cat,1,Male,ill moderatete,Summer,No
cat,1,Neutered,i/i report,Summer,No
cat,1,Spayed,i/i report,Summer,No
cat,5,Male,ill moderatete,Summer,No
dog,16,Female,normal,Fall,Yes
dog,7,Spayed,normal,Spring,No
cat,4,Male,ill mild,Summer,No
dog,15,Neutered,normal,Summer,No
cat,0,Unknown,injured  moderate,Fall,No
wild,8,Unknown,under age/weight,Spring,No
wild,8,Unknown,under age/weight,Spring,No
cat,2,Neutered,normal,Winter,No
dog,3,Neutered,normal,Summer,Yes
cat,3,Spayed,normal,Winter,Yes
dog,12,Female,ill mild,Spring,No
cat,2,Female,under age/weight,Winter,Yes
cat,10,Male,ill severe,Spring,No
rabbit,4,Neutered,normal,Spring,Yes
cat,12,Female,normal,Fall,No
dog,12,Female,normal,Winter,No
dog,4,Spayed,normal,Summer,Yes
dog,6,Male,normal,Spring,No
cat,5,Male,under age/weight,Summer,No
cat,5,Male,under age/weight,Spring,No
cat,10,Male,injured  moderate,Spring,No
cat,5,Spayed,normal,Winter,Yes
cat,5,Female,under age/weight,Summer,No
cat,4,Female,under age/weight,Summer,No
cat,5,Male,under age/weight,Fall,No
Other,10,Female,normal,Winter,No
Other,5,Male,normal,Winter,No
cat,5,Female,ill severe,Fall,No
dog,6,Spayed,normal,Winter,Yes
dog,5,Male,normal,Fall,No
cat,1,Spayed,under age/weight,Summer,No
cat,7,Female,normal,Summer,No
cat,1,Neutered,under age/weight,Summer,No
dog,11,Neutered,injured  moderate,Fall,No
dog,9,Female,normal,Winter,No
cat,8,Female,injured  moderate,Spring,No
cat,0,Male,under age/weight,Summer,No
dog,5,Neutered,normal,Winter,Yes
dog,2,Female,ill mild,Fall,No
dog,2,Neutered,normal,Spring,Yes
cat,8,Spayed,normal,Summer,No
cat,9,Unknown,ill severe,Spring,No
dog,7,Male,normal,Spring,No
dog,0,Spayed,injured  moderate,Winter,Yes
dog,1,Female,i/i report,Winter,No
dog,1,Female,under age/weight,Winter,No
cat,7,Female,normal,Spring,No
cat,0,Unknown,injured  severe,Spring,No
cat,6,Spayed,injured  severe,Fall,No
cat,6,Spayed,normal,Spring,No
bird,3,Unknown,injured  mild,Spring,No
cat,9,Spayed,normal,Spring,Yes
cat,0,Neutered,under age/weight,Summer,Yes
dog,2,Neutered,normal,Winter,Yes
cat,0,Spayed,under age/weight,Summer,Yes
cat,4,Spayed,normal,Winter,Yes
cat,1,Male,under age/weight,Fall,Yes
cat,7,Unknown,under age/weight,Fall,No
dog,5,Female,normal,Spring,No
cat,7,Unknown,under age/weight,Fall,No
cat,0,Neutered,under age/weight,Summer,Yes
cat,11,Spayed,normal,Fall,No
cat,10,Male,ill severe,Spring,No
cat,4,Female,under age/weight,Summer,No
cat,11,Male,injured  moderate,Winter,No
cat,6,Female,normal,Summer,No
cat,5,Neutered,under age/weight,Summer,Yes
cat,6,Spayed,normal,Fall,Yes
cat,8,Spayed,normal,Summer,No
cat,6,Male,under age/weight,Spring,No
cat,4,Female,under age/weight,Spring,No
cat,8,Female,normal,Spring,No
dog,7,Neutered,normal,Winter,Yes
dog,5,Male,normal,Spring,No
cat,3,Neutered,under age/weight,Fall,Yes
dog,3,Female,normal,Spring,No
cat,0,Spayed,under age/weight,Winter,Yes
dog,3,Male,normal,Winter,No
cat,1,Male,under age/weight,Fall,No
dog,9,Female,i/i report,Winter,No
cat,7,Unknown,under age/weight,Summer,No
dog,10,Male,normal,Spring,Yes
dog,2,Neutered,normal,Winter,Yes
dog,5,Spayed,normal,Summer,Yes
cat,0,Male,under age/weight,Summer,No
cat,0,Female,under age/weight,Summer,No
cat,1,Spayed,under age/weight,Winter,Yes
cat,7,Neutered,injured  severe,Summer,No
cat,1,Spayed,under age/weight,Winter,Yes
cat,1,Spayed,under age/weight,Winter,Yes
cat,1,Spayed,under age/weight,Winter,Yes
cat,3,Male,behavior  moderate,Winter,No
dog,15,Male,normal,Winter,No
dog,3,Neutered,normal,Fall,Yes
cat,12,Male,ill severe,Fall,No
cat,9,Male,normal,Winter,Yes
cat,5,Female,normal,Summer,No
dog,8,Neutered,normal,Summer,No
cat,5,Female,normal,Summer,No
cat,5,Male,under age/weight,Summer,No
dog,19,Neutered,normal,Summer,Yes
cat,5,Neutered,normal,Winter,Yes
cat,9,Male,normal,Winter,No
cat,4,Spayed,under age/weight,Fall,No
dog,7,Female,normal,Summer,No
cat,3,Male,fractious,Spring,Yes
dog,0,Neutered,normal,Winter,Yes
dog,3,Spayed,normal,Fall,Yes
dog,4,Male,normal,Summer,No
cat,7,Male,under age/weight,Spring,No
dog,4,Female,normal,Summer,No
dog,3,Neutered,injured  severe,Summer,No
dog,3,Male,injured  moderate,Winter,No
dog,1,Neutered,normal,Spring,Yes
dog,5,Neutered,behavior  moderate,Summer,No
dog,12,Male,injured  mild,Winter,No
cat,8,Spayed,normal,Summer,No
cat,3,Female,normal,Winter,No
dog,2,Female,under age/weight,Winter,No
cat,2,Male,ill mild,Fall,No
dog,2,Male,under age/weight,Winter,No
cat,2,Male,ill mild,Fall,No
dog,2,Male,under age/weight,Winter,No
dog,2,Female,under age/weight,Winter,No
dog,8,Male,normal,Spring,No
cat,8,Neutered,ill mild,Winter,No
dog,10,Female,normal,Summer,No
cat,8,Spayed,ill moderatete,Spring,No
cat,9,Neutered,normal,Summer,Yes
dog,18,Neutered,normal,Summer,No
dog,2,Neutered,normal,Spring,Yes
dog,5,Spayed,normal,Spring,Yes
cat,2,Male,under age/weight,Summer,No
dog,12,Female,injured  mild,Winter,No
cat,6,Female,normal,Fall,No
dog,1,Spayed,normal,Fall,Yes
cat,8,Male,normal,Fall,No
cat,3,Female,normal,Spring,No
dog,2,Spayed,normal,Spring,Yes
cat,1,Spayed,under age/weight,Spring,No
wild,2,Unknown,under age/weight,Summer,No
wild,12,Unknown,injured  severe,Fall,No
cat,10,Spayed,behavior  moderate,Summer,Yes
cat,4,Female,normal,Fall,No
cat,3,Neutered,normal,Winter,Yes
cat,8,Female,normal,Spring,No
cat,4,Female,normal,Fall,No
cat,8,Male,normal,Spring,No
cat,8,Male,normal,Spring,No
cat,7,Male,under age/weight,Fall,No
cat,5,Neutered,normal,Fall,No
cat,8,Female,normal,Spring,No
dog,1,Female,normal,Summer,Yes
dog,8,Neutered,normal,Winter,No
cat,22,Female,ill mild,Spring,No
dog,8,Female,normal,Fall,No
wild,11,Male,injured  severe,Spring,No
cat,1,Unknown,under age/weight,Fall,No
cat,2,Unknown,under age/weight,Summer,No
dog,13,Male,ill mild,Summer,No
cat,3,Neutered,normal,Winter,Yes
cat,6,Male,under age/weight,Spring,No
dog,9,Spayed,injured  mild,Fall,Yes
cat,8,Neutered,fractious,Summer,No
dog,7,Neutered,normal,Summer,Yes
cat,4,Male,under age/weight,Fall,No
dog,7,Female,normal,Fall,No
cat,3,Neutered,ill mild,Summer,Yes
cat,1,Spayed,i/i report,Spring,No
cat,6,Female,injured  moderate,Fall,No
cat,1,Female,under age/weight,Winter,No
dog,19,Neutered,normal,Spring,No
cat,0,Spayed,under age/weight,Fall,Yes
dog,3,Female,normal,Spring,No
cat,0,Neutered,under age/weight,Fall,Yes
cat,5,Female,ill severe,Winter,No
dog,13,Neutered,normal,Spring,Yes
dog,9,Male,normal,Summer,No
cat,7,Neutered,injured  mild,Spring,Yes
dog,9,Male,normal,Winter,No
cat,11,Spayed,normal,Winter,Yes
cat,6,Male,ill severe,Fall,No
cat,5,Spayed,normal,Spring,Yes
cat,6,Spayed,normal,Winter,Yes
dog,5,Spayed,normal,Summer,Yes
dog,3,Neutered,normal,Fall,No
dog,10,Male,ill severe,Fall,No
wild,9,Unknown,ill severe,Spring,No
dog,9,Spayed,normal,Winter,Yes
cat,3,Neutered,injured  mild,Fall,Yes
dog,18,Neutered,normal,Spring,Yes
cat,5,Female,under age/weight,Spring,No
cat,3,Spayed,normal,Fall,Yes
other,7,Unknown,normal,Spring,No
other,7,Unknown,normal,Spring,No
cat,7,Unknown,injured  severe,Summer,No
cat,13,Male,ill mild,Fall,No
cat,5,Unknown,under age/weight,Winter,No
cat,4,Spayed,normal,Fall,Yes
cat,9,Spayed,normal,Winter,No
cat,4,Neutered,normal,Fall,Yes
dog,2,Spayed,normal,Winter,No
cat,4,Female,under age/weight,Fall,No
dog,1,Unknown,under age/weight,Winter,No
cat,7,Spayed,injured  moderate,Winter,Yes
dog,1,Male,under age/weight,Winter,No
dog,4,Male,Other,Summer,No
cat,1,Male,under age/weight,Summer,No
wild,12,Male,injured  severe,Spring,No
cat,1,Female,under age/weight,Spring,No
dog,4,Female,i/i report,Spring,Yes
cat,1,Female,under age/weight,Fall,No
cat,1,Female,under age/weight,Summer,No
cat,0,Unknown,under age/weight,Spring,No
dog,2,Male,i/i report,Fall,No
dog,13,Neutered,normal,Fall,No
dog,2,Neutered,normal,Summer,Yes
dog,6,Spayed,normal,Fall,Yes
dog,1,Female,normal,Fall,No
cat,1,Spayed,normal,Winter,Yes
dog,2,Female,normal,Fall,No
cat,1,Male,under age/weight,Fall,Yes
dog,1,Female,normal,Fall,No
dog,3,Male,normal,Fall,No
cat,1,Female,ill severe,Fall,No
cat,0,Spayed,under age/weight,Fall,Yes
cat,1,Male,under age/weight,Summer,No
rabbit,2,Neutered,normal,Spring,Yes
cat,3,Neutered,injured  severe,Summer,Yes
cat,1,Male,ill mild,Fall,No
cat,1,Spayed,under age/weight,Fall,No
cat,6,Male,injured  moderate,Summer,No
cat,1,Female,under age/weight,Fall,No
dog,10,Neutered,normal,Spring,No
wild,8,Unknown,normal,Spring,No
dog,7,Female,normal,Summer,No
bird,1,Unknown,injured  severe,Summer,No
cat,5,Female,normal,Summer,No
cat,1,Neutered,normal,Fall,Yes
dog,7,Male,normal,Summer,Yes
cat,10,Female,normal,Fall,No
cat,8,Spayed,normal,Winter,No
cat,7,Female,under age/weight,Summer,No
cat,7,Male,under age/weight,Summer,No
cat,5,Male,injured  severe,Fall,No
dog,4,Neutered,ill mild,Spring,Yes
cat,6,Unknown,under age/weight,Summer,No
cat,6,Male,under age/weight,Fall,No
bird,7,Unknown,injured  moderate,Fall,No
cat,6,Female,under age/weight,Fall,No
cat,4,Neutered,normal,Summer,No
cat,4,Spayed,normal,Fall,No
dog,10,Neutered,normal,Fall,No
cat,5,Spayed,normal,Winter,Yes
cat,8,Spayed,normal,Summer,No
cat,6,Female,normal,Summer,No
cat,11,Neutered,normal,Fall,No
dog,6,Spayed,normal,Spring,Yes
rabbit,11,Spayed,normal,Summer,No
cat,6,Spayed,fractious,Summer,No
other,4,Unknown,injured  severe,Fall,No
cat,5,Female,fractious,Winter,No
dog,7,Spayed,fractious,Fall,Yes
cat,9,Neutered,fractious,Summer,No
bird,8,Unknown,injured  mild,Fall,No
cat,5,Male,under age/weight,Summer,No
cat,11,Neutered,ill mild,Summer,Yes
cat,5,Female,under age/weight,Summer,No
other,1,Unknown,injured  severe,Summer,No
dog,7,Female,normal,Fall,No
cat,5,Unknown,under age/weight,Summer,No
cat,7,Female,under age/weight,Fall,No
dog,8,Neutered,normal,Fall,No
cat,6,Neutered,normal,Spring,Yes
cat,6,Male,under age/weight,Summer,No
cat,7,Neutered,normal,Winter,Yes
dog,8,Male,normal,Spring,Yes
cat,5,Neutered,normal,Winter,No
dog,7,Male,normal,Fall,Yes
other,4,Unknown,injured  severe,Summer,No
cat,9,Male,normal,Spring,No
cat,5,Neutered,normal,Summer,Yes
cat,5,Female,normal,Summer,Yes
dog,8,Male,normal,Spring,No
cat,5,Male,normal,Summer,No
cat,6,Unknown,under age/weight,Fall,No
cat,5,Spayed,normal,Fall,Yes
cat,5,Neutered,under age/weight,Summer,Yes
cat,5,Neutered,normal,Fall,Yes
cat,9,Female,normal,Winter,No
cat,5,Male,normal,Fall,No
cat,4,Unknown,injured  severe,Fall,No
cat,13,Neutered,normal,Spring,No
cat,2,Neutered,under age/weight,Summer,Yes
cat,18,Female,ill moderatete,Winter,No
cat,2,Female,under age/weight,Summer,Yes
cat,2,Female,under age/weight,Summer,Yes
cat,8,Spayed,fractious,Fall,No
dog,6,Male,normal,Winter,No
dog,3,Female,normal,Winter,No
dog,18,Female,normal,Fall,No
cat,6,Female,under age/weight,Fall,No
cat,8,Spayed,feral,Summer,No
cat,1,Female,under age/weight,Spring,No
dog,20,Neutered,normal,Fall,No
cat,1,Female,under age/weight,Fall,No
cat,1,Male,under age/weight,Fall,No
cat,6,Unknown,ill severe,Fall,No
cat,1,Neutered,normal,Spring,Yes
cat,6,Female,normal,Winter,Yes
cat,7,Spayed,normal,Summer,Yes
dog,19,Spayed,normal,Fall,No
cat,1,Neutered,under age/weight,Summer,Yes
dog,15,Male,normal,Fall,No
cat,0,Male,under age/weight,Summer,No
cat,7,Unknown,under age/weight,Fall,No
cat,1,Female,under age/weight,Fall,No
cat,6,Unknown,under age/weight,Summer,No
other,6,Unknown,normal,Spring,No
dog,5,Male,normal,Winter,No
rabbit,3,Spayed,normal,Spring,No
dog,6,Female,normal,Fall,No
dog,16,Spayed,normal,Fall,No
cat,0,Female,under age/weight,Summer,No
cat,1,Male,normal,Spring,Yes
dog,12,Male,normal,Spring,No
dog,1,Neutered,normal,Spring,Yes
dog,12,Female,normal,Fall,No
dog,7,Female,normal,Fall,No
cat,7,Unknown,under age/weight,Summer,No
dog,12,Neutered,injured  moderate,Spring,No
cat,7,Unknown,under age/weight,Summer,No
cat,7,Unknown,under age/weight,Summer,No
cat,7,Unknown,under age/weight,Summer,No
cat,7,Female,normal,Summer,No
dog,20,Female,normal,Summer,No
dog,8,Male,normal,Summer,No
dog,3,Neutered,normal,Summer,Yes
cat,0,Female,under age/weight,Fall,No
cat,0,Male,under age/weight,Fall,No
cat,0,Male,under age/weight,Fall,No
dog,11,Male,normal,Winter,No
cat,1,Neutered,under age/weight,Summer,Yes
wild,8,Unknown,under age/weight,Spring,No
dog,12,Male,injured  mild,Winter,No
cat,7,Male,injured  mild,Summer,No
dog,10,Spayed,normal,Winter,No
cat,5,Neutered,normal,Winter,Yes
cat,2,Male,ill mild,Fall,No
bird,4,Unknown,ill severe,Winter,No
dog,6,Male,normal,Fall,No
cat,9,Male,injured  severe,Winter,No
cat,6,Female,fractious,Spring,No
cat,4,Male,under age/weight,Summer,No
cat,8,Neutered,fractious,Spring,No
dog,11,Male,normal,Spring,No
cat,7,Neutered,feral,Summer,Yes
cat,10,Neutered,fractious,Summer,No
rabbit,8,Neutered,normal,Spring,No
cat,12,Spayed,normal,Spring,No
dog,5,Male,normal,Fall,No
cat,0,Neutered,normal,Fall,No
cat,0,Neutered,under age/weight,Fall,Yes
cat,0,Neutered,normal,Fall,No
cat,0,Spayed,under age/weight,Fall,Yes
cat,3,Unknown,injured  severe,Fall,No
cat,0,Neutered,under age/weight,Fall,Yes
cat,2,Male,under age/weight,Fall,No
dog,4,Male,normal,Spring,No
Other,7,Unknown,normal,Spring,No
dog,16,Male,injured  severe,Summer,No
Other,7,Unknown,normal,Spring,No
cat,0,Female,under age/weight,Summer,No
cat,0,Unknown,under age/weight,Summer,No
dog,19,Male,normal,Winter,No
cat,0,Female,under age/weight,Summer,No
cat,1,Neutered,ill severe,Spring,No
cat,5,Male,under age/weight,Fall,Yes
cat,3,Male,under age/weight,Spring,No
cat,6,Female,under age/weight,Fall,No
cat,3,Male,under age/weight,Spring,No
cat,4,Neutered,normal,Summer,Yes
cat,6,Male,under age/weight,Spring,No
cat,6,Male,fractious,Fall,No
cat,9,Male,normal,Winter,Yes
cat,7,Male,under age/weight,Summer,No
cat,6,Female,normal,Winter,No
cat,7,Spayed,fractious,Summer,No
cat,5,Female,normal,Summer,No
cat,7,Male,under age/weight,Spring,No
dog,1,Female,normal,Summer,Yes
dog,1,Male,normal,Summer,Yes
dog,8,Neutered,Other,Fall,Yes
cat,6,Female,normal,Fall,No
bird,3,Unknown,ill severe,Fall,No
cat,6,Female,normal,Fall,No
cat,11,Spayed,injured  moderate,Summer,No
cat,2,Neutered,normal,Fall,No
cat,12,Spayed,ill severe,Winter,No
bird,8,Unknown,under age/weight,Spring,No
cat,4,Male,under age/weight,Fall,No
cat,8,Spayed,fractious,Fall,No
cat,7,Unknown,under age/weight,Summer,No
cat,4,Unknown,under age/weight,Fall,No
cat,6,Male,under age/weight,Summer,No
cat,4,Unknown,under age/weight,Fall,No
dog,8,Spayed,injured  severe,Summer,No
dog,6,Neutered,normal,Winter,Yes
cat,8,Spayed,normal,Summer,No
dog,11,Male,normal,Summer,No
cat,5,Female,normal,Summer,No
dog,6,Neutered,normal,Spring,No
cat,6,Female,normal,Spring,No
dog,10,Female,normal,Fall,No
cat,6,Female,normal,Spring,No
cat,6,Spayed,normal,Summer,No
cat,8,Female,injured  mild,Spring,Yes
cat,1,Male,ill mild,Summer,No
dog,2,Male,normal,Fall,No
dog,6,Neutered,normal,Spring,Yes
dog,7,Male,normal,Fall,No
bird,1,Unknown,injured  moderate,Spring,No
cat,2,Neutered,injured  mild,Fall,Yes
dog,4,Male,injured  mild,Fall,No
dog,3,Neutered,normal,Fall,Yes
dog,8,Male,normal,Winter,No
dog,2,Male,normal,Summer,No
cat,5,Female,under age/weight,Spring,No
cat,7,Female,ill severe,Summer,No
cat,8,Spayed,feral,Spring,No
cat,7,Female,normal,Summer,Yes
rabbit,9,Neutered,normal,Spring,Yes
dog,11,Neutered,normal,Summer,No
cat,11,Neutered,ill moderatete,Winter,No
cat,9,Neutered,normal,Spring,Yes
cat,0,Female,under age/weight,Spring,No
cat,10,Unknown,ill mild,Fall,No
cat,7,Female,under age/weight,Summer,No
dog,18,Neutered,normal,Spring,No
cat,6,Male,under age/weight,Summer,No
bird,5,Unknown,ill severe,Summer,No
dog,18,Spayed,normal,Winter,Yes
cat,4,Neutered,ill mild,Summer,No
cat,7,Unknown,under age/weight,Fall,No
wild,0,Female,ill severe,Summer,No
cat,11,Neutered,normal,Summer,No
cat,4,Neutered,fractious,Winter,No
cat,3,Male,ill mild,Summer,No
cat,12,Female,injured  severe,Summer,No
cat,2,Male,under age/weight,Summer,No
cat,2,Spayed,ill severe,Spring,Yes
cat,20,Male,normal,Fall,No
cat,2,Spayed,normal,Spring,No
cat,0,Female,normal,Spring,No
cat,1,Spayed,normal,Spring,No
cat,1,Spayed,normal,Spring,No
dog,6,Female,normal,Winter,No
dog,5,Neutered,normal,Summer,Yes
cat,5,Female,under age/weight,Spring,No
dog,14,Spayed,normal,Winter,No
cat,5,Male,normal,Fall,No
cat,9,Spayed,normal,Summer,Yes
dog,14,Female,injured  severe,Spring,No
cat,8,Male,normal,Winter,No
cat,6,Female,normal,Summer,No
dog,3,Neutered,normal,Fall,Yes
cat,8,Spayed,normal,Spring,No
dog,8,Neutered,normal,Spring,No
dog,10,Spayed,ill moderatete,Winter,Yes
cat,5,Male,under age/weight,Spring,No
dog,6,Female,normal,Summer,No
dog,3,Female,behavior  moderate,Fall,Yes
cat,1,Unknown,injured  severe,Summer,No
cat,1,Neutered,under age/weight,Spring,No
cat,7,Spayed,normal,Summer,No
cat,1,Neutered,under age/weight,Spring,No
dog,6,Male,normal,Winter,No
cat,4,Unknown,under age/weight,Fall,No
dog,9,Neutered,normal,Summer,No
dog,2,Female,normal,Fall,Yes
dog,12,Spayed,ill severe,Winter,No
cat,1,Male,under age/weight,Winter,Yes
dog,4,Neutered,normal,Winter,Yes
cat,0,Neutered,under age/weight,Summer,No
cat,15,Neutered,normal,Spring,Yes
cat,0,Neutered,under age/weight,Summer,Yes
cat,4,Neutered,normal,Fall,Yes
cat,5,Male,normal,Summer,No
cat,5,Male,under age/weight,Spring,Yes
dog,7,Male,injured  moderate,Summer,No
cat,6,Female,normal,Summer,No
cat,8,Spayed,ill severe,Fall,No
cat,0,Female,under age/weight,Fall,No
cat,2,Female,under age/weight,Winter,Yes
cat,5,Male,injured  severe,Fall,No
cat,2,Male,under age/weight,Fall,No
dog,11,Neutered,normal,Summer,No
dog,11,Spayed,normal,Fall,No
dog,8,Male,normal,Summer,No
dog,7,Male,Other,Summer,No
dog,15,Female,normal,Summer,Yes
cat,4,Female,under age/weight,Spring,No
cat,3,Male,normal,Fall,No
cat,4,Spayed,injured  mild,Winter,Yes
cat,7,Spayed,normal,Winter,No
dog,2,Spayed,i/i report,Summer,Yes
dog,2,Spayed,normal,Winter,No
cat,1,Spayed,under age/weight,Fall,Yes
cat,5,Male,under age/weight,Spring,No
cat,2,Female,under age/weight,Winter,Yes
cat,2,Female,under age/weight,Fall,Yes
cat,2,Neutered,under age/weight,Winter,No
dog,3,Neutered,normal,Spring,No
dog,10,Neutered,normal,Spring,No
cat,0,Spayed,under age/weight,Summer,No
cat,15,Male,injured  severe,Spring,No
cat,0,Spayed,under age/weight,Summer,No
cat,0,Neutered,under age/weight,Summer,No
cat,4,Unknown,under age/weight,Summer,No
dog,12,Unknown,injured  severe,Spring,No
cat,0,Neutered,under age/weight,Winter,Yes
dog,9,Neutered,normal,Spring,No
dog,8,Male,normal,Summer,No
dog,5,Spayed,normal,Fall,Yes
cat,6,Unknown,normal,Fall,No
dog,2,Male,normal,Fall,No
cat,5,Neutered,normal,Fall,Yes
cat,1,Neutered,ill mild,Winter,Yes
cat,1,Spayed,ill mild,Winter,Yes
cat,1,Neutered,ill mild,Winter,Yes
dog,12,Female,fractious,Summer,No
cat,8,Male,normal,Spring,No
dog,5,Male,normal,Summer,No
bird,8,Unknown,ill moderatete,Fall,No
dog,12,Spayed,normal,Spring,Yes
dog,7,Neutered,behavior  moderate,Spring,No
cat,2,Spayed,ill mild,Spring,Yes
cat,6,Neutered,normal,Summer,No
cat,6,Male,under age/weight,Summer,No
dog,7,Female,normal,Summer,No
dog,9,Male,normal,Fall,No
cat,6,Male,under age/weight,Summer,No
wild,1,Female,ill severe,Summer,No
cat,3,Neutered,under age/weight,Fall,Yes
cat,3,Spayed,under age/weight,Fall,Yes
cat,7,Spayed,normal,Winter,No
dog,7,Neutered,normal,Winter,Yes
cat,4,Spayed,normal,Spring,Yes
dog,7,Spayed,normal,Winter,Yes
cat,4,Neutered,normal,Spring,No
cat,3,Male,normal,Summer,Yes
dog,15,Female,ill mild,Spring,No
cat,8,Spayed,feral,Spring,No
cat,4,Female,under age/weight,Spring,No
cat,2,Unknown,under age/weight,Summer,No
cat,5,Spayed,behavior  moderate,Winter,Yes
cat,5,Neutered,behavior  moderate,Winter,Yes
cat,13,Neutered,normal,Summer,No
cat,6,Male,under age/weight,Fall,No
cat,1,Female,under age/weight,Spring,No
dog,1,Spayed,injured  mild,Fall,Yes
cat,10,Male,ill severe,Winter,No
cat,11,Neutered,normal,Fall,Yes
bird,5,Unknown,under age/weight,Summer,No
dog,3,Neutered,normal,Fall,Yes
dog,1,Female,ill moderatete,Spring,No
cat,4,Neutered,ill mild,Spring,No
cat,5,Neutered,normal,Winter,Yes
cat,2,Male,under age/weight,Fall,No
cat,2,Spayed,under age/weight,Fall,No
cat,7,Male,normal,Fall,No
dog,14,Neutered,normal,Winter,Yes
wild,5,Unknown,ill moderatete,Fall,No
rabbit,3,Unknown,injured  severe,Spring,No
dog,3,Spayed,normal,Spring,Yes
dog,8,Male,injured  severe,Fall,No
cat,10,Male,ill severe,Spring,No
cat,1,Unknown,normal,Spring,No
cat,1,Neutered,ill mild,Winter,No
dog,6,Spayed,normal,Summer,No
cat,2,Spayed,i/i report,Winter,No
dog,16,Neutered,Other,Summer,No
cat,8,Spayed,ill severe,Winter,No
dog,9,Spayed,injured  mild,Fall,Yes
other,1,Male,injured  severe,Summer,No
dog,17,Male,normal,Summer,No
dog,2,Female,normal,Spring,No
dog,5,Female,under age/weight,Summer,No
dog,1,Female,normal,Summer,No
cat,1,Male,under age/weight,Spring,No
dog,0,Female,under age/weight,Spring,No
cat,1,Male,under age/weight,Spring,No
cat,1,Female,under age/weight,Spring,No
dog,17,Spayed,normal,Spring,No
cat,1,Male,under age/weight,Spring,No
dog,12,Male,normal,Winter,No
cat,7,Unknown,under age/weight,Fall,No
dog,11,Neutered,normal,Spring,No
cat,5,Male,fractious,Spring,No
cat,1,Spayed,under age/weight,Summer,No
cat,14,Spayed,normal,Spring,No
dog,12,Neutered,normal,Spring,No
dog,11,Female,normal,Fall,No
bird,10,Unknown,injured  severe,Spring,No
dog,4,Male,normal,Summer,No
dog,7,Spayed,normal,Summer,Yes
cat,0,Neutered,under age/weight,Summer,Yes
other,6,Unknown,injured  severe,Fall,No
dog,15,Neutered,ill mild,Winter,No
cat,1,Unknown,under age/weight,Summer,No
dog,1,Neutered,injured  severe,Summer,No
cat,7,Male,normal,Fall,No
cat,2,Spayed,normal,Fall,Yes
dog,7,Female,normal,Fall,No
dog,2,Neutered,normal,Summer,Yes
cat,1,Male,under age/weight,Summer,No
cat,8,Spayed,normal,Fall,No
cat,0,Spayed,under age/weight,Summer,Yes
cat,0,Neutered,under age/weight,Summer,Yes
dog,9,Female,fractious,Summer,No
cat,2,Unknown,under age/weight,Summer,No
dog,8,Neutered,normal,Spring,Yes
cat,2,Female,under age/weight,Fall,No
bird,7,Unknown,under age/weight,Summer,No
cat,6,Unknown,under age/weight,Spring,No
dog,18,Neutered,normal,Summer,No
cat,7,Female,normal,Fall,No
cat,5,Male,under age/weight,Summer,No
cat,6,Unknown,under age/weight,Spring,No
cat,13,Female,normal,Fall,No
cat,7,Unknown,under age/weight,Spring,No
cat,0,Female,under age/weight,Fall,No
dog,16,Spayed,injured  severe,Summer,No
cat,0,Female,under age/weight,Fall,No
dog,1,Female,normal,Spring,No
cat,0,Neutered,under age/weight,Fall,Yes
cat,6,Unknown,fractious,Summer,No
cat,6,Spayed,fractious,Fall,No
cat,1,Male,under age/weight,Fall,No
cat,1,Spayed,under age/weight,Fall,No
cat,1,Neutered,under age/weight,Fall,No
cat,1,Spayed,under age/weight,Fall,No
bird,6,Unknown,injured  moderate,Winter,No
cat,4,Male,normal,Summer,No
dog,7,Neutered,injured  severe,Summer,No
cat,1,Spayed,under age/weight,Fall,Yes
cat,6,Neutered,ill severe,Fall,Yes
dog,10,Neutered,normal,Fall,No
cat,3,Female,ill moderatete,Winter,No
dog,13,Female,normal,Winter,No
Other,4,Unknown,normal,Spring,No
cat,5,Spayed,normal,Winter,Yes
dog,0,Spayed,normal,Winter,Yes
cat,5,Spayed,normal,Fall,No
cat,7,Male,under age/weight,Spring,No
cat,5,Spayed,ill mild,Winter,No
dog,7,Male,normal,Spring,No
cat,1,Neutered,under age/weight,Spring,No
cat,2,Neutered,normal,Winter,Yes
cat,1,Female,under age/weight,Fall,No
dog,2,Male,under age/weight,Winter,No
cat,4,Male,under age/weight,Fall,No
cat,11,Unknown,injured  severe,Winter,No
cat,22,Spayed,normal,Winter,No
dog,12,Neutered,normal,Spring,No
cat,9,Spayed,normal,Fall,No
bird,7,Unknown,normal,Summer,No
dog,14,Male,normal,Fall,No
cat,14,Spayed,i/i report,Summer,Yes
dog,1,Female,i/i report,Summer,No
bird,2,Unknown,injured  mild,Summer,No
dog,3,Spayed,normal,Fall,Yes
dog,2,Neutered,normal,Spring,Yes
cat,9,Spayed,normal,Spring,Yes
cat,10,Neutered,ill moderatete,Winter,No
dog,8,Female,normal,Summer,No
cat,0,Male,ill moderatete,Summer,No
dog,3,Spayed,normal,Fall,Yes
cat,7,Male,fractious,Fall,No
dog,2,Spayed,normal,Spring,Yes
cat,7,Unknown,fractious,Fall,No
cat,7,Female,injured  severe,Fall,No
cat,7,Neutered,normal,Fall,No
dog,9,Neutered,normal,Winter,Yes
dog,12,Neutered,normal,Spring,Yes
cat,5,Female,under age/weight,Spring,No
cat,5,Female,under age/weight,Spring,No
cat,7,Male,injured  mild,Summer,No
cat,20,Male,ill moderatete,Spring,No
cat,2,Female,under age/weight,Fall,No
cat,6,Neutered,fractious,Fall,Yes
cat,7,Neutered,normal,Spring,No
cat,6,Spayed,fractious,Spring,No
cat,1,Unknown,under age/weight,Fall,No
dog,5,Neutered,normal,Winter,Yes
dog,17,Male,normal,Fall,Yes
cat,4,Neutered,normal,Spring,Yes
cat,8,Female,under age/weight,Spring,No
cat,7,Unknown,ill severe,Fall,No
bird,7,Unknown,ill moderatete,Fall,No
cat,7,Neutered,normal,Summer,No
cat,7,Female,under age/weight,Fall,No
cat,7,Female,under age/weight,Fall,No
cat,11,Spayed,feral,Fall,No
dog,9,Neutered,normal,Fall,Yes
dog,18,Male,ill mild,Spring,No
cat,0,Unknown,injured  severe,Summer,No
wild,7,Unknown,under age/weight,Summer,No
cat,11,Spayed,normal,Spring,Yes
dog,10,Female,ill severe,Summer,No
cat,4,Neutered,normal,Summer,Yes
cat,7,Female,under age/weight,Fall,No
rabbit,7,Spayed,normal,Spring,No
cat,7,Female,under age/weight,Fall,No
cat,4,Male,normal,Summer,Yes
cat,6,Female,under age/weight,Summer,No
rabbit,7,Neutered,normal,Spring,Yes
cat,4,Female,under age/weight,Fall,No
cat,3,Spayed,ill mild,Summer,Yes
cat,0,Neutered,normal,Fall,Yes
dog,10,Female,normal,Winter,No
cat,13,Male,normal,Spring,No
dog,6,Male,ill mild,Fall,No
dog,8,Female,normal,Summer,No
cat,6,Female,normal,Fall,No
cat,6,Male,under age/weight,Summer,No
cat,6,Female,under age/weight,Summer,No
cat,7,Female,under age/weight,Fall,No
cat,7,Female,normal,Fall,No
cat,7,Male,under age/weight,Fall,No
cat,4,Male,under age/weight,Fall,No
bird,8,Unknown,ill severe,Fall,No
cat,4,Female,under age/weight,Fall,No
bird,8,Unknown,ill severe,Fall,No
cat,5,Female,under age/weight,Spring,No
cat,5,Male,under age/weight,Spring,No
dog,10,Male,ill moderatete,Fall,No
cat,10,Unknown,ill severe,Summer,No
cat,4,Spayed,normal,Spring,Yes
dog,7,Neutered,normal,Winter,No
dog,3,Male,normal,Fall,No
dog,4,Neutered,Other,Fall,Yes
cat,0,Female,under age/weight,Spring,No
dog,14,Spayed,normal,Winter,No
dog,3,Female,normal,Fall,No
dog,7,Neutered,normal,Spring,No
cat,5,Spayed,under age/weight,Summer,Yes
cat,5,Male,fractious,Fall,No
wild,6,Unknown,ill severe,Fall,No
cat,7,Male,normal,Summer,Yes
dog,3,Spayed,normal,Summer,Yes
cat,6,Neutered,normal,Fall,No
dog,4,Female,normal,Summer,No
cat,6,Unknown,under age/weight,Summer,No
dog,3,Spayed,ill mild,Winter,Yes
cat,6,Unknown,under age/weight,Summer,No
dog,10,Neutered,normal,Summer,No
dog,15,Male,ill severe,Fall,No
cat,9,Spayed,normal,Summer,No
other,1,Unknown,injured  severe,Winter,No
dog,10,Male,normal,Fall,No
cat,0,Unknown,under age/weight,Spring,No
dog,2,Male,normal,Summer,Yes
cat,5,Male,under age/weight,Fall,No
dog,1,Female,normal,Fall,No
cat,1,Female,under age/weight,Summer,No
cat,3,Neutered,injured  mild,Winter,Yes
dog,7,Neutered,normal,Fall,Yes
cat,4,Spayed,under age/weight,Winter,Yes
cat,5,Female,under age/weight,Fall,No
cat,4,Female,under age/weight,Fall,No
wild,8,Unknown,normal,Spring,No
wild,8,Unknown,normal,Spring,No
dog,10,Female,normal,Spring,No
cat,8,Spayed,normal,Fall,No
cat,2,Female,normal,Summer,Yes
dog,8,Neutered,normal,Fall,Yes
dog,9,Female,normal,Fall,No
cat,5,Male,fractious,Winter,No
cat,1,Spayed,normal,Spring,Yes
dog,8,Female,normal,Summer,No
bird,6,Unknown,injured  severe,Summer,No
cat,2,Spayed,under age/weight,Spring,Yes
dog,19,Female,Other,Winter,No
cat,3,Unknown,normal,Summer,No
cat,1,Unknown,i/i report,Spring,No
cat,11,Spayed,normal,Summer,No
cat,3,Female,normal,Summer,No
cat,8,Spayed,normal,Spring,No
cat,7,Female,under age/weight,Spring,No
cat,7,Spayed,normal,Summer,No
cat,7,Female,under age/weight,Spring,No
cat,10,Female,ill moderatete,Spring,No
rabbit,2,Male,ill moderatete,Summer,No
cat,9,Neutered,normal,Summer,Yes
dog,9,Male,behavior  moderate,Winter,No
dog,12,Male,normal,Winter,No
cat,6,Spayed,injured  severe,Fall,No
dog,18,Male,ill mild,Spring,No
cat,5,Male,normal,Fall,No
cat,8,Female,normal,Spring,Yes
dog,18,Neutered,normal,Spring,No
dog,14,Female,normal,Spring,No
dog,8,Female,normal,Spring,No
cat,8,Male,normal,Winter,Yes
cat,5,Neutered,normal,Winter,Yes
dog,8,Spayed,normal,Spring,Yes
dog,2,Spayed,normal,Spring,No
cat,9,Neutered,normal,Winter,Yes
dog,9,Male,normal,Fall,No
dog,7,Neutered,ill mild,Winter,No
cat,1,Male,fractious,Spring,No
cat,8,Spayed,normal,Spring,Yes
cat,8,Female,normal,Winter,No
dog,5,Male,normal,Winter,No
cat,7,Female,under age/weight,Spring,No
cat,7,Female,under age/weight,Spring,No
cat,10,Spayed,normal,Summer,No
cat,7,Unknown,under age/weight,Spring,No
dog,19,Neutered,normal,Winter,No
cat,0,Spayed,under age/weight,Summer,Yes
cat,0,Unknown,injured  severe,Fall,No
cat,1,Female,under age/weight,Summer,Yes
dog,4,Male,normal,Winter,No
wild,3,Male,ill severe,Summer,No
dog,4,Male,normal,Winter,No
cat,0,Female,under age/weight,Summer,No
dog,4,Neutered,normal,Winter,Yes
dog,17,Spayed,normal,Fall,No
cat,5,Spayed,normal,Winter,Yes
dog,4,Spayed,normal,Winter,No
cat,9,Male,normal,Fall,No
dog,5,Female,behavior  severe,Spring,No
cat,3,Male,under age/weight,Summer,No
cat,1,Unknown,injured  severe,Fall,No
rabbit,8,Neutered,normal,Fall,Yes
bird,6,Unknown,injured  severe,Fall,No
dog,7,Neutered,normal,Fall,Yes
dog,16,Female,normal,Winter,No
wild,3,Unknown,ill severe,Summer,No
dog,9,Male,normal,Spring,No
dog,3,Male,normal,Fall,No
cat,10,Neutered,injured  moderate,Summer,Yes
dog,4,Male,normal,Fall,No
cat,6,Female,ill moderatete,Fall,No
cat,2,Male,normal,Spring,No
dog,9,Spayed,normal,Summer,No
dog,3,Male,normal,Fall,No
cat,8,Neutered,injured  mild,Summer,No
dog,7,Spayed,normal,Summer,Yes
cat,2,Male,ill severe,Summer,No
cat,6,Male,normal,Fall,Yes
dog,4,Female,normal,Winter,No
dog,5,Neutered,normal,Winter,Yes
cat,10,Male,ill severe,Summer,No
rabbit,4,Spayed,normal,Summer,No
rabbit,4,Spayed,normal,Summer,No
rabbit,4,Spayed,normal,Summer,No
dog,8,Unknown,injured  severe,Fall,No
dog,18,Male,Other,Fall,No
cat,14,Spayed,fractious,Spring,Yes
cat,10,Spayed,feral,Spring,No
dog,9,Neutered,normal,Spring,No
cat,6,Female,normal,Spring,No
cat,1,Male,injured  mild,Summer,No
dog,7,Female,normal,Summer,No
dog,12,Female,normal,Winter,No
cat,3,Female,ill mild,Winter,No
dog,7,Male,injured  mild,Winter,No
dog,12,Female,normal,Spring,No
dog,3,Female,injured  moderate,Summer,No
cat,6,Spayed,fractious,Winter,No
cat,15,Female,feral,Spring,No
dog,8,Male,normal,Summer,No
cat,9,Spayed,ill severe,Winter,No
wild,7,Unknown,ill moderatete,Fall,No
wild,8,Unknown,under age/weight,Spring,No
rabbit,6,Unknown,injured  severe,Winter,No
cat,5,Female,under age/weight,Summer,No
dog,5,Neutered,normal,Winter,No
dog,1,Neutered,normal,Spring,Yes
cat,2,Neutered,normal,Fall,Yes
wild,7,Female,ill severe,Spring,No
bird,1,Female,injured  mild,Summer,No
other,3,Unknown,injured  moderate,Summer,No
dog,6,Male,normal,Winter,No
cat,4,Female,under age/weight,Summer,No
cat,13,Spayed,fractious,Summer,No
dog,7,Female,ill mild,Summer,No
wild,1,Unknown,injured  moderate,Fall,No
wild,7,Male,ill moderatete,Spring,No
cat,5,Female,injured  severe,Fall,No
bird,5,Unknown,injured  severe,Fall,No
cat,5,Spayed,normal,Winter,No
other,10,Male,injured  severe,Fall,No
bird,7,Unknown,ill mild,Summer,No
cat,5,Male,normal,Winter,No
dog,8,Female,normal,Fall,No
dog,18,Male,injured  severe,Fall,No
bird,7,Unknown,injured  severe,Spring,No
cat,7,Male,under age/weight,Fall,No
cat,12,Spayed,normal,Winter,Yes
dog,3,Female,behavior  mild,Fall,Yes
dog,15,Neutered,normal,Fall,Yes
cat,4,Female,under age/weight,Summer,No
dog,9,Male,normal,Fall,No
bird,3,Unknown,injured  severe,Summer,No
cat,4,Male,under age/weight,Fall,No
cat,8,Female,normal,Fall,Yes
cat,4,Female,under age/weight,Fall,No
cat,6,Neutered,normal,Summer,No
dog,1,Neutered,i/i report,Summer,Yes
cat,2,Male,under age/weight,Fall,No
dog,8,Male,normal,Fall,No
cat,9,Spayed,normal,Summer,Yes
dog,10,Spayed,normal,Fall,Yes
cat,7,Female,injured  severe,Spring,No
cat,5,Female,ill mild,Summer,No
dog,4,Male,i/i report,Spring,No
cat,1,Spayed,ill severe,Spring,No
cat,6,Male,normal,Summer,No
cat,4,Neutered,normal,Fall,Yes
cat,3,Female,under age/weight,Spring,No
cat,0,Male,under age/weight,Spring,No
cat,6,Female,fractious,Fall,No
bird,6,Unknown,under age/weight,Summer,No
cat,0,Male,under age/weight,Spring,No
dog,10,Male,normal,Fall,Yes
wild,4,Female,ill moderatete,Spring,No
bird,0,Unknown,injured  moderate,Summer,No
cat,3,Spayed,normal,Spring,No
cat,2,Neutered,injured  moderate,Winter,No
cat,2,Male,normal,Summer,No
cat,2,Male,normal,Summer,No
wild,4,Male,normal,Fall,No
cat,4,Male,under age/weight,Fall,No
bird,5,Unknown,injured  moderate,Fall,No
dog,8,Neutered,normal,Fall,No
wild,3,Female,ill mild,Spring,No
dog,18,Spayed,normal,Summer,No
cat,2,Neutered,i/i report,Summer,No
cat,7,Unknown,under age/weight,Summer,No
cat,7,Unknown,under age/weight,Summer,No
dog,13,Spayed,Other,Summer,No
dog,15,Spayed,Other,Summer,No
cat,5,Unknown,under age/weight,Summer,No
cat,4,Unknown,under age/weight,Fall,No
cat,7,Female,normal,Summer,No
cat,14,Neutered,injured  severe,Spring,Yes
cat,15,Male,ill severe,Summer,No
dog,6,Female,normal,Fall,No
cat,6,Male,under age/weight,Spring,No
dog,3,Neutered,normal,Spring,Yes
cat,1,Female,under age/weight,Fall,No
bird,7,Unknown,injured  moderate,Fall,No
cat,5,Spayed,normal,Winter,Yes
bird,2,Unknown,ill moderatete,Spring,No
bird,5,Unknown,injured  mild,Summer,No
cat,7,Unknown,normal,Spring,No
cat,5,Spayed,behavior  mild,Winter,Yes
cat,5,Neutered,injured  moderate,Fall,No
cat,6,Male,under age/weight,Summer,No
wild,5,Unknown,ill severe,Winter,No
other,7,Unknown,under age/weight,Spring,No
cat,7,Unknown,under age/weight,Spring,No
cat,9,Neutered,feral,Spring,No
cat,4,Neutered,ill mild,Summer,No
cat,7,Female,normal,Fall,No
bird,1,Unknown,injured  severe,Spring,No
wild,4,Unknown,ill severe,Winter,No
dog,9,Female,normal,Fall,No
cat,7,Unknown,under age/weight,Fall,No
bird,3,Unknown,ill moderatete,Spring,No
cat,7,Neutered,feral,Fall,No
cat,13,Male,ill moderatete,Spring,No
cat,6,Female,under age/weight,Summer,No
other,2,Unknown,ill severe,Winter,No
dog,2,Female,normal,Winter,No
dog,1,Neutered,i/i report,Spring,Yes
other,2,Unknown,under age/weight,Summer,No
cat,5,Male,fractious,Fall,No
cat,1,Female,under age/weight,Spring,No
cat,1,Neutered,ill mild,Summer,Yes
cat,1,Female,ill mild,Summer,Yes
cat,11,Neutered,i/i report,Spring,No
cat,9,Neutered,ill mild,Fall,Yes
cat,1,Female,ill moderatete,Summer,No
cat,1,Male,normal,Spring,No
cat,1,Male,ill moderatete,Summer,No
cat,2,Female,ill moderatete,Summer,No
cat,1,Spayed,normal,Spring,No
cat,6,Female,normal,Fall,No
dog,8,Male,normal,Spring,No
cat,4,Female,under age/weight,Fall,No
cat,5,Female,under age/weight,Spring,No
other,1,Unknown,ill severe,Winter,No
dog,20,Spayed,Other,Spring,No
cat,1,Unknown,under age/weight,Spring,No
dog,10,Neutered,normal,Spring,No
cat,7,Female,normal,Winter,No
cat,4,Unknown,under age/weight,Spring,No
dog,7,Female,normal,Fall,No
cat,4,Unknown,under age/weight,Spring,No
cat,7,Male,ill severe,Summer,No
cat,6,Male,normal,Spring,No
dog,11,Spayed,normal,Summer,No
cat,2,Spayed,ill mild,Fall,Yes
dog,7,Spayed,normal,Winter,Yes
wild,7,Male,injured  severe,Spring,No
cat,6,Male,under age/weight,Fall,No
dog,8,Male,normal,Winter,No
cat,1,Female,ill severe,Summer,No
cat,8,Female,normal,Winter,No
cat,2,Unknown,ill moderatete,Summer,No
dog,3,Male,normal,Spring,Yes
rabbit,1,Neutered,normal,Summer,No
dog,1,Neutered,normal,Summer,Yes
cat,1,Male,under age/weight,Summer,No
cat,0,Neutered,under age/weight,Summer,Yes
cat,0,Neutered,under age/weight,Fall,Yes
dog,16,Male,Other,Spring,No
dog,8,Female,normal,Summer,No
other,1,Unknown,injured  severe,Spring,No
dog,4,Female,ill severe,Fall,No
cat,6,Neutered,normal,Winter,Yes
cat,6,Neutered,ill severe,Summer,No
cat,7,Male,injured  severe,Fall,No
cat,6,Spayed,normal,Winter,No
cat,4,Male,normal,Fall,No
cat,5,Female,normal,Summer,No
cat,5,Male,normal,Summer,No
cat,1,Male,ill moderatete,Fall,No
dog,14,Male,normal,Fall,No
cat,3,Female,under age/weight,Summer,No
dog,11,Male,normal,Spring,No
cat,2,Male,normal,Winter,No
cat,1,Spayed,under age/weight,Winter,Yes
dog,10,Male,normal,Summer,No
dog,14,Spayed,injured  moderate,Spring,No
cat,9,Spayed,injured  severe,Summer,No
cat,1,Male,normal,Winter,Yes
cat,7,Female,normal,Summer,No
cat,7,Neutered,fractious,Spring,No
cat,3,Male,normal,Fall,No
wild,7,Unknown,ill severe,Spring,No
cat,2,Male,under age/weight,Summer,Yes
cat,9,Neutered,fractious,Spring,No
cat,2,Spayed,under age/weight,Summer,Yes
cat,4,Spayed,ill mild,Fall,No
cat,8,Spayed,normal,Summer,No
cat,2,Male,normal,Summer,No
cat,5,Male,under age/weight,Spring,No
dog,9,Female,normal,Summer,No
cat,10,Neutered,injured  moderate,Fall,No
cat,2,Male,normal,Summer,No
cat,4,Female,injured  moderate,Fall,No
dog,10,Male,normal,Fall,No
cat,4,Spayed,normal,Winter,Yes
dog,16,Spayed,normal,Fall,No
cat,4,Neutered,normal,Fall,No
cat,8,Male,normal,Summer,No
dog,1,Neutered,normal,Spring,No
wild,5,Unknown,under age/weight,Spring,No
dog,3,Neutered,normal,Spring,Yes
cat,5,Unknown,normal,Winter,No
cat,0,Male,ill severe,Fall,No
dog,9,Male,normal,Winter,Yes
dog,1,Neutered,normal,Spring,Yes
cat,5,Female,normal,Fall,No
cat,2,Unknown,normal,Summer,No
dog,1,Female,normal,Fall,No
dog,9,Male,normal,Spring,No
dog,5,Neutered,behavior  severe,Fall,No
dog,11,Female,normal,Fall,No
Other,4,Male,normal,Spring,Yes
cat,8,Male,injured  severe,Fall,No
dog,4,Male,normal,Spring,Yes
cat,6,Female,under age/weight,Summer,No
cat,5,Neutered,normal,Fall,No
cat,6,Male,under age/weight,Summer,No
cat,6,Male,under age/weight,Summer,No
dog,11,Female,normal,Summer,No
cat,9,Female,normal,Summer,No
cat,2,Neutered,under age/weight,Summer,Yes
cat,5,Spayed,normal,Winter,No
cat,7,Female,under age/weight,Summer,No
cat,7,Male,under age/weight,Summer,No
cat,1,Spayed,ill mild,Winter,No
dog,1,Neutered,normal,Fall,Yes
cat,1,Male,ill mild,Winter,No
cat,7,Male,under age/weight,Fall,No
cat,4,Neutered,under age/weight,Spring,Yes
cat,3,Spayed,normal,Summer,Yes
cat,6,Unknown,normal,Summer,No
dog,7,Male,normal,Fall,No
cat,6,Unknown,normal,Summer,No
dog,13,Neutered,normal,Spring,No
cat,5,Spayed,normal,Fall,No
cat,8,Neutered,fractious,Spring,No
cat,5,Female,normal,Summer,No
cat,5,Spayed,normal,Fall,No
dog,1,Spayed,injured  severe,Summer,No
cat,6,Male,under age/weight,Fall,No
cat,1,Spayed,injured  mild,Summer,No
dog,13,Spayed,normal,Fall,No
cat,2,Male,normal,Summer,Yes
cat,4,Female,under age/weight,Summer,No
wild,5,Unknown,ill severe,Fall,No
dog,6,Spayed,normal,Spring,Yes
dog,2,Spayed,injured  moderate,Summer,No
dog,7,Male,normal,Winter,No
cat,7,Female,under age/weight,Winter,No
cat,5,Male,under age/weight,Spring,No
cat,7,Female,under age/weight,Winter,No
cat,1,Female,ill mild,Summer,No
dog,6,Male,normal,Winter,No
cat,10,Neutered,ill moderatete,Summer,No
cat,2,Spayed,under age/weight,Fall,Yes
cat,2,Spayed,under age/weight,Fall,Yes
cat,9,Spayed,normal,Summer,No
cat,4,Female,normal,Fall,No
cat,8,Neutered,normal,Winter,No
cat,5,Neutered,normal,Spring,Yes
cat,6,Female,under age/weight,Spring,No
cat,9,Female,normal,Fall,No
cat,2,Male,ill mild,Winter,No
cat,7,Spayed,normal,Summer,Yes
cat,2,Spayed,ill moderatete,Fall,No
cat,12,Neutered,ill mild,Winter,No
cat,6,Male,under age/weight,Fall,No
dog,6,Neutered,normal,Winter,No
cat,9,Neutered,normal,Winter,Yes
cat,6,Female,under age/weight,Summer,No
cat,10,Neutered,feral,Winter,No
dog,13,Neutered,normal,Winter,Yes
cat,3,Female,injured  severe,Spring,No
cat,7,Male,normal,Summer,No
dog,2,Female,injured  moderate,Fall,No
bird,2,Unknown,ill severe,Spring,No
cat,14,Neutered,feral,Winter,No
cat,1,Unknown,normal,Spring,No
dog,7,Male,normal,Winter,No
cat,1,Unknown,normal,Spring,No
dog,13,Male,injured  severe,Spring,No
dog,6,Neutered,normal,Fall,No
dog,6,Male,normal,Fall,No
dog,3,Spayed,normal,Spring,Yes
cat,2,Male,injured  moderate,Summer,No
dog,7,Neutered,behavior  severe,Summer,Yes
dog,0,Male,under age/weight,Spring,No
cat,0,Female,under age/weight,Spring,No
cat,1,Female,i/i report,Summer,No
cat,0,Unknown,under age/weight,Spring,No
cat,6,Unknown,under age/weight,Spring,No
cat,2,Male,normal,Summer,No
cat,7,Unknown,under age/weight,Winter,No
cat,2,Neutered,normal,Summer,No
rabbit,8,Male,normal,Spring,No
cat,2,Spayed,normal,Summer,No
cat,6,Female,under age/weight,Fall,No
cat,2,Spayed,Other,Spring,No
cat,10,Neutered,normal,Spring,Yes
dog,6,Neutered,Other,Summer,Yes
cat,8,Neutered,feral,Fall,No
dog,3,Neutered,normal,Summer,No
cat,3,Spayed,ill mild,Summer,Yes
dog,15,Female,normal,Spring,No
cat,7,Spayed,normal,Fall,No
dog,2,Male,normal,Fall,No
cat,0,Female,ill mild,Fall,No
cat,0,Male,under age/weight,Spring,No
dog,14,Female,injured  moderate,Fall,No
cat,0,Unknown,under age/weight,Spring,No
cat,0,Female,under age/weight,Spring,No
dog,6,Male,normal,Winter,No
dog,8,Male,normal,Winter,No
dog,10,Neutered,normal,Summer,No
cat,5,Male,under age/weight,Summer,No
cat,8,Female,ill mild,Winter,No
cat,3,Unknown,under age/weight,Summer,No
cat,6,Female,under age/weight,Fall,No
cat,8,Neutered,normal,Winter,Yes
cat,6,Male,under age/weight,Fall,No
cat,6,Female,under age/weight,Spring,No
cat,6,Female,under age/weight,Spring,No
cat,2,Unknown,under age/weight,Summer,No
cat,0,Spayed,normal,Fall,Yes
cat,2,Male,under age/weight,Fall,No
dog,3,Spayed,normal,Summer,Yes
other,7,Unknown,injured  mild,Spring,No
cat,7,Male,normal,Fall,No
cat,0,Female,under age/weight,Fall,No
cat,0,Female,under age/weight,Fall,No
cat,7,Unknown,under age/weight,Spring,No
cat,3,Female,ill mild,Winter,Yes
cat,7,Unknown,under age/weight,Spring,No
cat,6,Spayed,normal,Summer,No
dog,14,Male,normal,Spring,No
cat,3,Female,normal,Fall,Yes
dog,2,Female,normal,Fall,No
dog,11,Female,normal,Fall,No
dog,6,Spayed,normal,Spring,Yes
dog,17,Male,ill severe,Spring,No
dog,1,Neutered,normal,Summer,Yes
dog,7,Female,normal,Fall,No
cat,14,Male,ill severe,Fall,No
cat,5,Male,under age/weight,Summer,No
dog,9,Neutered,normal,Winter,Yes
cat,6,Spayed,fractious,Fall,No
bird,6,Unknown,injured  mild,Fall,No
dog,12,Neutered,ill severe,Fall,No
bird,9,Unknown,injured  severe,Winter,No
cat,5,Unknown,under age/weight,Summer,No
dog,6,Male,injured  severe,Summer,No
dog,15,Male,ill mild,Spring,No
cat,5,Unknown,under age/weight,Summer,No
dog,10,Spayed,injured  mild,Spring,No
cat,5,Unknown,under age/weight,Summer,No
dog,5,Female,normal,Spring,No
dog,6,Neutered,normal,Winter,No
cat,1,Unknown,under age/weight,Spring,No
cat,11,Spayed,injured  severe,Summer,No
cat,1,Female,under age/weight,Spring,No
dog,2,Neutered,normal,Spring,Yes
dog,5,Male,normal,Spring,No
dog,7,Male,normal,Fall,No
dog,6,Male,normal,Fall,No
cat,6,Neutered,injured  severe,Spring,No
cat,4,Female,under age/weight,Fall,No
wild,2,Unknown,under age/weight,Summer,No
dog,4,Spayed,normal,Summer,Yes
bird,7,Unknown,normal,Summer,No
cat,12,Male,ill severe,Fall,No
dog,8,Male,normal,Spring,No
bird,7,Unknown,normal,Fall,No
dog,8,Male,normal,Fall,No
cat,3,Female,ill mild,Fall,No
dog,3,Female,normal,Fall,No
cat,4,Female,normal,Fall,No
dog,1,Male,i/i report,Summer,No
cat,3,Female,ill mild,Fall,No
cat,3,Male,ill mild,Fall,No
cat,5,Neutered,injured  moderate,Spring,No
dog,4,Spayed,normal,Winter,No
cat,7,Male,injured  severe,Summer,No
wild,11,Male,injured  severe,Fall,No
cat,2,Neutered,ill moderatete,Summer,No
dog,8,Neutered,normal,Spring,Yes
cat,6,Female,under age/weight,Winter,No
cat,0,Male,under age/weight,Spring,No
dog,6,Spayed,normal,Fall,No
cat,5,Unknown,ill moderatete,Spring,No
dog,3,Male,ill moderatete,Spring,No
cat,4,Female,injured  moderate,Summer,No
cat,4,Unknown,under age/weight,Summer,No
dog,10,Male,normal,Fall,No
dog,6,Neutered,normal,Winter,Yes
cat,6,Spayed,fractious,Winter,No
cat,6,Spayed,fractious,Winter,No
cat,1,Male,ill mild,Spring,Yes
cat,3,Spayed,normal,Spring,No
cat,1,Spayed,under age/weight,Fall,Yes
dog,6,Female,normal,Summer,No
cat,4,Neutered,fractious,Spring,No
cat,6,Spayed,normal,Winter,No
dog,15,Spayed,normal,Fall,No
dog,2,Male,ill severe,Spring,No
dog,17,Spayed,injured  mild,Fall,No
cat,7,Male,under age/weight,Fall,No
cat,9,Female,injured  mild,Winter,No
dog,15,Male,normal,Winter,No
cat,1,Female,injured  severe,Fall,No
dog,12,Male,normal,Fall,No
dog,10,Spayed,normal,Summer,No
cat,8,Spayed,normal,Spring,No
dog,2,Spayed,normal,Fall,Yes
cat,1,Female,i/i report,Spring,No
cat,4,Female,i/i report,Summer,Yes
cat,6,Spayed,normal,Spring,No
cat,7,Male,under age/weight,Fall,No
cat,1,Spayed,ill mild,Winter,No
cat,7,Female,normal,Winter,Yes
dog,9,Male,normal,Summer,No
cat,5,Female,under age/weight,Summer,No
dog,13,Male,normal,Summer,No
dog,8,Female,normal,Summer,No
dog,17,Male,normal,Summer,No
cat,12,Male,ill mild,Summer,No
dog,4,Spayed,normal,Summer,Yes
cat,5,Spayed,normal,Fall,No
dog,4,Spayed,normal,Summer,Yes
other,7,Unknown,injured  severe,Spring,No
cat,11,Spayed,feral,Winter,Yes
cat,6,Female,ill moderatete,Fall,No
cat,3,Female,injured  moderate,Spring,No
cat,5,Unknown,injured  severe,Winter,No
cat,10,Spayed,normal,Winter,Yes
cat,2,Spayed,normal,Summer,No
cat,5,Neutered,under age/weight,Winter,Yes
cat,6,Female,under age/weight,Summer,No
cat,10,Spayed,normal,Winter,No
cat,7,Male,under age/weight,Fall,No
cat,7,Unknown,under age/weight,Fall,No
cat,4,Neutered,normal,Summer,Yes
cat,1,Spayed,ill mild,Winter,No
dog,6,Male,under age/weight,Spring,No
cat,8,Spayed,feral,Spring,No
dog,11,Female,normal,Spring,No
dog,6,Female,under age/weight,Spring,No
dog,12,Female,normal,Winter,No
cat,7,Neutered,under age/weight,Summer,Yes
cat,7,Female,under age/weight,Fall,No
cat,8,Female,normal,Spring,No
dog,2,Female,behavior  mild,Fall,No
rabbit,4,Spayed,normal,Fall,Yes
cat,8,Male,normal,Spring,No
cat,6,Female,under age/weight,Summer,No
dog,8,Neutered,normal,Fall,Yes
cat,0,Male,under age/weight,Spring,No
cat,0,Female,under age/weight,Spring,No
cat,6,Unknown,under age/weight,Summer,No
rabbit,3,Unknown,injured  mild,Fall,No
dog,2,Spayed,normal,Summer,Yes
cat,2,Neutered,under age/weight,Summer,Yes
cat,3,Spayed,normal,Fall,Yes
dog,10,Female,normal,Summer,No
rabbit,6,Spayed,normal,Summer,No
other,5,Unknown,injured  severe,Winter,No
cat,5,Female,under age/weight,Fall,No
cat,7,Male,under age/weight,Fall,No
cat,5,Male,under age/weight,Fall,No
cat,7,Neutered,under age/weight,Winter,Yes
cat,4,Male,under age/weight,Fall,No
dog,2,Neutered,normal,Spring,Yes
dog,7,Neutered,normal,Winter,No
cat,7,Female,normal,Spring,No
dog,5,Male,normal,Winter,No
cat,2,Male,ill mild,Summer,Yes
cat,3,Neutered,injured  moderate,Fall,Yes
cat,8,Unknown,normal,Spring,No
dog,7,Female,normal,Spring,No
dog,3,Spayed,normal,Summer,No
cat,1,Female,under age/weight,Spring,No
rabbit,11,Spayed,normal,Spring,No
cat,2,Female,under age/weight,Summer,Yes
cat,4,Male,under age/weight,Summer,No
cat,3,Neutered,under age/weight,Fall,No
cat,1,Unknown,normal,Summer,No
cat,3,Spayed,under age/weight,Fall,Yes
cat,1,Unknown,normal,Summer,No
dog,7,Neutered,normal,Fall,Yes
cat,10,Neutered,feral,Fall,No
cat,8,Unknown,feral,Winter,No
other,2,Unknown,normal,Spring,No
dog,7,Neutered,normal,Spring,No
dog,14,Neutered,Other,Winter,No
cat,5,Female,normal,Summer,Yes
dog,7,Spayed,normal,Spring,Yes
cat,5,Male,normal,Summer,No
cat,7,Male,under age/weight,Summer,No
dog,6,Male,behavior  severe,Spring,No
cat,6,Spayed,behavior  severe,Spring,No
cat,1,Spayed,normal,Fall,Yes
cat,1,Spayed,normal,Fall,Yes
dog,15,Neutered,normal,Summer,No
cat,1,Male,normal,Fall,No
cat,1,Unknown,injured  severe,Fall,No
cat,7,Female,under age/weight,Fall,No
dog,16,Spayed,normal,Spring,No
cat,3,Neutered,under age/weight,Fall,Yes
dog,23,Neutered,normal,Summer,No
cat,2,Female,under age/weight,Summer,No
cat,8,Neutered,normal,Winter,No
cat,5,Male,normal,Summer,No
dog,17,Neutered,injured  severe,Summer,No
dog,6,Female,normal,Summer,No
cat,7,Male,under age/weight,Fall,No
cat,4,Male,under age/weight,Summer,No
cat,6,Female,normal,Summer,No
cat,1,Neutered,normal,Summer,No
cat,1,Neutered,normal,Summer,No
dog,15,Neutered,normal,Spring,No
cat,4,Spayed,injured  moderate,Fall,No
cat,9,Neutered,normal,Winter,Yes
cat,0,Female,ill moderatete,Winter,No
wild,6,Male,injured  moderate,Summer,No
cat,1,Unknown,under age/weight,Summer,No
cat,5,Female,normal,Summer,No
cat,3,Female,normal,Spring,No
cat,7,Unknown,under age/weight,Spring,No
cat,7,Unknown,under age/weight,Summer,No
cat,3,Male,normal,Spring,No
cat,1,Unknown,under age/weight,Summer,No
cat,3,Female,normal,Spring,No
dog,11,Neutered,normal,Summer,No
cat,8,Neutered,normal,Fall,No
cat,7,Spayed,normal,Fall,No
cat,9,Female,normal,Winter,No
cat,8,Spayed,feral,Spring,No
cat,0,Spayed,normal,Winter,Yes
cat,11,Spayed,feral,Spring,No
cat,10,Male,ill mild,Winter,No
cat,7,Spayed,feral,Summer,No
cat,3,Male,under age/weight,Summer,No
cat,7,Spayed,feral,Fall,No
cat,16,Female,injured  mild,Spring,No
cat,5,Unknown,under age/weight,Summer,No
cat,9,Spayed,normal,Summer,No
dog,4,Neutered,normal,Summer,No
cat,7,Neutered,fractious,Summer,No
dog,15,Neutered,normal,Fall,No
cat,7,Unknown,under age/weight,Summer,No
cat,6,Female,under age/weight,Fall,No
dog,2,Male,normal,Spring,No
cat,2,Female,under age/weight,Spring,No
dog,12,Male,normal,Summer,No
cat,7,Spayed,normal,Spring,No
dog,11,Spayed,behavior  moderate,Winter,No
dog,11,Spayed,behavior  moderate,Summer,No
dog,22,Male,normal,Winter,No
dog,13,Female,normal,Winter,No
cat,4,Female,under age/weight,Fall,No
cat,1,Male,under age/weight,Fall,No
cat,1,Neutered,under age/weight,Fall,No
dog,17,Neutered,normal,Summer,No
cat,9,Neutered,fractious,Fall,No
dog,9,Male,injured  moderate,Spring,No
dog,16,Male,normal,Spring,No
dog,3,Female,normal,Fall,No
bird,1,Female,normal,Winter,No
cat,3,Spayed,normal,Summer,Yes
dog,19,Male,ill mild,Summer,Yes
dog,14,Male,Other,Summer,No
cat,3,Spayed,ill mild,Winter,Yes
dog,4,Male,normal,Winter,No
dog,17,Female,normal,Winter,No
bird,6,Unknown,injured  moderate,Summer,No
cat,5,Unknown,under age/weight,Summer,No
cat,1,Male,ill mild,Fall,No
cat,9,Female,normal,Summer,No
cat,1,Female,ill mild,Fall,No
cat,1,Male,ill mild,Fall,No
dog,10,Male,normal,Fall,No
dog,6,Male,injured  moderate,Spring,No
dog,15,Male,behavior  moderate,Spring,No
cat,12,Unknown,ill moderatete,Summer,No
dog,16,Female,injured  severe,Spring,No
bird,2,Unknown,injured  severe,Summer,No
dog,10,Male,normal,Summer,No
dog,12,Female,injured  severe,Spring,Yes
cat,2,Female,injured  mild,Summer,No
cat,5,Male,injured  severe,Fall,No
wild,2,Unknown,under age/weight,Summer,No
wild,2,Unknown,under age/weight,Summer,No
cat,2,Female,ill severe,Fall,Yes
cat,4,Spayed,normal,Summer,No
dog,4,Male,normal,Winter,No
cat,4,Female,under age/weight,Fall,No
cat,2,Female,under age/weight,Spring,No
dog,9,Female,normal,Fall,Yes
cat,7,Female,ill severe,Fall,No
dog,2,Spayed,i/i report,Fall,Yes
cat,3,Spayed,ill moderatete,Winter,Yes
cat,9,Spayed,fractious,Fall,No
dog,17,Male,normal,Winter,No
cat,8,Neutered,fractious,Summer,No
cat,6,Male,under age/weight,Spring,No
cat,6,Neutered,fractious,Fall,No
dog,6,Male,normal,Summer,No
cat,0,Unknown,ill severe,Spring,No
dog,18,Spayed,normal,Fall,No
bird,8,Unknown,injured  moderate,Winter,No
cat,6,Unknown,under age/weight,Summer,No
cat,6,Unknown,under age/weight,Summer,No
rabbit,7,Neutered,injured  mild,Spring,Yes
dog,11,Male,normal,Fall,No
cat,6,Male,normal,Summer,No
cat,2,Male,i/i report,Spring,Yes
cat,7,Neutered,ill mild,Winter,Yes
dog,8,Male,normal,Summer,No
cat,2,Male,normal,Summer,No
cat,3,Male,normal,Winter,No
cat,5,Unknown,under age/weight,Summer,No
dog,4,Male,normal,Winter,No
dog,9,Spayed,normal,Summer,No
cat,2,Male,ill mild,Summer,No
dog,4,Female,normal,Spring,No
dog,3,Spayed,normal,Fall,Yes
dog,4,Neutered,normal,Spring,No
cat,5,Female,fractious,Fall,No
dog,9,Male,normal,Summer,No
dog,7,Male,normal,Summer,No
dog,4,Male,normal,Summer,No
dog,10,Male,normal,Winter,No
cat,4,Spayed,normal,Fall,Yes
cat,6,Female,normal,Summer,No
cat,0,Female,under age/weight,Spring,No
cat,0,Female,under age/weight,Spring,No
cat,0,Neutered,under age/weight,Spring,Yes
dog,3,Spayed,normal,Spring,Yes
wild,1,Female,under age/weight,Spring,No
cat,3,Spayed,normal,Spring,No
cat,6,Neutered,normal,Summer,No
dog,13,Neutered,normal,Fall,Yes
cat,12,Spayed,normal,Fall,Yes
cat,12,Spayed,normal,Summer,Yes
dog,1,Neutered,normal,Fall,Yes
cat,8,Male,normal,Winter,No
bird,3,Unknown,normal,Summer,No
dog,9,Female,normal,Summer,No
cat,9,Neutered,fractious,Summer,Yes
cat,9,Male,normal,Summer,No
cat,14,Female,ill severe,Spring,No
dog,7,Female,normal,Summer,No
cat,1,Male,under age/weight,Spring,No
dog,14,Female,normal,Summer,No
cat,7,Unknown,under age/weight,Spring,No
cat,7,Unknown,under age/weight,Spring,No
cat,7,Unknown,under age/weight,Spring,No
bird,2,Unknown,injured  severe,Spring,No
dog,8,Spayed,normal,Winter,Yes
dog,8,Female,normal,Fall,No
dog,14,Male,normal,Winter,Yes
cat,6,Neutered,normal,Winter,No
other,7,Unknown,under age/weight,Spring,No
cat,3,Male,injured  severe,Summer,No
dog,4,Male,normal,Summer,No
cat,7,Unknown,under age/weight,Spring,No
other,5,Unknown,injured  severe,Fall,No
cat,7,Unknown,under age/weight,Spring,No
cat,7,Spayed,normal,Winter,Yes
cat,9,Spayed,feral,Spring,No
cat,7,Unknown,under age/weight,Spring,No
dog,2,Male,i/i report,Fall,No
cat,5,Male,under age/weight,Fall,No
cat,5,Male,normal,Fall,No
dog,8,Female,normal,Summer,No
dog,16,Male,normal,Summer,No
wild,4,Unknown,injured  severe,Winter,No
cat,1,Male,ill mild,Fall,No
cat,7,Neutered,normal,Winter,Yes
cat,4,Female,normal,Winter,No
cat,1,Male,ill moderatete,Summer,No
cat,8,Unknown,ill moderatete,Fall,No
dog,7,Male,normal,Fall,No
cat,1,Male,ill moderatete,Summer,No
dog,15,Spayed,normal,Fall,Yes
cat,1,Male,ill moderatete,Summer,No
cat,1,Male,ill moderatete,Summer,No
cat,1,Male,under age/weight,Fall,No
cat,6,Unknown,under age/weight,Fall,No
cat,1,Neutered,under age/weight,Winter,Yes
dog,7,Female,normal,Fall,No
cat,14,Spayed,normal,Spring,No
other,5,Unknown,injured  severe,Spring,No
dog,11,Female,injured  mild,Winter,No
cat,5,Female,normal,Winter,No
cat,1,Male,injured  severe,Summer,No
cat,5,Male,normal,Winter,No
cat,10,Female,ill severe,Summer,No
other,1,Unknown,injured  severe,Fall,No
dog,12,Female,injured  mild,Fall,No
cat,6,Female,injured  severe,Fall,No
bird,8,Unknown,normal,Winter,No
cat,4,Spayed,ill mild,Fall,Yes
cat,6,Spayed,fractious,Summer,No
cat,6,Neutered,fractious,Summer,No
cat,5,Neutered,fractious,Winter,No
cat,10,Female,normal,Winter,No
cat,2,Male,under age/weight,Spring,No
cat,6,Female,under age/weight,Fall,No
cat,9,Male,injured  mild,Summer,No
dog,6,Neutered,normal,Fall,Yes
cat,2,Male,normal,Fall,No
cat,2,Male,normal,Fall,No
cat,11,Neutered,normal,Winter,No
cat,6,Female,under age/weight,Fall,No
cat,7,Spayed,normal,Summer,No
cat,2,Unknown,ill severe,Spring,No
other,2,Unknown,under age/weight,Summer,No
dog,8,Male,normal,Fall,No
other,2,Unknown,under age/weight,Summer,No
dog,4,Male,normal,Fall,No
cat,7,Unknown,under age/weight,Spring,No
dog,2,Male,under age/weight,Winter,No
cat,7,Unknown,under age/weight,Spring,No
cat,8,Neutered,normal,Summer,No
cat,7,Unknown,under age/weight,Spring,No
cat,6,Unknown,injured  severe,Summer,No
cat,2,Spayed,normal,Fall,Yes
cat,7,Unknown,under age/weight,Spring,No
dog,3,Female,normal,Winter,No
dog,8,Male,ill moderatete,Summer,No
cat,0,Female,ill moderatete,Fall,No
cat,3,Male,under age/weight,Summer,No
bird,9,Unknown,injured  mild,Winter,No
cat,3,Spayed,injured  moderate,Winter,No
cat,7,Spayed,fractious,Spring,No
cat,8,Unknown,injured  severe,Summer,No
cat,8,Spayed,fractious,Winter,No
dog,5,Spayed,ill severe,Summer,Yes
cat,1,Neutered,under age/weight,Fall,Yes
cat,1,Male,under age/weight,Fall,Yes
cat,4,Female,under age/weight,Summer,Yes
cat,4,Spayed,normal,Fall,Yes
cat,6,Spayed,normal,Summer,Yes
cat,9,Female,normal,Summer,Yes
dog,4,Neutered,normal,Winter,Yes
wild,5,Unknown,ill severe,Winter,No
cat,10,Neutered,feral,Fall,No
cat,9,Spayed,fractious,Summer,No
dog,15,Neutered,normal,Fall,No
cat,7,Neutered,normal,Fall,Yes
dog,10,Spayed,normal,Winter,No
dog,11,Female,ill severe,Fall,No
cat,7,Male,under age/weight,Spring,No
dog,12,Neutered,normal,Winter,No
dog,5,Neutered,normal,Spring,No
cat,7,Female,normal,Fall,No
dog,8,Male,normal,Spring,No
cat,7,Male,normal,Fall,No
cat,1,Spayed,normal,Spring,No
cat,7,Female,injured  moderate,Fall,Yes
cat,8,Spayed,normal,Summer,No
cat,2,Female,normal,Summer,No
cat,9,Spayed,ill moderatete,Winter,No
cat,2,Female,normal,Summer,No
cat,5,Spayed,normal,Spring,No
cat,5,Neutered,injured  mild,Summer,No
cat,4,Female,normal,Spring,No
other,7,Male,ill severe,Fall,No
cat,5,Female,under age/weight,Fall,No
wild,8,Unknown,ill severe,Spring,No
dog,7,Male,normal,Fall,No
cat,5,Unknown,under age/weight,Spring,No
cat,6,Female,normal,Summer,No
cat,5,Unknown,under age/weight,Spring,No
cat,4,Male,under age/weight,Summer,No
cat,5,Unknown,under age/weight,Spring,No
cat,4,Unknown,injured  severe,Winter,No
cat,6,Female,injured  severe,Fall,No
dog,4,Neutered,normal,Spring,Yes
dog,10,Spayed,Other,Winter,No
cat,2,Unknown,normal,Summer,No
dog,6,Spayed,normal,Spring,No
dog,1,Male,ill severe,Summer,No
dog,14,Female,normal,Winter,No
dog,1,Female,normal,Spring,No
cat,2,Unknown,normal,Summer,No
cat,13,Spayed,normal,Fall,Yes
dog,6,Male,injured  mild,Spring,No
cat,1,Male,injured  severe,Summer,No
dog,15,Spayed,normal,Winter,Yes
cat,2,Male,normal,Winter,No
rabbit,4,Neutered,normal,Fall,No
cat,0,Male,injured  severe,Summer,No
wild,7,Unknown,under age/weight,Summer,No
cat,2,Neutered,under age/weight,Summer,Yes
cat,6,Unknown,under age/weight,Summer,No
cat,2,Male,under age/weight,Spring,Yes
cat,2,Spayed,ill mild,Summer,Yes
cat,2,Spayed,under age/weight,Summer,Yes
cat,6,Female,injured  severe,Spring,No
cat,8,Spayed,ill mild,Spring,Yes
cat,1,Neutered,normal,Spring,Yes
cat,1,Spayed,normal,Spring,Yes
cat,4,Female,under age/weight,Spring,No
cat,4,Spayed,normal,Fall,No
cat,7,Spayed,normal,Summer,No
dog,21,Female,ill mild,Fall,No
cat,6,Female,under age/weight,Summer,No
cat,6,Unknown,normal,Summer,No
cat,0,Female,under age/weight,Summer,No
cat,7,Spayed,normal,Summer,No
cat,11,Spayed,feral,Fall,No
cat,5,Neutered,ill severe,Winter,Yes
cat,14,Female,ill moderatete,Spring,No
wild,6,Unknown,under age/weight,Spring,No
cat,7,Male,injured  severe,Fall,No
cat,3,Male,under age/weight,Fall,No
dog,9,Male,normal,Winter,No
cat,5,Spayed,under age/weight,Summer,Yes
dog,5,Spayed,normal,Spring,No
cat,6,Neutered,ill mild,Winter,Yes
dog,9,Spayed,normal,Fall,Yes
dog,5,Female,normal,Fall,No
cat,5,Neutered,normal,Fall,No
cat,6,Neutered,normal,Summer,No
rabbit,4,Neutered,normal,Winter,No
dog,3,Male,Other,Summer,No
dog,16,Male,injured  severe,Summer,No
cat,7,Male,normal,Spring,No
cat,5,Neutered,normal,Fall,No
cat,7,Male,normal,Spring,No
cat,8,Neutered,behavior  moderate,Summer,No
cat,7,Female,normal,Winter,No
cat,8,Unknown,fractious,Fall,No
cat,2,Male,ill moderatete,Summer,No
cat,4,Male,normal,Spring,No
cat,7,Unknown,under age/weight,Fall,No
cat,2,Neutered,ill moderatete,Summer,No
cat,7,Spayed,normal,Fall,No
cat,7,Unknown,under age/weight,Fall,No
cat,10,Spayed,normal,Summer,No
other,2,Unknown,injured  mild,Spring,No
dog,16,Male,normal,Winter,No
cat,3,Female,under age/weight,Summer,No
dog,2,Spayed,normal,Summer,Yes
cat,6,Male,under age/weight,Summer,No
cat,4,Female,normal,Summer,No
cat,4,Spayed,ill moderatete,Summer,No
cat,6,Male,under age/weight,Summer,No
dog,9,Male,normal,Winter,No
cat,8,Male,injured  severe,Summer,No
cat,5,Male,normal,Winter,No
cat,12,Neutered,feral,Spring,No
cat,7,Spayed,normal,Winter,No
dog,7,Female,normal,Winter,No
other,7,Unknown,injured  severe,Summer,No
dog,3,Neutered,normal,Spring,Yes
rabbit,4,Neutered,ill mild,Winter,No
cat,0,Male,under age/weight,Summer,No
cat,2,Female,ill severe,Winter,No
cat,0,Neutered,under age/weight,Fall,No
dog,4,Neutered,normal,Winter,No
cat,12,Neutered,normal,Fall,No
dog,7,Male,normal,Spring,No
cat,2,Female,under age/weight,Spring,No
cat,1,Spayed,normal,Spring,No
dog,6,Spayed,ill mild,Summer,Yes
cat,2,Neutered,injured  moderate,Spring,No
dog,2,Spayed,normal,Spring,Yes
cat,9,Female,normal,Winter,Yes
dog,6,Female,normal,Spring,No
cat,5,Male,under age/weight,Spring,No
dog,3,Male,normal,Winter,No
cat,5,Unknown,under age/weight,Spring,No
cat,0,Female,under age/weight,Spring,No
cat,7,Neutered,normal,Winter,No
cat,5,Unknown,under age/weight,Spring,No
cat,6,Male,normal,Summer,No
cat,5,Neutered,normal,Winter,No
cat,6,Female,normal,Summer,No
cat,8,Spayed,normal,Winter,Yes
cat,6,Male,normal,Summer,No
cat,7,Unknown,under age/weight,Spring,No
cat,4,Female,ill mild,Summer,No
cat,1,Female,under age/weight,Spring,No
cat,6,Female,ill moderatete,Summer,No
dog,2,Male,normal,Fall,No
cat,2,Female,injured  moderate,Spring,No
cat,5,Spayed,normal,Fall,Yes
cat,4,Female,injured  severe,Fall,No
cat,5,Male,under age/weight,Summer,No
dog,7,Male,normal,Spring,No
dog,7,Female,normal,Spring,No
cat,0,Spayed,under age/weight,Summer,Yes
dog,17,Neutered,normal,Summer,No
bird,10,Unknown,injured  severe,Summer,No
dog,1,Spayed,normal,Fall,No
cat,5,Neutered,normal,Fall,No
cat,5,Neutered,normal,Summer,No
cat,7,Female,under age/weight,Summer,No
cat,14,Neutered,normal,Spring,No
cat,7,Neutered,normal,Spring,Yes
cat,18,Neutered,normal,Fall,Yes
cat,7,Male,under age/weight,Summer,No
cat,17,Neutered,normal,Spring,Yes
cat,0,Female,under age/weight,Fall,No
cat,15,Neutered,normal,Spring,No
bird,3,Unknown,normal,Winter,No
wild,6,Unknown,ill severe,Spring,No
cat,18,Neutered,normal,Spring,Yes
cat,11,Female,ill severe,Fall,No
cat,1,Spayed,ill mild,Spring,Yes
cat,2,Female,ill severe,Fall,No
cat,3,Spayed,under age/weight,Spring,Yes
cat,1,Male,ill moderatete,Fall,No
dog,7,Female,fractious,Fall,No
cat,3,Unknown,ill severe,Fall,No
cat,5,Female,normal,Winter,No
dog,8,Male,normal,Fall,No
dog,3,Female,injured  moderate,Summer,No
cat,6,Spayed,normal,Fall,No
rabbit,1,Spayed,normal,Spring,No
cat,4,Male,under age/weight,Fall,No
cat,4,Female,under age/weight,Fall,No
dog,7,Male,behavior  moderate,Spring,No
dog,11,Neutered,normal,Winter,No
dog,6,Spayed,injured  severe,Winter,No
dog,2,Female,normal,Fall,No
wild,7,Unknown,under age/weight,Summer,No
cat,3,Male,ill mild,Summer,No
cat,6,Neutered,fractious,Summer,No
dog,4,Spayed,i/i report,Spring,No
cat,3,Female,ill mild,Fall,No
cat,5,Male,under age/weight,Summer,No
bird,5,Unknown,under age/weight,Summer,No
bird,0,Unknown,under age/weight,Summer,No
bird,0,Unknown,under age/weight,Summer,No
cat,6,Female,under age/weight,Winter,No
cat,7,Female,normal,Fall,No
cat,2,Unknown,under age/weight,Spring,No
dog,23,Neutered,ill mild,Summer,No
cat,2,Neutered,under age/weight,Spring,Yes
bird,6,Unknown,injured  mild,Summer,No
cat,5,Spayed,normal,Spring,No
bird,2,Unknown,injured  severe,Fall,No
cat,3,Neutered,ill moderatete,Summer,No
cat,11,Female,ill severe,Summer,No
cat,7,Spayed,normal,Summer,No
cat,0,Male,ill moderatete,Fall,No
cat,1,Neutered,under age/weight,Fall,Yes
dog,6,Neutered,normal,Summer,Yes
wild,4,Unknown,injured  severe,Winter,No
other,2,Unknown,ill severe,Winter,No
cat,8,Neutered,injured  mild,Fall,No
dog,5,Spayed,normal,Summer,Yes
cat,10,Female,ill mild,Summer,No
cat,6,Female,normal,Summer,No
cat,7,Female,normal,Summer,No
dog,4,Spayed,normal,Winter,Yes
bird,3,Unknown,under age/weight,Winter,No
cat,1,Female,injured  severe,Fall,No
cat,1,Female,ill mild,Fall,No
cat,7,Male,under age/weight,Summer,No
cat,1,Female,injured  severe,Summer,No
dog,10,Spayed,normal,Summer,No
cat,11,Female,normal,Summer,Yes
cat,17,Neutered,normal,Fall,Yes
cat,5,Female,i/i report,Summer,Yes
other,1,Female,injured  severe,Summer,No
cat,3,Female,i/i report,Summer,Yes
bird,10,Female,normal,Fall,No
bird,10,Female,normal,Fall,No
cat,8,Neutered,normal,Fall,No
dog,11,Female,ill severe,Winter,Yes
dog,1,Spayed,normal,Winter,Yes
dog,10,Female,normal,Summer,No
dog,17,Female,normal,Summer,No
cat,5,Spayed,under age/weight,Fall,Yes
bird,8,Unknown,injured  mild,Fall,No
dog,7,Neutered,normal,Summer,Yes
dog,3,Neutered,injured  mild,Winter,No
dog,16,Female,normal,Spring,No
cat,5,Female,normal,Fall,No
cat,5,Spayed,normal,Fall,No
cat,3,Spayed,injured  moderate,Fall,Yes
cat,5,Unknown,under age/weight,Fall,No
cat,7,Male,under age/weight,Spring,No
cat,5,Neutered,under age/weight,Spring,Yes
cat,8,Male,injured  moderate,Summer,No
other,10,Unknown,normal,Winter,No
cat,1,Unknown,normal,Spring,No
cat,15,Neutered,feral,Spring,No
cat,9,Female,normal,Spring,No
cat,8,Male,normal,Spring,No
cat,7,Unknown,under age/weight,Fall,No
cat,6,Spayed,normal,Spring,No
dog,7,Male,normal,Spring,No
cat,8,Spayed,feral,Spring,No
dog,6,Spayed,normal,Summer,Yes
cat,2,Neutered,under age/weight,Spring,Yes
cat,3,Spayed,under age/weight,Fall,Yes
cat,8,Female,normal,Winter,No
cat,1,Spayed,under age/weight,Fall,Yes
dog,10,Spayed,normal,Spring,No
cat,8,Male,ill moderatete,Winter,No
dog,16,Male,injured  severe,Fall,No
cat,16,Male,feral,Winter,No
cat,1,Female,under age/weight,Fall,Yes
dog,3,Neutered,normal,Spring,No
cat,8,Neutered,injured  mild,Spring,Yes
cat,7,Unknown,normal,Summer,No
other,8,Unknown,under age/weight,Spring,No
dog,16,Neutered,normal,Summer,No
cat,12,Male,injured  severe,Spring,No
cat,0,Neutered,under age/weight,Summer,Yes
cat,7,Male,under age/weight,Fall,No
dog,0,Female,under age/weight,Fall,No
cat,7,Female,under age/weight,Fall,No
cat,10,Neutered,feral,Fall,No
dog,1,Neutered,normal,Winter,Yes
dog,5,Female,normal,Spring,No
cat,7,Neutered,normal,Summer,No
cat,3,Female,injured  severe,Fall,No
cat,1,Male,injured  mild,Fall,No
dog,8,Female,normal,Fall,No
dog,8,Spayed,normal,Summer,Yes
cat,1,Spayed,under age/weight,Spring,No
cat,2,Spayed,normal,Spring,No
cat,1,Male,under age/weight,Spring,No
cat,1,Neutered,normal,Winter,No
cat,1,Spayed,normal,Winter,No
dog,9,Female,normal,Spring,No
dog,3,Spayed,normal,Winter,Yes
cat,6,Male,under age/weight,Spring,No
dog,17,Female,Other,Fall,Yes
cat,5,Female,under age/weight,Summer,No
cat,4,Female,normal,Fall,No
cat,6,Male,normal,Spring,No
cat,4,Male,normal,Fall,No
cat,8,Unknown,under age/weight,Spring,No
cat,3,Neutered,under age/weight,Fall,No
cat,8,Spayed,feral,Fall,No
cat,6,Spayed,normal,Summer,No
cat,6,Spayed,normal,Summer,No
cat,8,Neutered,feral,Fall,No
cat,10,Neutered,normal,Fall,No
cat,7,Spayed,fractious,Summer,No
cat,7,Male,under age/weight,Fall,No
cat,5,Female,under age/weight,Summer,No
dog,11,Male,normal,Winter,No
cat,5,Female,under age/weight,Fall,No
cat,6,Female,under age/weight,Fall,No
cat,8,Spayed,fractious,Winter,No
dog,9,Female,normal,Summer,No
dog,16,Neutered,normal,Winter,No
cat,9,Unknown,normal,Summer,No
dog,11,Neutered,injured  moderate,Summer,Yes
cat,1,Spayed,normal,Spring,Yes
cat,1,Male,under age/weight,Summer,No
cat,7,Unknown,normal,Winter,No
cat,1,Male,under age/weight,Summer,No
dog,9,Female,normal,Summer,No
Other,3,Female,normal,Fall,No
cat,6,Unknown,fractious,Summer,No
cat,6,Unknown,fractious,Summer,No
cat,6,Female,under age/weight,Fall,No
cat,6,Female,under age/weight,Fall,No
cat,6,Unknown,under age/weight,Fall,No
cat,5,Male,normal,Summer,Yes
cat,7,Neutered,fractious,Summer,No
cat,7,Female,under age/weight,Fall,No
dog,6,Female,normal,Fall,No
cat,7,Male,under age/weight,Fall,No
cat,1,Neutered,normal,Summer,Yes
cat,1,Spayed,normal,Summer,Yes
cat,5,Spayed,normal,Summer,Yes
cat,5,Neutered,normal,Fall,No
dog,1,Neutered,normal,Summer,Yes
cat,8,Spayed,feral,Summer,No
cat,5,Female,under age/weight,Fall,No
cat,7,Unknown,under age/weight,Fall,No
cat,5,Neutered,normal,Fall,No
cat,7,Female,under age/weight,Summer,No
cat,1,Female,ill moderatete,Fall,No
cat,2,Female,under age/weight,Summer,No
cat,5,Neutered,ill moderatete,Summer,No
cat,7,Unknown,under age/weight,Spring,No
cat,5,Male,normal,Summer,No
cat,7,Male,ill mild,Fall,No
cat,4,Spayed,fractious,Spring,No
other,3,Male,injured  severe,Spring,No
dog,3,Unknown,injured  severe,Summer,No
dog,6,Neutered,normal,Summer,No
dog,8,Female,normal,Fall,No
dog,6,Female,normal,Fall,No
cat,6,Female,injured  severe,Fall,No
other,6,Unknown,ill severe,Fall,No
cat,5,Unknown,ill severe,Winter,No
cat,7,Spayed,feral,Fall,No
dog,14,Spayed,ill mild,Summer,Yes
dog,12,Male,normal,Spring,No
cat,6,Female,under age/weight,Fall,No
cat,6,Female,under age/weight,Fall,No
dog,7,Spayed,normal,Summer,Yes
dog,6,Male,normal,Winter,No
dog,9,Neutered,normal,Fall,No
cat,1,Male,under age/weight,Fall,No
cat,1,Female,under age/weight,Fall,No
cat,5,Female,under age/weight,Spring,No
Other,8,Unknown,normal,Winter,No
cat,10,Female,normal,Summer,Yes
cat,1,Neutered,normal,Summer,Yes
dog,15,Male,normal,Summer,No
cat,1,Neutered,normal,Summer,Yes
cat,6,Female,under age/weight,Spring,No
dog,14,Spayed,normal,Summer,No
cat,7,Spayed,feral,Summer,No
cat,3,Unknown,under age/weight,Summer,No
cat,2,Female,under age/weight,Spring,No
cat,3,Unknown,under age/weight,Summer,No
rabbit,2,Unknown,injured  severe,Summer,No
dog,3,Male,normal,Summer,No
cat,1,Female,ill mild,Summer,No
dog,10,Neutered,normal,Winter,No
cat,9,Male,ill severe,Summer,No
cat,0,Neutered,i/i report,Fall,Yes
cat,7,Male,under age/weight,Summer,No
rabbit,11,Neutered,normal,Spring,Yes
cat,2,Female,normal,Winter,No
cat,2,Female,normal,Winter,No
cat,1,Female,ill mild,Fall,No
cat,2,Female,normal,Winter,No
cat,6,Neutered,ill severe,Fall,No
cat,6,Neutered,normal,Spring,Yes
cat,5,Female,behavior  mild,Winter,Yes
cat,7,Female,under age/weight,Spring,No
cat,7,Male,under age/weight,Spring,No
dog,14,Male,normal,Fall,Yes
dog,12,Spayed,normal,Winter,No
bird,6,Unknown,injured  mild,Fall,No
dog,9,Male,normal,Fall,No
wild,2,Unknown,under age/weight,Summer,No
dog,3,Female,behavior  mild,Spring,Yes
dog,8,Female,normal,Summer,No
dog,9,Male,normal,Fall,No
dog,9,Neutered,normal,Summer,No
cat,3,Unknown,under age/weight,Summer,No
dog,6,Neutered,normal,Fall,No
Other,2,Male,normal,Summer,No
cat,9,Unknown,fractious,Summer,No
cat,9,Neutered,normal,Spring,Yes
dog,2,Spayed,normal,Fall,Yes
dog,4,Male,behavior  severe,Summer,No
cat,15,Female,ill moderatete,Fall,No
cat,12,Unknown,injured  severe,Summer,No
cat,1,Spayed,under age/weight,Winter,Yes
cat,2,Male,normal,Summer,Yes
wild,4,Unknown,under age/weight,Spring,No
cat,6,Neutered,normal,Spring,Yes
cat,2,Male,under age/weight,Summer,Yes
dog,12,Female,normal,Fall,No
dog,5,Spayed,normal,Winter,Yes
dog,6,Female,normal,Summer,No
dog,4,Neutered,ill mild,Fall,Yes
dog,9,Spayed,Other,Fall,Yes
dog,18,Female,ill severe,Fall,No
cat,2,Male,ill moderatete,Summer,No
dog,9,Female,normal,Summer,No
cat,5,Female,fractious,Fall,No
cat,7,Male,ill mild,Spring,No
cat,1,Female,ill severe,Fall,No
cat,3,Neutered,normal,Spring,No
dog,12,Male,normal,Fall,No
dog,10,Male,injured  severe,Spring,No
cat,5,Male,injured  severe,Summer,No
cat,5,Unknown,under age/weight,Summer,No
cat,7,Unknown,under age/weight,Spring,No
dog,3,Neutered,normal,Spring,Yes
dog,10,Neutered,normal,Winter,Yes
cat,3,Female,under age/weight,Fall,No
cat,13,Male,normal,Winter,No
cat,8,Female,normal,Winter,No
dog,9,Male,injured  severe,Fall,No
cat,11,Neutered,normal,Winter,Yes
wild,7,Unknown,injured  moderate,Summer,No
cat,1,Spayed,under age/weight,Winter,No
cat,15,Neutered,normal,Winter,No
cat,6,Spayed,normal,Summer,No
bird,2,Unknown,injured  severe,Spring,No
dog,2,Male,behavior  severe,Fall,No
dog,13,Female,fractious,Fall,No
cat,3,Neutered,injured  moderate,Spring,Yes
cat,0,Male,under age/weight,Summer,No
cat,0,Female,under age/weight,Summer,No
dog,3,Neutered,normal,Spring,Yes
dog,3,Spayed,normal,Spring,Yes
cat,2,Spayed,normal,Summer,Yes
dog,9,Spayed,normal,Summer,Yes
cat,1,Unknown,under age/weight,Summer,No
dog,17,Spayed,normal,Spring,Yes
cat,1,Unknown,ill severe,Summer,No
cat,18,Female,normal,Winter,Yes
cat,8,Spayed,normal,Winter,No
bird,2,Unknown,under age/weight,Winter,No
cat,4,Female,under age/weight,Fall,No
cat,13,Male,normal,Winter,No
other,2,Unknown,ill severe,Fall,No
dog,11,Neutered,normal,Fall,No
cat,4,Male,injured  severe,Summer,No
cat,5,Neutered,normal,Summer,Yes
dog,11,Male,normal,Spring,No
cat,7,Female,normal,Summer,Yes
bird,8,Unknown,injured  severe,Winter,No
dog,17,Neutered,Other,Spring,No
bird,4,Unknown,injured  severe,Fall,No
cat,3,Spayed,ill moderatete,Summer,Yes
dog,16,Neutered,normal,Winter,No
dog,11,Female,ill moderatete,Fall,No
dog,10,Male,normal,Spring,No
cat,6,Unknown,ill severe,Fall,No
cat,2,Female,under age/weight,Spring,No
cat,7,Unknown,under age/weight,Spring,No
cat,2,Female,under age/weight,Spring,No
cat,2,Male,under age/weight,Spring,No
cat,8,Unknown,feral,Spring,No
cat,6,Male,under age/weight,Fall,No
cat,7,Unknown,under age/weight,Spring,No
dog,1,Neutered,normal,Winter,No
cat,7,Unknown,under age/weight,Spring,No
cat,5,Neutered,ill mild,Summer,Yes
dog,13,Male,behavior  moderate,Winter,No
cat,7,Unknown,under age/weight,Spring,No
cat,13,Male,injured  severe,Fall,No
dog,14,Male,normal,Winter,No
dog,21,Neutered,normal,Winter,No
cat,1,Neutered,under age/weight,Fall,Yes
dog,5,Neutered,normal,Fall,Yes
cat,6,Unknown,under age/weight,Spring,No
bird,5,Unknown,injured  severe,Spring,No
cat,6,Unknown,under age/weight,Spring,No
dog,7,Neutered,normal,Spring,No
dog,4,Spayed,normal,Fall,Yes
cat,3,Female,under age/weight,Fall,Yes
cat,8,Male,normal,Winter,No
cat,9,Female,injured  severe,Summer,No
cat,3,Male,ill severe,Summer,No
cat,1,Spayed,under age/weight,Fall,No
cat,9,Neutered,behavior  mild,Spring,No
cat,8,Male,ill mild,Summer,No
cat,10,Unknown,injured  severe,Winter,No
cat,6,Male,normal,Spring,No
cat,4,Neutered,normal,Spring,Yes
dog,3,Male,injured  severe,Winter,No
dog,9,Female,normal,Spring,No
cat,11,Male,ill moderatete,Winter,No
cat,1,Neutered,under age/weight,Winter,Yes
cat,7,Neutered,normal,Winter,No
dog,8,Male,normal,Spring,No
cat,5,Male,normal,Summer,No
dog,2,Male,injured  severe,Fall,No
cat,9,Female,normal,Spring,No
dog,10,Male,normal,Winter,No
cat,0,Spayed,under age/weight,Summer,Yes
cat,9,Male,injured  moderate,Fall,No
dog,11,Spayed,normal,Winter,Yes
dog,7,Female,normal,Fall,No
dog,7,Male,normal,Fall,No
cat,2,Female,normal,Fall,No
dog,5,Male,normal,Spring,No
cat,6,Male,under age/weight,Summer,No
dog,11,Neutered,fractious,Fall,No
dog,4,Male,normal,Summer,No
dog,13,Neutered,normal,Winter,No
dog,6,Spayed,normal,Fall,Yes
cat,11,Male,injured  severe,Spring,No
other,2,Unknown,under age/weight,Summer,No
cat,4,Female,injured  severe,Fall,No
cat,16,Female,ill severe,Winter,No
dog,6,Female,ill mild,Summer,No
dog,8,Neutered,normal,Summer,Yes
dog,12,Spayed,injured  mild,Spring,No
wild,5,Unknown,under age/weight,Winter,No
cat,1,Spayed,under age/weight,Fall,Yes
dog,18,Female,normal,Spring,No
cat,2,Male,under age/weight,Winter,No
dog,14,Male,injured  severe,Summer,No
cat,2,Male,under age/weight,Winter,No
dog,9,Male,injured  severe,Fall,No
cat,1,Female,injured  moderate,Fall,No
cat,1,Female,normal,Spring,Yes
dog,2,Male,injured  severe,Winter,No
cat,1,Male,normal,Spring,Yes
dog,4,Male,normal,Summer,No
dog,3,Spayed,normal,Winter,No
cat,4,Male,under age/weight,Spring,No
cat,0,Unknown,injured  mild,Fall,No
dog,0,Neutered,injured  mild,Winter,Yes
dog,10,Male,normal,Summer,No
cat,1,Spayed,under age/weight,Spring,Yes
cat,6,Female,ill severe,Fall,No
cat,1,Female,normal,Spring,No
cat,9,Female,normal,Winter,No
bird,7,Unknown,injured  severe,Summer,No
cat,6,Female,under age/weight,Spring,No
cat,6,Male,under age/weight,Spring,No
cat,6,Neutered,normal,Spring,Yes
cat,11,Neutered,normal,Fall,Yes
cat,6,Neutered,normal,Spring,Yes
dog,5,Male,normal,Summer,Yes
cat,5,Spayed,ill moderatete,Fall,Yes
cat,15,Spayed,normal,Spring,Yes
cat,7,Male,under age/weight,Spring,No
dog,9,Spayed,normal,Fall,No
cat,8,Spayed,feral,Fall,No
dog,11,Spayed,normal,Summer,No
cat,8,Spayed,feral,Fall,No
cat,6,Spayed,normal,Spring,Yes
cat,7,Male,normal,Summer,Yes
cat,6,Spayed,normal,Summer,No
cat,7,Unknown,under age/weight,Fall,No
cat,6,Unknown,under age/weight,Summer,No
dog,5,Female,normal,Fall,No
dog,12,Neutered,normal,Summer,No
dog,8,Male,normal,Winter,No
dog,7,Female,normal,Spring,No
dog,10,Neutered,normal,Fall,No
dog,12,Neutered,normal,Winter,No
cat,12,Spayed,normal,Fall,No
cat,8,Female,normal,Summer,No
cat,7,Unknown,under age/weight,Summer,No
cat,7,Spayed,feral,Summer,No
cat,7,Female,under age/weight,Fall,No
cat,7,Female,normal,Fall,No
cat,7,Female,normal,Fall,No
dog,4,Neutered,normal,Fall,Yes
dog,13,Female,under age/weight,Winter,No
cat,7,Male,under age/weight,Summer,No
cat,9,Spayed,normal,Spring,No
cat,7,Male,under age/weight,Summer,No
cat,9,Female,normal,Spring,No
cat,8,Male,normal,Spring,No
dog,8,Female,normal,Spring,No
cat,8,Male,normal,Spring,No
dog,10,Male,normal,Winter,No
cat,7,Female,ill severe,Winter,No
dog,15,Female,normal,Fall,Yes
cat,5,Male,under age/weight,Fall,No
cat,12,Neutered,feral,Winter,No
cat,10,Spayed,injured  mild,Fall,No
cat,5,Neutered,normal,Spring,Yes
dog,15,Female,normal,Summer,No
cat,1,Neutered,ill moderatete,Fall,No
cat,12,Male,ill severe,Winter,No
dog,4,Neutered,normal,Spring,Yes
cat,13,Female,injured  mild,Spring,No
cat,4,Neutered,ill severe,Fall,Yes
cat,10,Male,normal,Spring,Yes
cat,1,Female,normal,Summer,Yes
dog,4,Neutered,normal,Summer,Yes
dog,7,Female,normal,Fall,No
cat,1,Male,under age/weight,Fall,No
cat,4,Neutered,under age/weight,Summer,Yes
wild,7,Unknown,under age/weight,Summer,No
cat,2,Spayed,under age/weight,Summer,Yes
dog,10,Female,injured  mild,Winter,No
dog,1,Spayed,normal,Spring,Yes
dog,4,Neutered,normal,Summer,No
dog,9,Female,normal,Winter,No
cat,5,Neutered,normal,Spring,Yes
dog,5,Female,injured  mild,Fall,No
cat,7,Male,ill mild,Fall,Yes
dog,5,Female,ill severe,Summer,No
dog,14,Neutered,ill severe,Spring,No
cat,10,Neutered,fractious,Summer,No
cat,5,Unknown,under age/weight,Summer,No
cat,3,Male,under age/weight,Fall,No
cat,7,Spayed,normal,Summer,Yes
cat,3,Neutered,under age/weight,Fall,Yes
cat,7,Female,normal,Summer,Yes
cat,7,Male,under age/weight,Spring,No
cat,4,Neutered,normal,Fall,No
cat,5,Neutered,ill severe,Spring,No
dog,10,Male,normal,Fall,No
dog,8,Neutered,normal,Summer,No
cat,5,Spayed,normal,Fall,No
cat,1,Unknown,under age/weight,Summer,No
cat,1,Unknown,under age/weight,Summer,No
wild,6,Unknown,under age/weight,Spring,No
dog,10,Male,normal,Fall,No
bird,2,Unknown,injured  severe,Fall,No
cat,13,Male,normal,Spring,No
cat,3,Spayed,normal,Summer,No
cat,6,Female,ill severe,Fall,No
dog,3,Neutered,injured  severe,Summer,No
dog,1,Male,ill moderatete,Spring,No
cat,1,Unknown,ill severe,Summer,No
dog,3,Male,normal,Fall,Yes
cat,6,Neutered,normal,Winter,No
cat,8,Neutered,fractious,Summer,No
cat,6,Male,normal,Summer,No
cat,6,Spayed,normal,Summer,No
cat,6,Spayed,normal,Summer,Yes
cat,4,Male,normal,Spring,No
cat,2,Female,normal,Winter,No
cat,2,Male,normal,Winter,Yes
cat,7,Female,normal,Spring,No
cat,2,Neutered,normal,Winter,Yes
cat,7,Unknown,under age/weight,Fall,No
dog,20,Female,ill moderatete,Spring,No
cat,7,Unknown,under age/weight,Fall,No
dog,14,Male,normal,Winter,No
dog,5,Neutered,normal,Fall,No
cat,7,Unknown,under age/weight,Fall,No
cat,9,Neutered,fractious,Summer,No
cat,6,Unknown,normal,Summer,No
cat,12,Male,ill severe,Spring,No
cat,5,Female,under age/weight,Summer,No
cat,4,Female,under age/weight,Fall,No
cat,4,Male,under age/weight,Fall,No
dog,9,Spayed,normal,Fall,No
dog,8,Male,normal,Summer,No
dog,3,Female,normal,Summer,No
cat,10,Male,normal,Summer,No
bird,1,Unknown,injured  severe,Spring,No
dog,6,Male,normal,Fall,No
cat,5,Male,fractious,Winter,No
cat,5,Male,under age/weight,Winter,No
cat,7,Spayed,normal,Winter,No
dog,1,Female,normal,Summer,No
dog,4,Spayed,normal,Winter,Yes
cat,5,Female,under age/weight,Summer,No
cat,5,Female,under age/weight,Summer,No
cat,0,Neutered,under age/weight,Fall,Yes
dog,1,Spayed,normal,Fall,Yes
cat,0,Neutered,under age/weight,Fall,Yes
dog,7,Neutered,normal,Summer,Yes
wild,1,Unknown,injured  severe,Spring,No
dog,9,Neutered,injured  mild,Fall,Yes
cat,11,Spayed,feral,Summer,No
dog,5,Female,normal,Fall,Yes
cat,12,Neutered,normal,Summer,No
cat,10,Neutered,feral,Summer,No
cat,6,Female,under age/weight,Spring,No
cat,5,Spayed,normal,Summer,No
cat,6,Male,normal,Fall,No
dog,14,Female,normal,Winter,No
cat,9,Neutered,normal,Spring,No
cat,2,Neutered,injured  mild,Summer,No
cat,10,Neutered,normal,Spring,No
cat,7,Unknown,under age/weight,Summer,No
dog,8,Male,normal,Spring,No
dog,8,Male,normal,Spring,No
cat,2,Unknown,ill severe,Fall,No
cat,6,Unknown,under age/weight,Fall,No
cat,1,Male,ill severe,Fall,No
cat,5,Female,under age/weight,Summer,No
dog,2,Neutered,normal,Spring,No
cat,5,Female,under age/weight,Summer,No
cat,5,Male,under age/weight,Summer,No
dog,5,Female,normal,Summer,No
cat,2,Spayed,ill mild,Fall,Yes
cat,5,Female,normal,Summer,No
cat,8,Unknown,ill severe,Fall,No
Other,6,Unknown,normal,Summer,No
dog,2,Female,normal,Summer,Yes
cat,5,Unknown,under age/weight,Spring,No
dog,7,Male,behavior  moderate,Winter,No
cat,0,Female,under age/weight,Spring,No
dog,8,Male,normal,Winter,No
cat,3,Neutered,ill mild,Summer,Yes
dog,6,Neutered,fractious,Summer,Yes
dog,21,Spayed,normal,Winter,No
cat,6,Female,injured  moderate,Fall,No
cat,3,Neutered,normal,Summer,Yes
cat,7,Unknown,under age/weight,Spring,No
cat,0,Neutered,ill mild,Fall,Yes
cat,1,Female,under age/weight,Spring,No
cat,2,Spayed,injured  mild,Spring,No
cat,6,Female,normal,Summer,No
cat,6,Female,under age/weight,Summer,No
dog,9,Spayed,ill mild,Fall,Yes
cat,2,Male,ill mild,Fall,No
dog,13,Neutered,ill mild,Fall,No
dog,13,Neutered,i/i report,Winter,No
cat,8,Neutered,normal,Summer,Yes
dog,6,Female,injured  severe,Winter,No
cat,2,Spayed,under age/weight,Spring,Yes
dog,11,Neutered,Other,Spring,No
cat,2,Spayed,under age/weight,Spring,Yes
dog,10,Neutered,normal,Winter,No
dog,12,Male,ill moderatete,Spring,Yes
dog,5,Spayed,normal,Winter,No
cat,3,Male,under age/weight,Spring,No
cat,1,Neutered,under age/weight,Summer,No
cat,1,Unknown,under age/weight,Summer,No
dog,7,Male,normal,Spring,No
dog,7,Female,normal,Spring,No
cat,2,Spayed,ill mild,Summer,Yes
dog,7,Male,normal,Spring,No
dog,15,Spayed,normal,Fall,No
dog,7,Female,normal,Spring,No
dog,3,Neutered,normal,Summer,Yes
wild,7,Unknown,ill severe,Fall,No
cat,4,Male,under age/weight,Summer,No
cat,3,Female,normal,Winter,No
cat,8,Unknown,injured  severe,Winter,No
dog,2,Neutered,normal,Fall,No
wild,1,Unknown,under age/weight,Summer,No
cat,13,Spayed,normal,Summer,Yes
other,1,Unknown,under age/weight,Summer,No
cat,17,Spayed,normal,Spring,No
cat,8,Male,ill moderatete,Spring,No
dog,5,Female,normal,Fall,No
cat,2,Spayed,ill moderatete,Winter,No
cat,5,Male,ill mild,Fall,No
dog,8,Male,normal,Summer,No
cat,3,Spayed,ill severe,Winter,Yes
cat,7,Unknown,under age/weight,Spring,No
cat,2,Male,injured  moderate,Winter,No
cat,7,Female,under age/weight,Spring,No
cat,7,Female,under age/weight,Spring,No
cat,7,Unknown,under age/weight,Fall,No
dog,14,Male,ill mild,Summer,No
cat,4,Unknown,ill severe,Fall,No
cat,6,Female,normal,Winter,No
dog,6,Female,behavior  severe,Spring,No
cat,2,Neutered,under age/weight,Summer,Yes
dog,8,Male,normal,Winter,No
cat,2,Female,under age/weight,Summer,No
bird,0,Unknown,under age/weight,Summer,No
cat,1,Unknown,ill severe,Fall,No
cat,2,Neutered,under age/weight,Summer,Yes
dog,3,Female,normal,Winter,No
cat,2,Spayed,under age/weight,Summer,Yes
bird,2,Unknown,under age/weight,Summer,No
cat,6,Unknown,under age/weight,Spring,No
wild,7,Unknown,under age/weight,Spring,No
wild,7,Unknown,under age/weight,Spring,No
cat,1,Neutered,injured  moderate,Summer,No
dog,0,Spayed,normal,Winter,Yes
dog,2,Neutered,normal,Summer,No
dog,8,Neutered,normal,Summer,No
dog,1,Spayed,normal,Summer,Yes
dog,2,Spayed,normal,Winter,No
rabbit,7,Male,normal,Fall,Yes
dog,7,Neutered,normal,Winter,Yes
cat,4,Unknown,under age/weight,Spring,No
cat,1,Male,normal,Summer,No
dog,3,Male,normal,Fall,No
dog,2,Female,normal,Spring,No
cat,4,Male,under age/weight,Spring,No
cat,7,Male,under age/weight,Summer,No
rabbit,5,Spayed,normal,Fall,No
cat,5,Neutered,normal,Summer,No
cat,6,Male,under age/weight,Spring,No
dog,8,Female,injured  mild,Summer,No
cat,9,Neutered,feral,Fall,No
bird,10,Female,normal,Fall,No
cat,5,Female,normal,Fall,No
other,8,Unknown,injured  severe,Summer,No
cat,5,Spayed,normal,Winter,Yes
dog,2,Spayed,normal,Fall,Yes
cat,11,Spayed,normal,Winter,No
cat,11,Spayed,fractious,Spring,No
cat,18,Neutered,normal,Winter,No
cat,4,Neutered,injured  severe,Winter,No
cat,1,Male,normal,Spring,No
dog,14,Male,ill severe,Summer,No
cat,1,Unknown,normal,Spring,No
cat,2,Spayed,under age/weight,Summer,Yes
cat,1,Unknown,normal,Spring,No
cat,2,Spayed,normal,Spring,No
dog,4,Neutered,ill mild,Spring,No
cat,7,Unknown,normal,Summer,No
dog,12,Neutered,injured  severe,Summer,No
cat,7,Unknown,normal,Summer,No
cat,8,Male,normal,Spring,No
cat,3,Neutered,normal,Spring,Yes
cat,12,Male,ill severe,Summer,No
cat,14,Spayed,normal,Summer,Yes
cat,0,Spayed,under age/weight,Fall,Yes
dog,19,Neutered,normal,Summer,No
cat,0,Male,under age/weight,Spring,No
cat,10,Spayed,normal,Winter,No
dog,2,Male,normal,Summer,Yes
dog,5,Spayed,normal,Fall,Yes
cat,0,Spayed,under age/weight,Winter,Yes
cat,7,Unknown,under age/weight,Spring,No
cat,0,Spayed,under age/weight,Summer,Yes
cat,0,Spayed,under age/weight,Winter,Yes
cat,0,Male,ill severe,Fall,No
cat,0,Male,under age/weight,Fall,No
dog,12,Female,ill mild,Winter,No
dog,4,Neutered,normal,Spring,No
rabbit,7,Spayed,normal,Winter,Yes
cat,1,Neutered,under age/weight,Fall,Yes
cat,0,Neutered,normal,Fall,Yes
dog,6,Female,normal,Summer,No
cat,0,Neutered,under age/weight,Summer,Yes
cat,0,Female,ill mild,Summer,No
cat,1,Spayed,normal,Winter,No
cat,0,Female,ill mild,Summer,No
cat,1,Neutered,normal,Winter,No
dog,2,Spayed,injured  mild,Fall,Yes
cat,2,Spayed,normal,Summer,No
dog,8,Female,injured  moderate,Spring,No
cat,9,Male,ill moderatete,Summer,No
rabbit,2,Neutered,normal,Spring,No
rabbit,3,Neutered,normal,Spring,No
cat,7,Spayed,normal,Fall,No
rabbit,2,Spayed,normal,Summer,Yes
cat,5,Female,under age/weight,Spring,No
cat,5,Male,under age/weight,Spring,No
rabbit,2,Spayed,normal,Winter,Yes
cat,5,Female,under age/weight,Summer,No
cat,8,Female,normal,Fall,Yes
rabbit,1,Spayed,normal,Fall,No
dog,10,Spayed,behavior  severe,Summer,No
wild,6,Unknown,under age/weight,Spring,No
dog,13,Spayed,normal,Spring,No
dog,11,Neutered,normal,Summer,Yes
cat,5,Female,under age/weight,Fall,No
cat,5,Neutered,under age/weight,Fall,Yes
cat,11,Spayed,normal,Winter,Yes
cat,5,Female,normal,Fall,No
cat,8,Spayed,feral,Spring,No
cat,5,Female,normal,Fall,No
cat,9,Neutered,feral,Spring,No
cat,5,Male,normal,Fall,Yes
cat,5,Neutered,normal,Winter,Yes
cat,12,Neutered,normal,Spring,Yes
cat,10,Spayed,normal,Spring,No
cat,7,Neutered,normal,Summer,Yes
cat,7,Female,normal,Summer,No
cat,6,Spayed,normal,Summer,Yes
dog,14,Neutered,normal,Winter,No
cat,3,Female,ill mild,Fall,No
cat,15,Female,ill moderatete,Fall,No
cat,7,Unknown,normal,Winter,No
cat,5,Male,under age/weight,Summer,No
Other,3,Female,normal,Fall,No
cat,10,Female,normal,Winter,No
cat,6,Male,under age/weight,Fall,No
cat,5,Neutered,normal,Summer,Yes
cat,8,Male,normal,Winter,No
cat,7,Spayed,fractious,Fall,No
cat,5,Male,under age/weight,Fall,No
cat,1,Spayed,normal,Spring,No
cat,0,Spayed,ill mild,Summer,Yes
cat,11,Neutered,feral,Spring,No
cat,0,Spayed,ill mild,Summer,Yes
cat,2,Neutered,injured  moderate,Fall,No
dog,6,Female,ill severe,Fall,No
cat,5,Female,normal,Fall,No
cat,1,Male,normal,Summer,No
cat,7,Unknown,under age/weight,Spring,No
dog,6,Male,normal,Winter,No
cat,16,Neutered,feral,Winter,No
cat,10,Male,ill severe,Winter,No
bird,6,Unknown,injured  mild,Summer,No
cat,10,Male,feral,Summer,No
cat,4,Spayed,normal,Summer,No
cat,6,Male,under age/weight,Summer,No
cat,6,Female,under age/weight,Summer,No
bird,8,Unknown,injured  severe,Spring,No
dog,10,Male,normal,Fall,No
dog,13,Female,normal,Winter,No
cat,7,Male,normal,Summer,No
cat,11,Neutered,feral,Winter,No
cat,9,Neutered,normal,Summer,No
cat,4,Neutered,normal,Fall,Yes
cat,7,Female,normal,Summer,No
cat,7,Unknown,under age/weight,Summer,No
cat,7,Unknown,under age/weight,Summer,No
wild,5,Unknown,under age/weight,Summer,No
cat,7,Female,normal,Summer,No
cat,5,Male,normal,Fall,No
dog,10,Male,normal,Fall,No
cat,1,Neutered,ill moderatete,Summer,Yes
cat,0,Male,under age/weight,Spring,No
cat,4,Male,under age/weight,Fall,No
cat,3,Spayed,under age/weight,Fall,Yes
dog,8,Male,normal,Spring,No
cat,12,Spayed,normal,Winter,No
cat,8,Female,normal,Winter,No
cat,8,Male,normal,Spring,No
cat,8,Female,normal,Spring,Yes
cat,3,Unknown,under age/weight,Summer,No
cat,8,Male,normal,Spring,No
cat,7,Female,injured  severe,Fall,No
cat,7,Male,normal,Fall,No
cat,9,Female,normal,Fall,No
other,3,Female,injured  severe,Fall,No
cat,1,Female,i/i report,Fall,No
cat,2,Male,normal,Winter,No
bird,7,Unknown,ill severe,Fall,No
dog,12,Male,normal,Fall,No
dog,14,Neutered,normal,Winter,No
cat,0,Neutered,under age/weight,Summer,Yes
cat,0,Spayed,under age/weight,Summer,Yes
cat,0,Neutered,under age/weight,Summer,Yes
cat,0,Spayed,under age/weight,Summer,Yes
cat,13,Neutered,feral,Spring,No
dog,7,Male,normal,Summer,No
cat,7,Female,normal,Fall,No
cat,1,Female,under age/weight,Fall,No
cat,1,Male,under age/weight,Fall,No
cat,1,Unknown,under age/weight,Summer,No
cat,1,Male,under age/weight,Fall,No
dog,18,Neutered,normal,Summer,No
cat,1,Male,under age/weight,Fall,No
cat,9,Female,ill severe,Spring,No
other,8,Unknown,normal,Spring,No
cat,8,Spayed,normal,Fall,No
bird,3,Unknown,injured  severe,Summer,No
dog,7,Neutered,behavior  severe,Summer,No
cat,8,Spayed,normal,Fall,No
cat,3,Spayed,normal,Spring,No
dog,5,Spayed,normal,Winter,Yes
dog,12,Spayed,normal,Winter,No
bird,2,Unknown,injured  severe,Winter,No
dog,6,Spayed,behavior  moderate,Fall,Yes
dog,5,Neutered,normal,Fall,Yes
dog,7,Male,normal,Summer,No
cat,0,Male,under age/weight,Summer,No
cat,9,Spayed,feral,Fall,No
cat,7,Male,injured  mild,Spring,No
dog,9,Male,normal,Fall,No
cat,4,Male,normal,Spring,No
cat,9,Male,injured  severe,Spring,No
cat,2,Male,ill severe,Fall,No
dog,4,Male,normal,Winter,No
dog,14,Spayed,normal,Spring,No
cat,3,Neutered,under age/weight,Winter,No
dog,5,Neutered,normal,Summer,Yes
cat,3,Female,under age/weight,Winter,No
dog,7,Female,normal,Spring,No
cat,3,Female,under age/weight,Winter,No
cat,1,Male,under age/weight,Winter,No
cat,2,Female,normal,Fall,No
cat,1,Neutered,under age/weight,Fall,No
cat,2,Neutered,ill moderatete,Spring,No
cat,13,Male,ill mild,Summer,No
wild,4,Unknown,under age/weight,Spring,No
cat,7,Female,normal,Summer,No
dog,1,Neutered,normal,Summer,Yes
cat,0,Male,under age/weight,Summer,No
dog,7,Neutered,normal,Spring,Yes
cat,8,Spayed,normal,Fall,No
dog,3,Male,i/i report,Fall,No
cat,2,Female,injured  severe,Summer,No
dog,12,Female,normal,Winter,No
dog,7,Male,normal,Winter,No
cat,1,Unknown,ill mild,Fall,No
other,5,Unknown,injured  moderate,Fall,No
cat,2,Male,under age/weight,Summer,Yes
cat,3,Neutered,normal,Spring,No
cat,7,Male,under age/weight,Summer,No
dog,16,Male,Other,Fall,No
dog,13,Spayed,normal,Winter,No
dog,21,Female,normal,Winter,No
dog,10,Female,normal,Winter,No
dog,5,Spayed,normal,Summer,Yes
wild,7,Unknown,injured  moderate,Summer,No
dog,3,Neutered,normal,Spring,No
wild,10,Female,injured  moderate,Summer,No
bird,7,Unknown,ill moderatete,Summer,No
dog,12,Female,normal,Fall,No
dog,8,Neutered,normal,Winter,No
cat,2,Male,under age/weight,Spring,Yes
cat,2,Neutered,under age/weight,Summer,Yes
dog,7,Male,normal,Winter,No
dog,10,Male,normal,Winter,No
cat,3,Spayed,under age/weight,Summer,Yes
dog,11,Female,normal,Spring,No
dog,9,Neutered,normal,Fall,No
dog,17,Neutered,normal,Fall,No
cat,0,Neutered,i/i report,Summer,Yes
cat,4,Spayed,fractious,Winter,Yes
cat,7,Unknown,under age/weight,Spring,No
dog,10,Male,normal,Spring,No
dog,9,Female,normal,Winter,No
cat,5,Male,normal,Fall,No
dog,10,Male,normal,Winter,No
dog,15,Spayed,ill mild,Summer,No
cat,3,Spayed,normal,Fall,Yes
dog,10,Spayed,normal,Summer,No
cat,6,Spayed,normal,Winter,Yes
cat,7,Male,under age/weight,Fall,No
dog,4,Male,ill moderatete,Fall,No
dog,9,Male,normal,Summer,No
cat,9,Male,injured  severe,Summer,No
cat,2,Spayed,normal,Spring,Yes
cat,1,Female,ill moderatete,Fall,Yes
cat,1,Male,under age/weight,Summer,No
cat,0,Female,under age/weight,Summer,No
cat,3,Male,ill severe,Fall,No
cat,2,Female,under age/weight,Spring,No
cat,6,Unknown,under age/weight,Fall,No
cat,5,Spayed,normal,Winter,Yes
cat,6,Unknown,under age/weight,Fall,No
dog,8,Neutered,normal,Winter,Yes
cat,6,Neutered,normal,Spring,Yes
cat,10,Spayed,normal,Fall,No
cat,2,Male,under age/weight,Spring,Yes
cat,2,Male,under age/weight,Spring,Yes
cat,8,Male,normal,Summer,No
dog,3,Spayed,normal,Summer,Yes
cat,8,Neutered,normal,Fall,Yes
other,1,Unknown,injured  severe,Winter,No
cat,0,Neutered,under age/weight,Fall,Yes
cat,6,Unknown,under age/weight,Spring,No
cat,2,Female,injured  severe,Spring,No
cat,7,Neutered,ill mild,Spring,Yes
dog,18,Spayed,behavior  moderate,Winter,No
cat,1,Unknown,ill moderatete,Summer,No
cat,8,Male,normal,Winter,No
cat,2,Unknown,under age/weight,Summer,No
cat,6,Male,ill severe,Fall,No
cat,2,Unknown,under age/weight,Summer,No
cat,8,Spayed,normal,Spring,No
cat,3,Male,injured  severe,Summer,No
Other,7,Male,normal,Winter,No
cat,12,Neutered,normal,Spring,No
dog,4,Male,ill moderatete,Fall,No
cat,5,Spayed,fractious,Winter,No
cat,0,Neutered,under age/weight,Winter,Yes
dog,6,Male,normal,Winter,No
cat,1,Neutered,under age/weight,Fall,No
cat,5,Neutered,normal,Winter,Yes
cat,6,Neutered,normal,Spring,Yes
cat,4,Neutered,normal,Spring,Yes
cat,4,Spayed,normal,Spring,No
cat,5,Neutered,normal,Winter,Yes
cat,6,Neutered,normal,Fall,No
dog,15,Neutered,normal,Summer,No
dog,10,Spayed,injured  severe,Winter,No
cat,9,Male,injured  severe,Summer,No
cat,0,Neutered,under age/weight,Fall,Yes
cat,0,Spayed,under age/weight,Summer,Yes
dog,11,Neutered,normal,Winter,No
cat,0,Spayed,under age/weight,Summer,Yes
cat,10,Spayed,injured  moderate,Fall,No
cat,7,Male,normal,Summer,No
cat,4,Female,under age/weight,Summer,Yes
rabbit,4,Spayed,normal,Spring,Yes
cat,4,Male,under age/weight,Summer,No
dog,5,Female,normal,Summer,No
dog,1,Spayed,normal,Fall,Yes
cat,4,Neutered,normal,Winter,Yes
wild,2,Unknown,ill moderatete,Fall,No
wild,7,Unknown,under age/weight,Spring,No
cat,9,Neutered,normal,Summer,No
cat,6,Female,normal,Fall,No
cat,1,Male,normal,Winter,No
cat,7,Unknown,injured  severe,Fall,No
cat,4,Female,i/i report,Spring,Yes
cat,6,Female,under age/weight,Spring,No
cat,6,Male,ill severe,Fall,No
cat,5,Unknown,ill moderatete,Winter,No
dog,11,Female,ill mild,Winter,No
cat,2,Male,under age/weight,Winter,No
cat,6,Male,normal,Spring,No
dog,8,Female,normal,Spring,No
dog,9,Female,injured  moderate,Summer,No
cat,5,Female,injured  severe,Spring,No
cat,3,Neutered,normal,Summer,Yes
cat,4,Female,under age/weight,Spring,No
dog,2,Spayed,normal,Fall,Yes
cat,2,Neutered,normal,Winter,Yes
dog,1,Spayed,normal,Fall,Yes
cat,3,Neutered,normal,Summer,Yes
dog,3,Neutered,normal,Fall,Yes
dog,5,Male,normal,Fall,Yes
cat,6,Male,under age/weight,Fall,No
cat,6,Male,under age/weight,Fall,No
cat,6,Female,under age/weight,Fall,No
cat,1,Female,normal,Spring,No
cat,1,Female,injured  severe,Fall,No
cat,1,Neutered,normal,Spring,No
cat,12,Spayed,normal,Spring,Yes
dog,10,Female,normal,Winter,No
dog,4,Male,normal,Winter,Yes
cat,2,Neutered,injured  severe,Fall,No
dog,5,Male,normal,Winter,No
cat,1,Neutered,normal,Winter,Yes
cat,1,Spayed,ill moderatete,Fall,Yes
dog,12,Male,normal,Fall,No
dog,8,Male,normal,Fall,Yes
cat,1,Male,injured  severe,Fall,No
cat,1,Unknown,under age/weight,Fall,No
cat,6,Neutered,under age/weight,Fall,Yes
dog,6,Male,normal,Fall,No
cat,0,Neutered,under age/weight,Summer,Yes
dog,6,Male,normal,Fall,No
cat,0,Neutered,under age/weight,Summer,No
cat,1,Neutered,ill moderatete,Fall,Yes
cat,0,Spayed,under age/weight,Summer,No
cat,3,Spayed,ill mild,Fall,Yes
dog,9,Male,ill moderatete,Summer,No
cat,7,Male,under age/weight,Summer,No
cat,5,Spayed,normal,Fall,No
cat,6,Female,under age/weight,Spring,No
cat,3,Female,normal,Fall,Yes
dog,12,Female,normal,Summer,No
cat,7,Male,injured  severe,Winter,No
dog,13,Spayed,normal,Winter,No
dog,2,Male,normal,Spring,No
cat,5,Male,under age/weight,Summer,No
dog,4,Neutered,normal,Fall,No
cat,7,Unknown,under age/weight,Fall,No
dog,9,Neutered,ill moderatete,Summer,Yes
dog,1,Neutered,normal,Fall,Yes
cat,0,Neutered,normal,Fall,Yes
cat,0,Male,normal,Fall,No
cat,5,Spayed,normal,Fall,No
cat,6,Male,under age/weight,Spring,No
bird,7,Unknown,injured  moderate,Spring,No
cat,4,Male,ill severe,Summer,No
dog,5,Female,normal,Summer,No
cat,5,Female,under age/weight,Summer,Yes
other,6,Unknown,normal,Fall,No
cat,5,Female,under age/weight,Summer,No
cat,7,Female,under age/weight,Summer,No
cat,3,Spayed,ill mild,Winter,Yes
cat,7,Male,under age/weight,Summer,No
cat,5,Female,under age/weight,Summer,No
cat,3,Male,ill mild,Fall,No
cat,8,Male,normal,Spring,No
cat,5,Female,under age/weight,Summer,No
cat,8,Female,normal,Spring,No
cat,8,Male,normal,Spring,No
wild,1,Unknown,injured  severe,Spring,No
cat,8,Female,normal,Spring,No
cat,2,Male,under age/weight,Summer,Yes
dog,9,Female,normal,Winter,No
dog,4,Female,normal,Winter,No
dog,1,Female,normal,Summer,No
cat,8,Neutered,fractious,Summer,No
cat,7,Male,normal,Winter,No
dog,5,Female,ill mild,Spring,No
cat,7,Female,normal,Winter,No
cat,8,Unknown,fractious,Winter,No
dog,7,Male,normal,Winter,No
cat,1,Male,normal,Summer,Yes
dog,1,Female,injured  moderate,Spring,No
cat,0,Neutered,injured  moderate,Summer,Yes
cat,1,Spayed,normal,Summer,Yes
other,2,Female,i/i report,Spring,No
dog,7,Male,under age/weight,Summer,No
dog,14,Spayed,injured  moderate,Fall,No
cat,4,Spayed,under age/weight,Summer,Yes
dog,3,Male,normal,Summer,No
cat,4,Neutered,normal,Summer,Yes
cat,3,Female,ill severe,Spring,No
dog,7,Neutered,i/i report,Winter,Yes
cat,7,Spayed,normal,Spring,Yes
dog,19,Male,normal,Summer,No
dog,16,Female,normal,Spring,No
cat,5,Unknown,under age/weight,Summer,No
dog,3,Spayed,normal,Summer,Yes
dog,5,Male,normal,Spring,No
dog,8,Neutered,normal,Spring,Yes
dog,6,Male,normal,Summer,No
cat,7,Female,under age/weight,Spring,No
cat,7,Female,under age/weight,Summer,No
cat,5,Male,injured  severe,Summer,No
dog,15,Spayed,normal,Spring,No
cat,7,Male,under age/weight,Summer,No
cat,18,Female,normal,Summer,No
dog,8,Neutered,normal,Spring,No
cat,2,Female,under age/weight,Summer,No
dog,11,Female,normal,Spring,No
dog,6,Female,normal,Winter,No
cat,7,Female,under age/weight,Spring,No
dog,4,Spayed,normal,Summer,No
dog,2,Male,normal,Summer,No
dog,2,Male,normal,Summer,No
dog,12,Female,ill severe,Summer,No
cat,5,Male,normal,Summer,No
cat,0,Female,under age/weight,Spring,No
cat,6,Female,normal,Summer,No
cat,1,Spayed,under age/weight,Fall,Yes
cat,5,Spayed,normal,Summer,No
cat,6,Male,under age/weight,Winter,No
dog,7,Male,normal,Fall,No
cat,1,Male,under age/weight,Spring,No
cat,1,Unknown,under age/weight,Summer,No
dog,12,Spayed,normal,Spring,No
dog,24,Male,normal,Winter,Yes
dog,9,Male,normal,Spring,No
dog,8,Female,normal,Spring,No
dog,6,Neutered,normal,Spring,Yes
cat,8,Female,normal,Winter,No
cat,6,Unknown,injured  severe,Fall,No
dog,11,Female,normal,Winter,Yes
dog,17,Spayed,normal,Spring,No
dog,5,Female,ill mild,Fall,No
cat,5,Unknown,under age/weight,Summer,No
cat,3,Spayed,under age/weight,Spring,Yes
cat,5,Spayed,under age/weight,Winter,Yes
cat,3,Spayed,normal,Winter,Yes
dog,10,Male,normal,Winter,Yes
cat,7,Neutered,ill severe,Spring,Yes
dog,2,Male,normal,Winter,No
dog,16,Neutered,normal,Winter,No
bird,1,Unknown,injured  mild,Summer,No
dog,7,Male,normal,Summer,No
wild,2,Male,injured  mild,Winter,No
cat,7,Spayed,fractious,Summer,No
cat,7,Unknown,injured  severe,Fall,No
cat,8,Spayed,normal,Fall,Yes
dog,12,Neutered,ill mild,Summer,Yes
dog,8,Spayed,normal,Spring,No
cat,9,Neutered,fractious,Fall,No
wild,5,Unknown,normal,Spring,No
cat,8,Spayed,fractious,Spring,No
cat,6,Unknown,ill mild,Summer,No
wild,5,Unknown,normal,Spring,No
cat,6,Male,normal,Fall,Yes
cat,8,Neutered,fractious,Fall,No
cat,4,Male,normal,Fall,No
cat,5,Spayed,normal,Winter,Yes
cat,5,Male,under age/weight,Summer,No
dog,9,Neutered,normal,Winter,No
dog,12,Male,normal,Fall,No
cat,7,Female,under age/weight,Fall,No
cat,7,Female,under age/weight,Fall,No
cat,7,Female,under age/weight,Fall,No
cat,5,Male,normal,Summer,No
cat,6,Male,fractious,Fall,No
dog,9,Neutered,normal,Winter,Yes
dog,2,Spayed,normal,Winter,Yes
dog,10,Spayed,normal,Fall,No
dog,5,Neutered,normal,Winter,Yes
dog,5,Male,normal,Summer,No
cat,10,Neutered,normal,Summer,Yes
dog,12,Male,normal,Fall,No
cat,10,Male,normal,Summer,No
dog,5,Male,normal,Spring,No
cat,5,Female,under age/weight,Winter,No
dog,8,Male,normal,Spring,No
cat,10,Male,ill severe,Fall,No
dog,4,Female,normal,Fall,No
dog,14,Female,i/i report,Fall,No
dog,4,Neutered,normal,Winter,Yes
cat,1,Spayed,under age/weight,Winter,Yes
dog,1,Neutered,normal,Spring,Yes
dog,0,Female,under age/weight,Summer,No
dog,16,Spayed,ill severe,Winter,No
cat,0,Spayed,under age/weight,Summer,No
cat,5,Male,under age/weight,Summer,No
cat,0,Neutered,under age/weight,Summer,No
cat,0,Unknown,under age/weight,Fall,No
cat,2,Spayed,ill mild,Summer,Yes
cat,2,Female,ill mild,Summer,Yes
dog,7,Spayed,normal,Summer,No
cat,2,Neutered,ill mild,Fall,Yes
cat,7,Spayed,fractious,Spring,No
cat,7,Female,ill mild,Winter,No
dog,5,Male,normal,Summer,No
cat,6,Male,ill mild,Summer,No
dog,8,Female,normal,Winter,No
cat,2,Spayed,under age/weight,Winter,Yes
cat,2,Male,injured  severe,Spring,No
cat,7,Male,under age/weight,Spring,No
dog,8,Neutered,normal,Spring,Yes
dog,5,Neutered,normal,Spring,Yes
dog,7,Female,normal,Summer,No
rabbit,7,Neutered,normal,Spring,Yes
cat,7,Neutered,normal,Fall,Yes
cat,1,Female,ill severe,Spring,No
cat,0,Neutered,injured  moderate,Winter,No
dog,4,Spayed,i/i report,Fall,Yes
cat,9,Unknown,ill mild,Spring,No
cat,7,Male,under age/weight,Spring,No
cat,7,Female,under age/weight,Spring,No
dog,12,Male,normal,Spring,No
cat,5,Male,under age/weight,Fall,No
cat,5,Male,under age/weight,Summer,No
cat,9,Spayed,fractious,Fall,No
cat,1,Female,under age/weight,Spring,No
cat,6,Unknown,under age/weight,Fall,No
dog,9,Spayed,normal,Spring,No
dog,3,Spayed,injured  mild,Winter,Yes
cat,7,Female,normal,Fall,Yes
cat,6,Male,normal,Winter,No
other,3,Unknown,injured  moderate,Winter,No
cat,0,Spayed,ill mild,Fall,Yes
dog,9,Female,normal,Winter,No
dog,4,Male,injured  mild,Fall,No
cat,6,Female,injured  moderate,Fall,No
dog,7,Spayed,normal,Spring,Yes
rabbit,3,Spayed,injured  mild,Spring,Yes
dog,11,Neutered,normal,Summer,No
rabbit,3,Neutered,normal,Spring,Yes
cat,2,Neutered,under age/weight,Spring,Yes
dog,14,Spayed,normal,Summer,No
cat,6,Unknown,ill moderatete,Summer,No
dog,7,Female,normal,Spring,No
cat,8,Spayed,normal,Winter,No
cat,8,Neutered,ill mild,Fall,No
cat,1,Male,under age/weight,Summer,No
dog,8,Male,normal,Winter,No
cat,3,Neutered,injured  mild,Winter,No
other,1,Unknown,under age/weight,Summer,No
cat,4,Spayed,normal,Fall,Yes
cat,6,Neutered,normal,Summer,No
dog,8,Neutered,normal,Fall,No
dog,4,Male,normal,Summer,Yes
cat,7,Female,normal,Spring,Yes
dog,14,Female,normal,Fall,No
cat,9,Male,normal,Winter,No
cat,1,Female,normal,Spring,No
cat,7,Female,under age/weight,Summer,No
cat,5,Female,normal,Summer,Yes
dog,5,Spayed,normal,Spring,Yes
rabbit,4,Spayed,normal,Summer,No
cat,1,Spayed,under age/weight,Winter,Yes
dog,8,Spayed,behavior  moderate,Summer,Yes
cat,8,Unknown,fractious,Winter,No
cat,8,Unknown,fractious,Winter,No
cat,1,Female,under age/weight,Winter,Yes
cat,5,Male,normal,Summer,No
cat,1,Neutered,under age/weight,Winter,Yes
cat,5,Female,normal,Summer,No
cat,1,Female,normal,Winter,No
cat,10,Neutered,normal,Fall,Yes
dog,7,Neutered,normal,Spring,No
cat,11,Unknown,ill severe,Summer,No
cat,3,Male,ill moderatete,Spring,No
dog,3,Male,normal,Fall,No
cat,0,Neutered,normal,Fall,Yes
cat,2,Male,under age/weight,Summer,No
cat,0,Spayed,normal,Fall,Yes
cat,0,Neutered,normal,Fall,Yes
cat,7,Male,under age/weight,Summer,No
cat,1,Male,under age/weight,Summer,No
dog,9,Male,normal,Spring,No
dog,7,Male,normal,Winter,No
dog,4,Spayed,normal,Summer,Yes
cat,5,Female,normal,Summer,No
cat,5,Male,normal,Summer,No
cat,3,Male,normal,Spring,No
cat,5,Female,normal,Summer,No
wild,7,Unknown,under age/weight,Spring,No
other,5,Unknown,injured  moderate,Summer,No
dog,8,Neutered,normal,Fall,No
cat,12,Male,ill severe,Spring,No
cat,1,Male,normal,Fall,No
cat,5,Neutered,fractious,Winter,Yes
cat,7,Male,under age/weight,Spring,No
cat,6,Female,under age/weight,Fall,No
cat,1,Unknown,injured  severe,Fall,No
dog,8,Female,ill severe,Spring,No
other,9,Unknown,ill severe,Winter,No
cat,10,Spayed,feral,Summer,No
dog,6,Neutered,normal,Winter,No
dog,12,Male,Other,Winter,No
cat,5,Female,under age/weight,Summer,No
cat,2,Unknown,injured  severe,Summer,No
dog,11,Spayed,normal,Spring,No
dog,7,Neutered,normal,Winter,Yes
cat,4,Female,fractious,Summer,No
cat,2,Neutered,normal,Winter,Yes
cat,2,Spayed,ill mild,Summer,Yes
dog,26,Neutered,normal,Fall,No
cat,3,Female,injured  severe,Summer,No
bird,4,Unknown,ill moderatete,Fall,No
cat,0,Neutered,under age/weight,Summer,Yes
dog,3,Female,normal,Spring,No
other,2,Unknown,under age/weight,Spring,No
cat,3,Neutered,normal,Spring,Yes
cat,4,Male,under age/weight,Summer,No
cat,3,Spayed,normal,Summer,Yes
cat,8,Female,under age/weight,Winter,No
cat,3,Neutered,normal,Spring,Yes
cat,12,Neutered,ill severe,Fall,No
dog,18,Neutered,normal,Spring,No
cat,7,Female,under age/weight,Winter,No
dog,10,Male,normal,Summer,No
dog,4,Neutered,ill mild,Summer,No
cat,3,Spayed,injured  severe,Winter,Yes
cat,4,Female,fractious,Summer,No
dog,8,Female,normal,Winter,No
cat,11,Male,ill severe,Fall,No
cat,9,Spayed,normal,Spring,No
Other,7,Unknown,normal,Spring,No
cat,7,Unknown,under age/weight,Spring,No
cat,0,Spayed,under age/weight,Summer,Yes
dog,9,Female,normal,Spring,No
dog,20,Spayed,normal,Winter,No
cat,11,Neutered,normal,Spring,Yes
dog,16,Spayed,injured  severe,Fall,No
cat,2,Neutered,under age/weight,Summer,No
dog,3,Neutered,normal,Winter,No
cat,2,Spayed,under age/weight,Summer,No
dog,8,Spayed,normal,Spring,Yes
dog,6,Female,normal,Winter,No
cat,0,Spayed,under age/weight,Summer,Yes
cat,2,Male,ill moderatete,Summer,No
cat,2,Male,ill moderatete,Spring,No
dog,1,Neutered,normal,Fall,Yes
other,9,Unknown,ill severe,Fall,No
dog,3,Female,normal,Summer,No
cat,0,Unknown,under age/weight,Summer,No
dog,13,Spayed,Other,Summer,No
dog,6,Male,normal,Spring,No
cat,9,Male,injured  mild,Fall,No
bird,3,Unknown,injured  mild,Winter,No
cat,0,Unknown,under age/weight,Summer,No
cat,1,Neutered,normal,Winter,Yes
cat,7,Unknown,under age/weight,Fall,No
cat,1,Spayed,injured  mild,Winter,Yes
cat,0,Male,ill mild,Fall,No
cat,8,Female,normal,Fall,No
rabbit,2,Spayed,normal,Spring,No
cat,7,Unknown,under age/weight,Fall,No
rabbit,3,Neutered,normal,Spring,No
Other,12,Unknown,normal,Fall,No
cat,4,Spayed,injured  severe,Winter,No
cat,6,Female,under age/weight,Fall,No
cat,6,Male,fractious,Summer,No
cat,4,Male,ill severe,Winter,No
cat,6,Male,fractious,Summer,No
cat,2,Neutered,normal,Fall,Yes
dog,15,Female,normal,Spring,No
dog,9,Female,normal,Spring,No
dog,11,Spayed,normal,Spring,No
cat,5,Female,normal,Winter,No
cat,5,Spayed,normal,Winter,Yes
Other,7,Male,normal,Fall,No
dog,9,Spayed,normal,Winter,No
dog,3,Female,normal,Winter,No
cat,4,Male,under age/weight,Winter,No
cat,11,Neutered,feral,Winter,Yes
dog,11,Male,normal,Fall,No
dog,13,Male,normal,Fall,No
rabbit,4,Neutered,normal,Fall,No
dog,14,Spayed,normal,Winter,No
dog,5,Neutered,normal,Fall,No
cat,5,Male,under age/weight,Summer,No
cat,5,Female,under age/weight,Summer,No
cat,5,Male,injured  severe,Summer,No
cat,8,Male,normal,Winter,No
cat,8,Female,normal,Winter,No
cat,2,Neutered,normal,Fall,Yes
cat,7,Female,under age/weight,Fall,No
cat,7,Male,under age/weight,Fall,No
bird,4,Unknown,injured  mild,Fall,No
cat,7,Female,under age/weight,Fall,No
dog,1,Neutered,injured  moderate,Summer,Yes
cat,0,Neutered,ill mild,Summer,Yes
cat,0,Neutered,ill mild,Summer,Yes
cat,0,Spayed,ill mild,Summer,Yes
cat,7,Female,injured  moderate,Summer,No
dog,1,Spayed,i/i report,Fall,Yes
cat,2,Unknown,under age/weight,Fall,No
dog,3,Male,normal,Winter,Yes
cat,1,Neutered,normal,Spring,No
cat,1,Neutered,normal,Spring,No
dog,4,Male,normal,Summer,No
dog,9,Female,normal,Spring,No
dog,4,Neutered,normal,Winter,Yes
cat,6,Male,under age/weight,Summer,No
cat,4,Neutered,normal,Spring,No
cat,3,Female,normal,Spring,No
cat,5,Male,normal,Fall,No
cat,4,Neutered,normal,Summer,Yes
cat,7,Male,normal,Fall,No
cat,5,Male,normal,Fall,No
cat,4,Neutered,normal,Fall,Yes
dog,18,Spayed,normal,Winter,Yes
cat,4,Neutered,normal,Fall,Yes
cat,4,Spayed,normal,Fall,Yes
cat,7,Unknown,under age/weight,Summer,No
dog,6,Spayed,normal,Winter,Yes
wild,5,Unknown,under age/weight,Summer,No
dog,9,Spayed,behavior  moderate,Fall,No
wild,5,Unknown,under age/weight,Summer,No
dog,7,Male,Other,Fall,No
cat,6,Female,under age/weight,Fall,No
cat,6,Female,under age/weight,Fall,No
dog,6,Male,normal,Spring,No
dog,8,Spayed,normal,Spring,No
cat,3,Spayed,normal,Summer,Yes
dog,18,Female,normal,Winter,No
bird,6,Unknown,injured  severe,Summer,No
dog,7,Male,normal,Summer,No
cat,2,Male,normal,Spring,No
cat,1,Spayed,under age/weight,Fall,Yes
cat,4,Spayed,under age/weight,Fall,Yes
dog,8,Male,normal,Winter,No
dog,6,Neutered,normal,Summer,No
dog,1,Male,normal,Summer,No
cat,10,Spayed,normal,Winter,No
cat,5,Male,normal,Fall,No
dog,8,Male,normal,Summer,No
Other,8,Unknown,normal,Winter,No
dog,14,Neutered,normal,Spring,Yes
cat,0,Spayed,under age/weight,Summer,Yes
cat,8,Spayed,fractious,Spring,No
dog,3,Female,normal,Summer,No
cat,6,Female,ill mild,Summer,No
cat,6,Female,under age/weight,Summer,No
dog,5,Female,normal,Spring,No
cat,3,Male,ill severe,Winter,No
dog,8,Male,normal,Summer,No
cat,7,Male,ill severe,Spring,No
dog,7,Male,normal,Fall,No
dog,8,Female,normal,Fall,No
cat,3,Female,under age/weight,Fall,No
dog,12,Female,normal,Spring,No
bird,8,Unknown,ill severe,Summer,No
bird,2,Unknown,injured  mild,Winter,Yes
cat,5,Spayed,normal,Fall,Yes
dog,17,Spayed,injured  severe,Summer,No
dog,8,Female,injured  severe,Fall,No
dog,9,Spayed,normal,Fall,No
dog,8,Male,normal,Spring,No
cat,0,Spayed,under age/weight,Summer,Yes
bird,2,Unknown,ill moderatete,Fall,No
cat,10,Neutered,feral,Spring,No
dog,3,Male,normal,Spring,No
dog,6,Neutered,normal,Summer,Yes
cat,6,Spayed,normal,Fall,No
rabbit,7,Unknown,injured  severe,Spring,No
cat,4,Neutered,ill mild,Spring,No
dog,7,Female,normal,Fall,No
cat,1,Spayed,ill mild,Winter,No
cat,1,Unknown,under age/weight,Summer,No
cat,9,Neutered,normal,Summer,No
cat,2,Neutered,ill moderatete,Spring,No
dog,4,Female,normal,Summer,No
dog,9,Neutered,normal,Winter,No
dog,2,Spayed,normal,Summer,Yes
dog,8,Spayed,normal,Spring,Yes
cat,1,Male,normal,Summer,No
cat,1,Male,normal,Summer,No
dog,4,Spayed,normal,Fall,Yes
dog,2,Female,normal,Winter,Yes
bird,1,Unknown,under age/weight,Winter,No
cat,9,Female,injured  severe,Fall,No
dog,13,Male,normal,Spring,No
cat,6,Female,under age/weight,Spring,No
dog,8,Male,behavior  severe,Fall,No
cat,11,Female,injured  severe,Summer,No
other,2,Unknown,injured  severe,Spring,No
cat,1,Female,under age/weight,Spring,No
cat,1,Male,under age/weight,Spring,No
cat,10,Male,ill severe,Spring,No
cat,3,Neutered,i/i report,Summer,No
cat,3,Male,normal,Fall,No
cat,8,Neutered,ill mild,Fall,No
cat,6,Male,under age/weight,Spring,No
cat,0,Unknown,normal,Fall,No
cat,6,Female,under age/weight,Spring,No
cat,6,Male,injured  severe,Winter,No
cat,9,Male,injured  severe,Summer,No
cat,5,Male,under age/weight,Summer,No
dog,3,Neutered,normal,Summer,Yes
dog,12,Male,injured  moderate,Summer,No
wild,2,Male,ill mild,Spring,No
dog,5,Neutered,normal,Winter,No
cat,1,Female,ill moderatete,Summer,No
cat,9,Neutered,feral,Winter,No
cat,1,Male,under age/weight,Fall,No
cat,7,Unknown,under age/weight,Winter,No
dog,10,Male,behavior  mild,Summer,No
other,7,Unknown,ill severe,Summer,No
cat,2,Female,under age/weight,Fall,No
cat,7,Male,under age/weight,Summer,No
dog,10,Neutered,injured  mild,Spring,No
dog,11,Male,normal,Winter,No
dog,7,Spayed,normal,Fall,No
cat,6,Neutered,ill moderatete,Winter,No
dog,15,Spayed,normal,Summer,No
cat,5,Male,under age/weight,Summer,Yes
cat,5,Spayed,normal,Winter,No
cat,5,Neutered,normal,Winter,No
dog,2,Female,normal,Spring,No
dog,10,Male,normal,Winter,No
dog,7,Spayed,normal,Fall,Yes
dog,15,Female,normal,Spring,No
cat,4,Female,fractious,Winter,No
dog,7,Neutered,normal,Spring,No
dog,11,Male,normal,Winter,No
dog,4,Neutered,normal,Winter,Yes
cat,11,Female,normal,Winter,Yes
cat,1,Female,injured  moderate,Fall,Yes
cat,4,Male,under age/weight,Fall,No
cat,4,Male,under age/weight,Fall,No
cat,4,Male,under age/weight,Fall,No
dog,16,Spayed,injured  mild,Summer,No
dog,5,Spayed,normal,Spring,Yes
dog,7,Neutered,normal,Summer,No
cat,7,Female,normal,Spring,No
dog,12,Neutered,normal,Summer,No
cat,2,Male,under age/weight,Spring,No
cat,4,Male,injured  severe,Winter,No
cat,2,Female,under age/weight,Spring,Yes
dog,8,Male,normal,Spring,No
cat,9,Spayed,injured  mild,Summer,No
dog,10,Neutered,injured  moderate,Spring,No
cat,1,Unknown,ill moderatete,Winter,No
cat,1,Female,under age/weight,Fall,No
cat,0,Male,under age/weight,Summer,No
dog,6,Neutered,normal,Summer,Yes
cat,0,Female,under age/weight,Summer,No
cat,0,Male,under age/weight,Summer,No
cat,0,Spayed,under age/weight,Summer,No
dog,7,Neutered,normal,Spring,No
cat,0,Neutered,under age/weight,Winter,Yes
cat,0,Neutered,injured  severe,Fall,Yes
cat,0,Spayed,under age/weight,Winter,Yes
dog,4,Female,normal,Summer,No
cat,6,Neutered,normal,Spring,Yes
dog,9,Female,normal,Summer,No
cat,8,Female,normal,Spring,No
cat,7,Male,under age/weight,Fall,Yes
dog,14,Neutered,behavior  moderate,Fall,No
cat,13,Male,injured  severe,Spring,No
dog,2,Spayed,ill moderatete,Summer,Yes
cat,7,Male,under age/weight,Fall,Yes
cat,4,Neutered,normal,Winter,Yes
dog,2,Female,normal,Spring,No
dog,6,Spayed,injured  moderate,Winter,Yes
rabbit,11,Spayed,normal,Summer,No
cat,2,Female,under age/weight,Summer,Yes
dog,3,Female,normal,Summer,No
cat,0,Neutered,under age/weight,Fall,No
dog,6,Female,normal,Winter,No
cat,0,Male,under age/weight,Fall,No
dog,7,Neutered,normal,Fall,Yes
cat,7,Male,under age/weight,Summer,No
dog,15,Spayed,normal,Spring,No
dog,5,Male,ill mild,Winter,No
dog,6,Neutered,normal,Spring,Yes
wild,6,Unknown,injured  severe,Winter,No
dog,7,Female,normal,Fall,No
cat,6,Neutered,normal,Fall,Yes
dog,7,Male,normal,Winter,No
cat,8,Spayed,normal,Spring,Yes
cat,5,Spayed,fractious,Summer,No
cat,21,Female,normal,Summer,No
cat,5,Male,normal,Winter,No
cat,19,Neutered,Other,Summer,Yes
Other,3,Female,ill severe,Fall,No
cat,8,Neutered,ill moderatete,Spring,Yes
cat,8,Male,injured  moderate,Winter,No
dog,5,Neutered,normal,Spring,No
cat,4,Male,under age/weight,Summer,No
cat,4,Male,under age/weight,Summer,No
dog,9,Spayed,ill moderatete,Spring,Yes
cat,7,Neutered,feral,Fall,No
dog,0,Spayed,normal,Fall,Yes
wild,7,Unknown,under age/weight,Spring,No
cat,12,Female,injured  moderate,Fall,No
wild,7,Unknown,under age/weight,Spring,No
cat,1,Male,normal,Winter,No
cat,2,Neutered,normal,Summer,No
cat,1,Male,normal,Winter,No
dog,5,Female,ill moderatete,Summer,No
cat,0,Neutered,under age/weight,Summer,Yes
cat,8,Male,normal,Winter,No
cat,0,Neutered,under age/weight,Summer,Yes
cat,6,Male,under age/weight,Spring,No
dog,1,Neutered,normal,Spring,Yes
cat,6,Female,under age/weight,Spring,No
dog,1,Neutered,normal,Spring,Yes
dog,1,Neutered,normal,Spring,Yes
cat,2,Neutered,under age/weight,Winter,Yes
dog,9,Female,normal,Winter,No
bird,3,Unknown,ill severe,Fall,No
cat,0,Male,injured  mild,Fall,No
dog,3,Spayed,normal,Winter,Yes
cat,6,Female,under age/weight,Fall,No
dog,7,Female,normal,Winter,Yes
dog,1,Neutered,normal,Winter,Yes
dog,3,Spayed,normal,Summer,Yes
dog,11,Neutered,injured  moderate,Winter,Yes
cat,5,Male,under age/weight,Spring,No
dog,3,Male,normal,Winter,No
cat,13,Female,injured  severe,Winter,No
cat,0,Neutered,under age/weight,Summer,Yes
cat,1,Spayed,injured  moderate,Spring,No
cat,7,Spayed,normal,Summer,Yes
dog,12,Female,normal,Summer,No
dog,4,Female,normal,Winter,No
dog,5,Female,normal,Winter,No
dog,6,Neutered,injured  mild,Winter,Yes
cat,4,Female,under age/weight,Spring,No
cat,4,Spayed,normal,Summer,No
cat,4,Spayed,normal,Summer,No
cat,8,Spayed,feral,Spring,No
cat,6,Female,normal,Summer,No
cat,8,Spayed,feral,Spring,No
dog,10,Female,normal,Fall,No
cat,0,Neutered,under age/weight,Summer,Yes
cat,2,Spayed,normal,Summer,Yes
cat,4,Male,normal,Fall,No
cat,8,Unknown,ill severe,Spring,No
cat,9,Unknown,ill severe,Fall,No
dog,12,Male,normal,Summer,No
cat,16,Neutered,ill severe,Fall,No
bird,3,Unknown,normal,Winter,No
dog,13,Female,normal,Summer,No
dog,13,Spayed,normal,Summer,No
dog,10,Female,Other,Winter,No
cat,7,Female,under age/weight,Spring,No
cat,6,Female,under age/weight,Summer,No
dog,10,Neutered,normal,Spring,No
dog,12,Male,normal,Fall,Yes
dog,9,Female,normal,Fall,No
wild,6,Unknown,injured  mild,Fall,No
dog,18,Neutered,normal,Summer,No
cat,3,Neutered,ill mild,Winter,Yes
dog,3,Spayed,injured  moderate,Winter,No
cat,3,Female,ill severe,Winter,No
wild,1,Unknown,injured  severe,Spring,No
dog,8,Spayed,fractious,Summer,No
cat,5,Male,under age/weight,Spring,No
dog,7,Neutered,normal,Summer,No
cat,5,Spayed,under age/weight,Summer,Yes
dog,3,Female,normal,Summer,Yes
bird,11,Unknown,injured  mild,Winter,No
cat,3,Male,normal,Spring,No
dog,9,Neutered,normal,Fall,No
dog,4,Spayed,ill mild,Fall,Yes
dog,3,Neutered,normal,Summer,Yes
other,5,Unknown,injured  severe,Fall,No
cat,6,Female,under age/weight,Fall,No
cat,6,Male,under age/weight,Fall,No
dog,1,Spayed,normal,Fall,Yes
cat,7,Neutered,normal,Spring,Yes
dog,10,Male,normal,Spring,No
dog,8,Female,normal,Fall,No
dog,6,Male,normal,Summer,No
cat,5,Unknown,under age/weight,Summer,No
dog,10,Male,normal,Spring,No
cat,8,Spayed,feral,Summer,No
cat,8,Female,normal,Summer,No
cat,5,Unknown,under age/weight,Summer,No
cat,9,Female,normal,Summer,No
dog,2,Neutered,normal,Spring,Yes
Other,1,Male,normal,Summer,No
other,3,Unknown,normal,Summer,No
cat,7,Male,under age/weight,Fall,No
dog,2,Female,normal,Summer,No
cat,1,Female,under age/weight,Spring,No
cat,1,Male,under age/weight,Spring,No
cat,6,Male,under age/weight,Winter,No
dog,8,Male,injured  severe,Spring,No
cat,1,Male,normal,Spring,No
cat,1,Male,normal,Spring,No
cat,1,Female,normal,Spring,No
cat,4,Female,normal,Fall,No
cat,1,Male,normal,Spring,No
cat,4,Female,normal,Fall,No
cat,2,Spayed,normal,Spring,Yes
cat,0,Unknown,ill moderatete,Spring,No
cat,6,Female,under age/weight,Summer,No
cat,6,Male,fractious,Fall,No
dog,7,Male,normal,Spring,No
cat,6,Male,fractious,Fall,No
cat,7,Unknown,under age/weight,Summer,No
cat,5,Female,normal,Summer,No
cat,7,Unknown,under age/weight,Summer,No
cat,6,Female,under age/weight,Summer,No
cat,10,Spayed,feral,Spring,No
dog,10,Female,normal,Fall,No
cat,5,Male,under age/weight,Spring,No
cat,6,Female,normal,Spring,No
dog,13,Spayed,normal,Spring,No
dog,2,Neutered,normal,Summer,Yes
dog,16,Neutered,injured  mild,Spring,No
dog,11,Neutered,ill moderatete,Fall,No
other,1,Unknown,under age/weight,Spring,No
other,8,Unknown,injured  severe,Fall,No
cat,0,Neutered,under age/weight,Summer,Yes
cat,0,Spayed,under age/weight,Fall,Yes
dog,2,Female,normal,Winter,Yes
dog,12,Spayed,normal,Spring,No
cat,1,Spayed,under age/weight,Spring,Yes
dog,12,Spayed,ill moderatete,Fall,No
cat,6,Male,under age/weight,Fall,No
rabbit,8,Spayed,normal,Fall,No
dog,7,Male,normal,Spring,No
cat,4,Male,normal,Winter,No
cat,1,Neutered,ill moderatete,Summer,Yes
cat,7,Spayed,normal,Summer,No
dog,8,Male,normal,Summer,No
dog,8,Male,normal,Summer,No
dog,5,Spayed,injured  severe,Winter,No
dog,17,Neutered,normal,Summer,No
wild,5,Unknown,normal,Spring,No
cat,5,Spayed,normal,Winter,Yes
cat,0,Unknown,injured  severe,Spring,No
cat,6,Female,fractious,Fall,No
cat,12,Female,ill severe,Fall,No
cat,9,Spayed,normal,Summer,No
cat,6,Unknown,under age/weight,Summer,No
cat,6,Male,fractious,Fall,No
cat,6,Unknown,under age/weight,Summer,No
dog,8,Neutered,normal,Winter,Yes
cat,7,Male,normal,Summer,No
bird,7,Unknown,injured  severe,Spring,No
cat,16,Neutered,ill severe,Winter,No
cat,1,Male,ill severe,Summer,No
cat,4,Male,injured  severe,Fall,No
dog,15,Spayed,normal,Summer,No
cat,5,Neutered,normal,Spring,No
bird,8,Unknown,injured  mild,Spring,No
cat,5,Spayed,normal,Spring,No
cat,1,Spayed,under age/weight,Fall,Yes
cat,9,Male,fractious,Winter,No
dog,2,Male,normal,Summer,Yes
dog,8,Spayed,normal,Spring,Yes
dog,19,Male,normal,Summer,No
dog,1,Spayed,normal,Spring,Yes
dog,12,Neutered,normal,Summer,Yes
dog,0,Female,under age/weight,Summer,No
cat,7,Male,under age/weight,Spring,No
cat,1,Spayed,normal,Summer,No
other,6,Unknown,normal,Summer,No
dog,6,Male,normal,Winter,No
cat,12,Neutered,normal,Spring,No
cat,1,Neutered,injured  severe,Summer,No
cat,9,Male,normal,Spring,No
dog,8,Female,normal,Fall,No
other,8,Unknown,injured  severe,Spring,No
Other,6,Unknown,normal,Summer,No
dog,10,Spayed,normal,Fall,Yes
dog,11,Male,ill severe,Spring,No
bird,3,Unknown,normal,Winter,No
dog,3,Female,normal,Spring,No
dog,8,Female,normal,Winter,No
cat,1,Female,normal,Summer,Yes
bird,6,Male,injured  moderate,Summer,No
dog,2,Spayed,injured  mild,Summer,Yes
dog,10,Spayed,normal,Summer,No
cat,5,Female,under age/weight,Summer,No
dog,2,Neutered,normal,Summer,Yes
dog,7,Neutered,normal,Spring,Yes
dog,11,Female,normal,Winter,No
cat,20,Neutered,normal,Fall,No
dog,4,Male,normal,Fall,No
dog,4,Male,normal,Fall,No
other,2,Male,i/i report,Spring,No
cat,4,Unknown,under age/weight,Summer,No
other,2,Male,i/i report,Spring,No
other,2,Male,i/i report,Spring,No
cat,4,Unknown,under age/weight,Summer,No
cat,2,Neutered,ill mild,Summer,Yes
cat,6,Male,under age/weight,Summer,No
dog,11,Neutered,normal,Spring,No
cat,6,Unknown,ill moderatete,Summer,No
dog,11,Male,normal,Summer,No
other,9,Unknown,injured  severe,Fall,No
cat,9,Neutered,feral,Summer,No
dog,8,Male,normal,Spring,No
cat,19,Neutered,ill severe,Summer,Yes
cat,2,Spayed,injured  mild,Spring,Yes
dog,8,Male,normal,Winter,No
dog,2,Male,normal,Fall,No
Other,8,Unknown,normal,Fall,No
cat,9,Female,ill moderatete,Summer,No
cat,10,Neutered,normal,Spring,Yes
cat,12,Spayed,normal,Winter,Yes
dog,8,Male,normal,Fall,No
dog,1,Male,under age/weight,Fall,Yes
cat,1,Spayed,normal,Fall,No
wild,3,Unknown,injured  severe,Spring,No
dog,15,Male,normal,Winter,No
dog,7,Male,normal,Summer,No
dog,17,Neutered,normal,Summer,No
dog,6,Male,normal,Fall,No
cat,4,Female,under age/weight,Summer,No
cat,1,Male,normal,Spring,No
cat,1,Female,normal,Spring,No
cat,6,Neutered,fractious,Summer,No
cat,1,Male,normal,Spring,No
cat,1,Male,ill severe,Summer,No
cat,7,Neutered,normal,Summer,Yes
cat,7,Neutered,normal,Summer,Yes
cat,4,Unknown,under age/weight,Summer,No
rabbit,7,Neutered,normal,Fall,No
cat,4,Unknown,under age/weight,Summer,No
dog,7,Spayed,normal,Fall,No
cat,1,Unknown,under age/weight,Summer,No
dog,6,Female,normal,Summer,No
cat,5,Female,under age/weight,Fall,No
cat,4,Spayed,normal,Spring,Yes
dog,6,Neutered,normal,Fall,Yes
cat,0,Neutered,normal,Fall,Yes
cat,0,Spayed,normal,Fall,Yes
cat,2,Female,under age/weight,Summer,No
cat,19,Female,ill mild,Fall,No
dog,7,Female,normal,Summer,No
other,1,Unknown,under age/weight,Summer,No
cat,1,Female,under age/weight,Summer,No
other,1,Unknown,under age/weight,Summer,No
dog,18,Male,injured  severe,Winter,No
cat,0,Female,under age/weight,Spring,No
cat,0,Male,under age/weight,Spring,No
cat,0,Female,under age/weight,Spring,No
cat,13,Female,normal,Summer,No
cat,4,Neutered,injured  moderate,Summer,No
dog,12,Spayed,normal,Summer,No
dog,2,Neutered,ill mild,Winter,Yes
bird,3,Unknown,injured  mild,Winter,No
cat,1,Male,under age/weight,Summer,No
cat,1,Male,under age/weight,Summer,No
cat,1,Male,under age/weight,Summer,No
cat,5,Neutered,normal,Summer,Yes
cat,0,Unknown,under age/weight,Summer,No
cat,7,Male,under age/weight,Spring,No
cat,0,Male,under age/weight,Fall,No
cat,6,Female,under age/weight,Fall,No
cat,6,Female,under age/weight,Fall,No
cat,2,Unknown,under age/weight,Spring,No
cat,6,Male,under age/weight,Fall,No
cat,2,Female,under age/weight,Spring,No
cat,5,Female,fractious,Summer,No
cat,6,Female,normal,Winter,No
cat,2,Female,normal,Spring,Yes
dog,8,Male,normal,Summer,No
cat,2,Spayed,ill moderatete,Winter,Yes
other,2,Unknown,under age/weight,Spring,No
cat,1,Unknown,ill moderatete,Spring,No
cat,6,Spayed,fractious,Summer,No
cat,4,Male,under age/weight,Summer,No
cat,4,Male,under age/weight,Summer,No
cat,7,Female,normal,Spring,No
cat,3,Spayed,normal,Spring,Yes
cat,2,Neutered,under age/weight,Fall,Yes
cat,1,Male,i/i report,Summer,No
cat,4,Male,fractious,Summer,No
cat,2,Male,under age/weight,Fall,No
cat,2,Female,under age/weight,Summer,Yes
cat,1,Male,ill mild,Fall,No
cat,2,Neutered,under age/weight,Fall,No
cat,7,Female,under age/weight,Spring,No
cat,2,Female,under age/weight,Summer,No
cat,7,Female,under age/weight,Spring,No
dog,5,Female,normal,Winter,No
dog,21,Spayed,normal,Winter,No
cat,2,Neutered,under age/weight,Summer,Yes
cat,5,Neutered,ill moderatete,Winter,Yes
rabbit,7,Male,normal,Summer,No
dog,3,Male,normal,Winter,No
cat,11,Spayed,ill severe,Summer,No
dog,17,Female,injured  mild,Spring,No
cat,3,Neutered,injured  severe,Fall,Yes
cat,3,Spayed,injured  severe,Winter,No
dog,6,Male,normal,Spring,No
cat,2,Male,ill moderatete,Summer,No
dog,6,Neutered,normal,Winter,No
dog,3,Male,normal,Summer,No
dog,10,Male,normal,Fall,No
cat,4,Female,under age/weight,Summer,No
cat,4,Male,under age/weight,Spring,No
cat,6,Female,ill mild,Summer,No
dog,16,Spayed,normal,Fall,No
dog,9,Neutered,normal,Spring,No
dog,7,Neutered,normal,Winter,No
bird,8,Unknown,injured  mild,Winter,No
cat,7,Unknown,under age/weight,Fall,No
cat,6,Female,under age/weight,Fall,No
dog,9,Male,normal,Spring,No
dog,11,Male,normal,Fall,No
other,3,Unknown,injured  severe,Summer,No
cat,9,Neutered,normal,Spring,No
rabbit,2,Neutered,normal,Summer,No
dog,10,Neutered,normal,Spring,Yes
cat,1,Male,fractious,Fall,Yes
dog,12,Neutered,normal,Summer,No
cat,8,Female,normal,Spring,No
dog,4,Male,normal,Fall,Yes
dog,10,Spayed,normal,Winter,Yes
dog,5,Neutered,normal,Winter,No
dog,8,Male,normal,Spring,No
cat,14,Neutered,ill mild,Winter,No
dog,15,Neutered,injured  moderate,Winter,Yes
cat,15,Neutered,ill mild,Spring,No
cat,10,Spayed,normal,Summer,Yes
bird,6,Unknown,injured  severe,Spring,No
cat,5,Female,normal,Fall,No
cat,20,Female,behavior  moderate,Winter,No
cat,1,Female,normal,Spring,No
cat,2,Male,normal,Summer,No
cat,1,Female,normal,Spring,No
dog,15,Female,normal,Winter,No
cat,4,Neutered,normal,Spring,No
cat,3,Male,normal,Spring,No
dog,16,Male,normal,Fall,No
cat,5,Neutered,normal,Summer,Yes
cat,5,Neutered,normal,Summer,Yes
cat,5,Neutered,normal,Summer,Yes
dog,9,Female,normal,Spring,No
cat,7,Male,normal,Fall,No
wild,6,Unknown,injured  severe,Spring,No
dog,9,Spayed,normal,Spring,No
wild,3,Unknown,injured  severe,Spring,No
Other,1,Male,normal,Summer,No
other,1,Unknown,ill severe,Summer,No
bird,6,Unknown,injured  moderate,Fall,No
cat,6,Male,under age/weight,Spring,No
cat,7,Male,under age/weight,Fall,No
dog,6,Male,normal,Fall,No
cat,5,Spayed,fractious,Summer,No
dog,5,Male,normal,Fall,No
cat,0,Female,normal,Summer,No
cat,4,Male,ill moderatete,Fall,No
cat,0,Spayed,normal,Fall,Yes
dog,4,Spayed,ill mild,Spring,Yes
dog,16,Female,normal,Winter,No
cat,1,Male,ill severe,Summer,No
dog,10,Female,injured  mild,Winter,No
dog,4,Neutered,i/i report,Winter,Yes
cat,0,Female,ill mild,Fall,No
cat,1,Female,under age/weight,Fall,No
cat,1,Male,under age/weight,Fall,Yes
rabbit,0,Neutered,normal,Summer,No
rabbit,1,Neutered,normal,Summer,Yes
dog,12,Spayed,normal,Fall,Yes
rabbit,1,Neutered,normal,Summer,No
cat,7,Female,injured  severe,Fall,No
dog,2,Female,normal,Fall,No
cat,7,Unknown,under age/weight,Fall,No
cat,8,Neutered,normal,Spring,Yes
cat,4,Female,under age/weight,Fall,No
cat,1,Male,under age/weight,Spring,No
wild,1,Unknown,ill severe,Summer,No
cat,5,Spayed,normal,Fall,No
cat,7,Male,under age/weight,Summer,No
dog,16,Spayed,injured  mild,Winter,No
dog,7,Male,normal,Fall,No
cat,3,Spayed,normal,Fall,Yes
cat,3,Female,normal,Winter,No
dog,7,Spayed,normal,Spring,No
cat,14,Male,ill severe,Fall,No
dog,4,Male,normal,Summer,No
cat,4,Spayed,under age/weight,Fall,Yes
dog,6,Female,under age/weight,Fall,No
dog,1,Male,normal,Summer,No
dog,3,Male,normal,Summer,No
cat,1,Neutered,normal,Winter,Yes
cat,1,Spayed,normal,Winter,Yes
cat,6,Male,normal,Fall,No
cat,4,Unknown,under age/weight,Spring,No
Other,4,Female,normal,Winter,No
cat,9,Female,normal,Summer,No
rabbit,7,Neutered,normal,Fall,No
cat,6,Male,under age/weight,Fall,No
dog,3,Female,ill moderatete,Spring,Yes
dog,5,Spayed,normal,Summer,No
wild,7,Unknown,under age/weight,Spring,No
wild,7,Unknown,under age/weight,Spring,No
dog,11,Neutered,normal,Fall,No
cat,5,Unknown,ill mild,Winter,No
cat,13,Spayed,normal,Fall,Yes
cat,6,Female,under age/weight,Spring,No
cat,6,Female,ill severe,Winter,No
cat,6,Male,under age/weight,Spring,No
cat,2,Neutered,under age/weight,Summer,Yes
bird,4,Unknown,injured  moderate,Fall,No
cat,2,Male,under age/weight,Summer,Yes
cat,2,Female,ill moderatete,Spring,Yes
dog,7,Spayed,normal,Winter,No
cat,8,Spayed,normal,Winter,Yes
cat,1,Male,under age/weight,Summer,No
cat,4,Neutered,under age/weight,Fall,Yes
bird,9,Female,normal,Winter,No
bird,9,Male,normal,Winter,No
dog,8,Spayed,normal,Summer,No
dog,16,Spayed,ill mild,Winter,No
dog,2,Female,normal,Spring,No
cat,6,Male,normal,Summer,No
cat,2,Female,ill mild,Fall,No
other,2,Unknown,under age/weight,Winter,No
dog,18,Female,ill severe,Summer,No
cat,0,Neutered,ill severe,Summer,Yes
dog,9,Neutered,normal,Spring,Yes
dog,2,Male,normal,Fall,No
cat,16,Female,normal,Winter,No
cat,1,Spayed,ill mild,Fall,No
dog,9,Neutered,normal,Fall,No
dog,6,Spayed,normal,Summer,No
cat,5,Male,ill moderatete,Summer,No
dog,7,Spayed,normal,Fall,Yes
dog,4,Spayed,normal,Spring,Yes
dog,14,Female,normal,Summer,No
dog,11,Neutered,normal,Summer,Yes
cat,4,Female,under age/weight,Summer,No
cat,5,Female,under age/weight,Summer,No
other,1,Unknown,injured  severe,Winter,No
cat,5,Male,under age/weight,Summer,No
cat,1,Spayed,ill moderatete,Spring,Yes
cat,6,Spayed,normal,Summer,No
cat,1,Unknown,under age/weight,Summer,No
cat,5,Neutered,normal,Spring,No
cat,7,Male,under age/weight,Spring,No
cat,1,Neutered,ill moderatete,Spring,No
cat,9,Neutered,normal,Winter,Yes
dog,5,Male,normal,Summer,No
cat,4,Spayed,normal,Spring,No
cat,12,Spayed,normal,Winter,Yes
dog,10,Female,normal,Spring,No
Other,4,Unknown,normal,Fall,No
cat,1,Male,normal,Summer,No
dog,3,Neutered,ill mild,Spring,Yes
other,8,Unknown,injured  severe,Summer,No
dog,1,Spayed,normal,Summer,No
cat,6,Male,under age/weight,Spring,No
dog,14,Neutered,Other,Winter,No
cat,6,Male,under age/weight,Spring,No
cat,8,Neutered,injured  severe,Summer,No
cat,6,Male,under age/weight,Spring,No
cat,6,Female,under age/weight,Summer,No
dog,11,Male,injured  severe,Summer,No
dog,10,Spayed,normal,Winter,No
cat,3,Spayed,ill moderatete,Spring,No
cat,0,Spayed,ill moderatete,Fall,Yes
cat,0,Neutered,ill mild,Summer,Yes
cat,2,Neutered,ill severe,Spring,No
cat,1,Female,ill mild,Winter,No
cat,2,Spayed,normal,Winter,Yes
cat,0,Unknown,under age/weight,Spring,No
cat,1,Neutered,under age/weight,Summer,No
dog,2,Male,normal,Spring,Yes
cat,7,Female,normal,Summer,No
dog,11,Neutered,normal,Spring,No
cat,1,Male,under age/weight,Fall,No
cat,7,Female,under age/weight,Summer,No
dog,4,Spayed,normal,Spring,Yes
cat,7,Male,under age/weight,Summer,No
dog,11,Male,ill severe,Fall,No
cat,3,Neutered,injured  moderate,Fall,No
cat,0,Female,ill moderatete,Fall,No
cat,3,Spayed,ill mild,Spring,No
cat,1,Unknown,ill severe,Winter,No
dog,2,Spayed,normal,Summer,No
cat,2,Spayed,normal,Winter,Yes
cat,2,Neutered,normal,Spring,No
cat,2,Neutered,normal,Winter,Yes
cat,8,Spayed,normal,Spring,No
cat,3,Female,normal,Spring,No
cat,7,Female,normal,Spring,No
wild,5,Unknown,ill moderatete,Fall,No
cat,4,Female,normal,Summer,No
cat,1,Female,under age/weight,Fall,No
bird,3,Unknown,ill severe,Spring,No
cat,5,Female,ill mild,Summer,No
dog,7,Male,under age/weight,Fall,No
cat,4,Neutered,ill mild,Winter,Yes
cat,4,Spayed,ill mild,Winter,Yes
cat,1,Unknown,under age/weight,Summer,No
dog,5,Spayed,normal,Spring,No
dog,4,Neutered,normal,Summer,Yes
cat,6,Unknown,ill severe,Fall,No
other,7,Unknown,injured  severe,Fall,No
cat,6,Unknown,ill severe,Fall,No
cat,8,Male,under age/weight,Spring,No
dog,5,Male,behavior  moderate,Summer,No
dog,10,Neutered,normal,Summer,No
dog,5,Male,ill moderatete,Summer,No
cat,3,Female,ill mild,Fall,No
cat,9,Male,normal,Summer,No
dog,17,Neutered,normal,Fall,No
dog,10,Female,normal,Summer,No
cat,0,Female,ill moderatete,Summer,No
dog,10,Neutered,normal,Summer,Yes
dog,2,Female,normal,Summer,No
dog,9,Female,injured  mild,Fall,No
cat,11,Male,normal,Spring,No
dog,13,Neutered,normal,Winter,No
cat,2,Spayed,under age/weight,Summer,Yes
dog,11,Female,injured  severe,Spring,No
cat,6,Female,normal,Winter,Yes
cat,1,Neutered,i/i report,Spring,Yes
cat,1,Female,ill moderatete,Fall,No
cat,1,Male,i/i report,Winter,No
cat,5,Male,under age/weight,Summer,No
cat,5,Unknown,under age/weight,Summer,No
cat,1,Spayed,i/i report,Spring,Yes
cat,10,Neutered,normal,Spring,Yes
dog,6,Neutered,normal,Summer,Yes
wild,4,Unknown,ill severe,Fall,No
cat,7,Male,under age/weight,Summer,No
cat,4,Female,under age/weight,Fall,No
dog,10,Spayed,normal,Spring,No
cat,4,Male,under age/weight,Winter,No
cat,4,Female,normal,Winter,No
cat,7,Male,ill mild,Spring,No
bird,5,Unknown,ill severe,Fall,No
cat,8,Neutered,normal,Spring,No
cat,0,Spayed,under age/weight,Summer,No
cat,0,Female,under age/weight,Summer,No
cat,0,Spayed,under age/weight,Summer,No
cat,19,Neutered,normal,Fall,Yes
dog,4,Male,normal,Spring,No
dog,2,Neutered,normal,Summer,Yes
cat,0,Neutered,normal,Summer,Yes
dog,7,Female,Other,Summer,Yes
dog,6,Male,injured  severe,Fall,No
cat,2,Neutered,under age/weight,Spring,Yes
cat,4,Spayed,normal,Winter,Yes
cat,0,Neutered,under age/weight,Fall,No
cat,7,Female,under age/weight,Summer,No
dog,3,Female,normal,Summer,Yes
cat,0,Neutered,under age/weight,Summer,No
dog,4,Female,normal,Fall,No
cat,0,Spayed,under age/weight,Summer,No
Other,1,Male,injured  mild,Spring,No
dog,8,Spayed,normal,Fall,No
cat,5,Female,under age/weight,Summer,No
dog,12,Spayed,normal,Summer,No
Other,6,Male,normal,Summer,Yes
cat,7,Spayed,normal,Spring,No
dog,13,Neutered,normal,Spring,No
cat,5,Female,normal,Fall,No
dog,22,Spayed,normal,Fall,No
cat,9,Male,injured  severe,Fall,No
cat,6,Male,under age/weight,Fall,No
dog,1,Neutered,normal,Fall,Yes
dog,11,Male,normal,Summer,No
cat,5,Spayed,normal,Fall,No
cat,6,Male,under age/weight,Fall,No
dog,15,Female,ill moderatete,Fall,No
dog,9,Neutered,normal,Winter,Yes
cat,16,Male,ill moderatete,Spring,No
cat,9,Male,injured  severe,Spring,No
cat,4,Male,under age/weight,Fall,No
dog,5,Neutered,fractious,Winter,Yes
cat,5,Unknown,fractious,Summer,No
cat,13,Female,normal,Fall,No
cat,0,Neutered,ill mild,Summer,No
cat,7,Neutered,normal,Summer,No
cat,7,Neutered,normal,Summer,No
cat,1,Male,under age/weight,Winter,No
cat,13,Spayed,ill moderatete,Spring,Yes
dog,3,Neutered,fractious,Fall,Yes
cat,2,Neutered,under age/weight,Summer,Yes
dog,10,Male,normal,Fall,No
Other,4,Female,normal,Fall,No
cat,1,Unknown,ill mild,Summer,No
cat,2,Spayed,normal,Fall,No
cat,5,Female,under age/weight,Spring,No
dog,3,Male,normal,Winter,No
dog,11,Female,normal,Fall,Yes
cat,0,Spayed,under age/weight,Summer,Yes
cat,0,Male,normal,Fall,No
cat,1,Spayed,ill mild,Fall,Yes
cat,0,Female,normal,Fall,No
cat,1,Unknown,ill mild,Winter,No
dog,6,Female,normal,Winter,No
bird,7,Unknown,normal,Winter,No
dog,1,Neutered,normal,Spring,Yes
dog,1,Spayed,normal,Spring,Yes
dog,2,Neutered,normal,Fall,Yes
cat,10,Male,injured  severe,Summer,No
dog,7,Male,injured  mild,Winter,No
dog,2,Neutered,normal,Summer,No
dog,8,Male,normal,Fall,No
cat,13,Male,ill moderatete,Spring,No
dog,2,Female,normal,Fall,Yes
dog,8,Male,normal,Fall,No
Other,2,Male,normal,Spring,Yes
cat,7,Male,normal,Summer,No
dog,3,Female,normal,Fall,No
dog,3,Neutered,normal,Winter,Yes
dog,16,Male,normal,Fall,No
dog,1,Female,normal,Fall,No
other,7,Unknown,under age/weight,Spring,No
dog,12,Male,normal,Fall,No
dog,12,Spayed,behavior  moderate,Summer,No
dog,16,Spayed,normal,Summer,Yes
dog,5,Male,normal,Winter,No
cat,15,Female,normal,Summer,No
cat,7,Female,under age/weight,Fall,No
dog,2,Male,Other,Spring,No
cat,0,Male,under age/weight,Spring,No
cat,10,Male,normal,Spring,No
cat,0,Female,under age/weight,Spring,No
cat,8,Unknown,ill severe,Spring,No
other,7,Unknown,under age/weight,Spring,No
other,7,Unknown,under age/weight,Spring,No
dog,1,Spayed,normal,Summer,Yes
other,7,Unknown,under age/weight,Spring,No
dog,13,Female,injured  moderate,Fall,No
other,7,Unknown,under age/weight,Spring,No
dog,8,Unknown,injured  moderate,Winter,No
dog,4,Male,normal,Summer,No
dog,2,Neutered,normal,Winter,Yes
dog,19,Neutered,ill mild,Spring,No
cat,7,Female,under age/weight,Summer,No
cat,7,Female,normal,Summer,No
cat,7,Female,under age/weight,Spring,No
cat,11,Neutered,fractious,Spring,No
dog,12,Male,normal,Summer,No
other,7,Unknown,under age/weight,Spring,No
dog,12,Neutered,Other,Summer,No
dog,14,Neutered,normal,Spring,No
dog,13,Male,normal,Winter,No
dog,10,Neutered,ill mild,Spring,Yes
dog,2,Male,normal,Winter,No
dog,16,Male,normal,Winter,No
dog,6,Female,injured  moderate,Fall,No
cat,7,Male,under age/weight,Summer,No
cat,7,Female,under age/weight,Summer,No
dog,1,Spayed,normal,Summer,No
cat,14,Spayed,fractious,Winter,Yes
other,3,Female,normal,Summer,No
other,2,Male,normal,Spring,No
cat,7,Female,under age/weight,Summer,No
Other,6,Female,normal,Fall,No
other,3,Male,normal,Summer,No
other,3,Female,normal,Summer,No
cat,11,Spayed,feral,Summer,No
dog,10,Male,normal,Winter,No
Other,8,Female,normal,Fall,No
dog,7,Neutered,normal,Summer,Yes
cat,5,Neutered,under age/weight,Summer,Yes
cat,6,Spayed,injured  mild,Fall,Yes
other,5,Unknown,normal,Fall,No
cat,4,Neutered,fractious,Fall,No
cat,7,Female,under age/weight,Summer,No
dog,7,Male,normal,Summer,No
cat,5,Spayed,fractious,Summer,Yes
cat,9,Male,ill severe,Spring,No
cat,9,Male,injured  mild,Fall,No
cat,6,Male,under age/weight,Spring,No
cat,6,Spayed,fractious,Spring,No
cat,9,Neutered,injured  severe,Winter,No
bird,2,Unknown,injured  severe,Fall,No
rabbit,6,Male,behavior  severe,Spring,No
dog,6,Neutered,normal,Summer,Yes
cat,4,Male,ill mild,Summer,No
dog,9,Female,normal,Summer,No
dog,14,Spayed,normal,Fall,No
dog,8,Female,normal,Summer,No
dog,10,Male,normal,Spring,No
dog,11,Male,normal,Fall,No
dog,6,Male,fractious,Spring,No
dog,11,Neutered,normal,Summer,Yes
other,10,Unknown,normal,Summer,No
dog,9,Neutered,normal,Spring,Yes
cat,4,Female,normal,Fall,No
dog,1,Male,ill severe,Summer,No
cat,0,Unknown,ill moderatete,Spring,No
bird,3,Unknown,ill moderatete,Fall,No
cat,0,Unknown,ill moderatete,Spring,No
cat,0,Unknown,ill moderatete,Spring,No
cat,7,Female,normal,Fall,No
dog,9,Female,normal,Fall,No
bird,8,Unknown,injured  severe,Winter,No
cat,4,Neutered,fractious,Summer,No
cat,8,Spayed,fractious,Fall,No
cat,6,Male,under age/weight,Spring,No
bird,7,Unknown,ill severe,Spring,No
cat,9,Spayed,feral,Summer,No
dog,7,Spayed,normal,Fall,Yes
cat,6,Female,under age/weight,Summer,No
dog,8,Female,fractious,Spring,No
rabbit,7,Neutered,normal,Spring,No
cat,10,Spayed,normal,Fall,No
dog,1,Spayed,normal,Fall,Yes
dog,6,Neutered,normal,Summer,Yes
cat,0,Spayed,under age/weight,Summer,No
other,7,Unknown,under age/weight,Winter,No
other,1,Male,ill moderatete,Spring,No
other,7,Unknown,under age/weight,Winter,No
cat,5,Male,under age/weight,Fall,No
other,7,Unknown,under age/weight,Winter,No
cat,7,Female,under age/weight,Summer,No
cat,5,Male,fractious,Summer,No
dog,15,Female,behavior  moderate,Winter,No
dog,13,Neutered,normal,Spring,No
bird,2,Unknown,ill mild,Summer,No
cat,3,Spayed,behavior  mild,Fall,No
cat,6,Female,under age/weight,Summer,No
dog,9,Spayed,normal,Fall,No
cat,7,Spayed,fractious,Spring,No
cat,8,Spayed,normal,Spring,Yes
cat,8,Male,normal,Winter,No
dog,13,Neutered,Other,Spring,No
cat,10,Female,normal,Spring,No
bird,1,Unknown,injured  moderate,Fall,No
cat,11,Female,normal,Spring,No
cat,10,Neutered,ill moderatete,Spring,No
dog,1,Neutered,normal,Summer,No
cat,6,Neutered,normal,Winter,Yes
dog,7,Spayed,normal,Fall,Yes
cat,5,Male,under age/weight,Fall,No
cat,4,Female,injured  severe,Spring,No
cat,1,Female,under age/weight,Summer,No
dog,17,Male,normal,Summer,No
dog,2,Female,injured  severe,Summer,No
cat,2,Unknown,injured  severe,Winter,No
bird,5,Unknown,injured  severe,Fall,No
dog,8,Neutered,fractious,Summer,No
cat,7,Spayed,normal,Spring,Yes
cat,5,Neutered,injured  moderate,Summer,No
dog,10,Spayed,normal,Spring,Yes
dog,15,Male,normal,Spring,No
cat,10,Male,injured  severe,Spring,No
cat,1,Neutered,ill moderatete,Summer,Yes
cat,7,Female,under age/weight,Spring,No
cat,1,Neutered,under age/weight,Summer,Yes
cat,0,Neutered,under age/weight,Winter,Yes
dog,8,Male,normal,Fall,No
cat,2,Male,ill moderatete,Summer,No
cat,9,Spayed,normal,Spring,Yes
wild,7,Unknown,under age/weight,Spring,No
dog,8,Female,normal,Fall,No
cat,2,Female,ill severe,Summer,No
cat,2,Male,under age/weight,Fall,Yes
cat,7,Unknown,under age/weight,Spring,No
cat,2,Male,under age/weight,Summer,Yes
cat,7,Unknown,under age/weight,Spring,No
cat,2,Spayed,under age/weight,Summer,Yes
cat,1,Female,normal,Summer,Yes
cat,1,Spayed,normal,Summer,No
cat,5,Female,ill mild,Winter,No
dog,4,Neutered,normal,Winter,Yes
dog,3,Neutered,normal,Spring,Yes
dog,9,Male,normal,Summer,No
Other,5,Unknown,injured  severe,Summer,No
cat,9,Male,normal,Winter,No
cat,0,Spayed,under age/weight,Summer,No
wild,5,Unknown,injured  severe,Winter,No
cat,0,Male,under age/weight,Summer,No
cat,0,Neutered,under age/weight,Summer,No
other,3,Unknown,injured  severe,Spring,No
dog,13,Spayed,normal,Summer,Yes
rabbit,4,Male,normal,Fall,No
dog,8,Neutered,normal,Summer,No
dog,17,Spayed,normal,Spring,No
dog,9,Male,normal,Spring,No
bird,2,Unknown,injured  moderate,Summer,Yes
dog,2,Spayed,normal,Summer,Yes
dog,2,Spayed,normal,Summer,Yes
cat,4,Unknown,under age/weight,Summer,No
cat,2,Neutered,ill mild,Winter,Yes
wild,5,Unknown,injured  severe,Spring,No
cat,2,Unknown,injured  moderate,Winter,No
cat,4,Female,normal,Fall,No
cat,12,Neutered,normal,Summer,Yes
cat,8,Neutered,ill moderatete,Winter,No
bird,8,Unknown,injured  severe,Summer,No
wild,3,Unknown,injured  severe,Spring,No
wild,1,Unknown,ill severe,Spring,No
cat,12,Spayed,normal,Winter,Yes
cat,2,Neutered,under age/weight,Summer,Yes
cat,4,Female,under age/weight,Summer,No
dog,11,Neutered,normal,Spring,No
cat,2,Neutered,under age/weight,Summer,Yes
dog,6,Female,normal,Fall,No
cat,0,Unknown,under age/weight,Fall,No
cat,6,Unknown,under age/weight,Fall,No
cat,7,Spayed,normal,Spring,Yes
cat,2,Spayed,under age/weight,Fall,No
cat,6,Female,under age/weight,Summer,No
dog,9,Male,normal,Fall,No
cat,5,Female,under age/weight,Summer,No
bird,4,Unknown,injured  mild,Spring,No
cat,1,Male,under age/weight,Fall,Yes
bird,0,Unknown,ill moderatete,Spring,No
dog,5,Male,behavior  moderate,Summer,No
cat,9,Female,normal,Summer,No
dog,8,Neutered,normal,Summer,Yes
cat,6,Female,under age/weight,Summer,No
dog,8,Female,normal,Winter,No
cat,6,Male,under age/weight,Winter,No
wild,8,Unknown,ill severe,Spring,No
cat,4,Female,under age/weight,Fall,No
cat,11,Neutered,fractious,Winter,No
cat,1,Male,under age/weight,Winter,No
cat,1,Neutered,i/i report,Winter,No
cat,2,Spayed,under age/weight,Summer,No
dog,8,Male,normal,Winter,No
rabbit,6,Spayed,normal,Spring,No
cat,6,Female,under age/weight,Spring,No
dog,9,Female,injured  severe,Fall,No
cat,6,Female,under age/weight,Spring,No
other,8,Unknown,ill severe,Summer,No
dog,8,Male,normal,Spring,No
dog,1,Male,normal,Spring,No
dog,1,Male,normal,Fall,No
cat,2,Female,under age/weight,Summer,No
dog,1,Male,normal,Fall,No
cat,2,Female,under age/weight,Summer,No
dog,1,Female,normal,Fall,No
cat,2,Female,under age/weight,Summer,No
dog,8,Male,normal,Fall,No
dog,11,Male,normal,Fall,No
cat,3,Spayed,under age/weight,Spring,Yes
dog,8,Male,normal,Spring,No
dog,16,Neutered,normal,Spring,No
dog,5,Female,normal,Summer,No
dog,6,Female,under age/weight,Summer,No
dog,3,Female,ill mild,Fall,No
dog,11,Female,normal,Fall,No
cat,1,Male,under age/weight,Summer,No
cat,6,Unknown,under age/weight,Spring,No
other,8,Unknown,injured  severe,Spring,No
cat,0,Male,under age/weight,Fall,No
cat,1,Unknown,under age/weight,Spring,No
cat,2,Neutered,i/i report,Fall,No
cat,0,Female,under age/weight,Fall,No
dog,4,Neutered,normal,Fall,Yes
cat,2,Spayed,normal,Spring,Yes
dog,6,Spayed,normal,Fall,Yes
dog,3,Neutered,normal,Winter,Yes
dog,12,Neutered,normal,Winter,Yes
cat,7,Male,under age/weight,Summer,No
dog,6,Male,normal,Summer,Yes
dog,19,Male,ill moderatete,Spring,No
cat,7,Female,under age/weight,Summer,No
dog,7,Male,normal,Summer,No
dog,20,Female,normal,Summer,No
cat,6,Male,under age/weight,Fall,No
cat,5,Spayed,under age/weight,Fall,Yes
cat,2,Female,under age/weight,Summer,No
cat,9,Unknown,injured  severe,Summer,No
cat,7,Unknown,under age/weight,Spring,No
cat,1,Neutered,ill mild,Winter,Yes
cat,3,Female,injured  moderate,Spring,No
cat,1,Spayed,ill mild,Winter,Yes
cat,2,Neutered,under age/weight,Fall,Yes
bird,8,Unknown,injured  moderate,Fall,No
cat,0,Neutered,normal,Fall,Yes
dog,6,Male,normal,Fall,No
dog,8,Female,injured  severe,Summer,No
dog,7,Male,normal,Spring,No
dog,11,Male,ill mild,Summer,No
cat,8,Female,injured  moderate,Fall,No
dog,6,Male,normal,Fall,No
dog,2,Female,normal,Fall,No
cat,3,Spayed,under age/weight,Spring,Yes
cat,4,Spayed,ill moderatete,Fall,Yes
dog,14,Spayed,normal,Fall,Yes
dog,11,Neutered,normal,Fall,No
dog,8,Neutered,normal,Fall,No
cat,0,Female,under age/weight,Spring,No
cat,9,Neutered,normal,Fall,Yes
rabbit,4,Spayed,normal,Summer,No
cat,7,Male,under age/weight,Fall,No
cat,7,Unknown,under age/weight,Summer,No
cat,5,Unknown,under age/weight,Summer,No
dog,10,Female,normal,Winter,No
cat,5,Unknown,under age/weight,Summer,No
cat,4,Male,under age/weight,Summer,No
cat,4,Male,under age/weight,Summer,No
dog,8,Female,injured  moderate,Fall,Yes
dog,7,Female,normal,Fall,No
cat,10,Female,ill severe,Fall,No
dog,11,Neutered,normal,Winter,No
cat,7,Neutered,normal,Spring,No
other,2,Unknown,under age/weight,Summer,No
cat,2,Unknown,ill severe,Summer,No
cat,8,Female,under age/weight,Spring,No
dog,2,Male,normal,Summer,No
cat,7,Male,under age/weight,Spring,Yes
cat,9,Spayed,feral,Winter,No
cat,7,Unknown,under age/weight,Spring,No
dog,8,Male,normal,Winter,No
dog,10,Neutered,normal,Summer,No
cat,2,Female,normal,Summer,No
dog,8,Neutered,normal,Spring,Yes
cat,5,Spayed,normal,Winter,Yes
cat,2,Female,normal,Summer,No
cat,2,Unknown,under age/weight,Summer,No
cat,0,Spayed,under age/weight,Summer,Yes
cat,0,Male,under age/weight,Summer,No
dog,7,Neutered,normal,Spring,No
dog,4,Neutered,normal,Fall,Yes
cat,16,Neutered,normal,Spring,No
cat,0,Female,ill moderatete,Summer,No
cat,8,Female,normal,Spring,Yes
cat,8,Female,normal,Summer,No
cat,7,Unknown,under age/weight,Summer,No
cat,8,Female,normal,Summer,No
dog,3,Neutered,normal,Winter,Yes
cat,8,Male,normal,Spring,No
cat,2,Male,normal,Summer,No
other,8,Unknown,ill severe,Summer,No
cat,7,Spayed,normal,Fall,No
cat,2,Female,normal,Summer,No
dog,14,Female,ill severe,Winter,No
cat,7,Female,under age/weight,Spring,No
bird,2,Unknown,injured  severe,Summer,No
wild,3,Unknown,injured  severe,Spring,No
cat,7,Male,under age/weight,Summer,No
wild,3,Unknown,injured  severe,Spring,No
cat,7,Male,under age/weight,Summer,No
wild,3,Unknown,injured  severe,Spring,No
cat,7,Female,under age/weight,Summer,No
dog,1,Neutered,ill mild,Summer,Yes
dog,9,Male,normal,Summer,No
cat,7,Unknown,injured  severe,Winter,No
cat,3,Female,injured  severe,Summer,No
dog,11,Spayed,normal,Winter,No
dog,9,Male,normal,Fall,No
dog,4,Spayed,normal,Fall,Yes
cat,3,Female,ill mild,Fall,No
cat,6,Unknown,under age/weight,Summer,No
cat,8,Unknown,ill moderatete,Spring,No
cat,6,Male,under age/weight,Spring,No
cat,7,Female,ill moderatete,Summer,No
dog,2,Male,Other,Spring,No
cat,6,Male,under age/weight,Spring,No
cat,7,Female,under age/weight,Fall,No
cat,3,Female,under age/weight,Spring,No
cat,0,Spayed,normal,Fall,No
cat,6,Spayed,normal,Fall,No
cat,0,Neutered,normal,Fall,Yes
cat,1,Male,under age/weight,Summer,No
cat,2,Spayed,normal,Fall,No
cat,1,Male,under age/weight,Summer,No
dog,5,Female,normal,Winter,No
dog,2,Male,under age/weight,Winter,No
cat,7,Female,injured  severe,Fall,No
dog,10,Neutered,behavior  mild,Winter,Yes
dog,3,Female,normal,Fall,No
cat,6,Female,under age/weight,Fall,No
dog,14,Neutered,normal,Fall,No
cat,7,Unknown,under age/weight,Fall,No
dog,11,Neutered,ill moderatete,Fall,Yes
cat,4,Neutered,normal,Spring,No
dog,15,Neutered,injured  severe,Summer,No
cat,3,Male,ill mild,Winter,No
cat,7,Female,ill mild,Summer,No
Other,2,Unknown,normal,Summer,No
cat,6,Male,under age/weight,Fall,No
dog,15,Male,normal,Spring,No
cat,2,Female,under age/weight,Fall,Yes
cat,4,Male,under age/weight,Winter,Yes
cat,9,Spayed,normal,Fall,Yes
cat,8,Male,ill severe,Winter,No
cat,4,Neutered,normal,Fall,No
dog,1,Male,injured  mild,Summer,No
bird,6,Unknown,injured  severe,Summer,No
dog,2,Female,normal,Spring,No
dog,12,Male,normal,Summer,No
dog,11,Neutered,ill moderatete,Fall,No
cat,10,Spayed,normal,Summer,No
bird,2,Unknown,injured  moderate,Winter,No
cat,18,Female,ill moderatete,Spring,No
cat,3,Neutered,normal,Fall,Yes
dog,6,Neutered,injured  mild,Spring,No
bird,5,Unknown,injured  moderate,Winter,No
dog,6,Neutered,normal,Spring,Yes
dog,8,Female,normal,Spring,No
bird,8,Unknown,injured  severe,Winter,No
cat,3,Unknown,injured  moderate,Fall,No
bird,2,Unknown,injured  mild,Fall,No
dog,10,Male,injured  severe,Fall,No
wild,8,Unknown,ill severe,Summer,No
dog,5,Female,injured  severe,Spring,No
dog,2,Neutered,normal,Winter,No
wild,7,Unknown,under age/weight,Spring,No
cat,2,Neutered,ill moderatete,Spring,Yes
cat,2,Spayed,under age/weight,Summer,Yes
cat,0,Spayed,under age/weight,Summer,No
dog,14,Neutered,normal,Winter,No
cat,0,Spayed,under age/weight,Summer,No
cat,4,Neutered,normal,Spring,Yes
cat,4,Spayed,normal,Spring,Yes
cat,3,Female,injured  severe,Spring,No
cat,0,Spayed,ill mild,Fall,Yes
cat,0,Spayed,ill mild,Fall,Yes
cat,2,Female,under age/weight,Summer,No
rabbit,2,Spayed,normal,Winter,No
dog,10,Female,injured  severe,Spring,Yes
cat,6,Neutered,injured  moderate,Winter,No
dog,2,Spayed,normal,Spring,Yes
dog,10,Spayed,normal,Fall,No
cat,0,Spayed,under age/weight,Fall,Yes
dog,5,Male,normal,Winter,No
cat,0,Spayed,under age/weight,Fall,Yes
cat,0,Neutered,under age/weight,Fall,Yes
cat,2,Male,under age/weight,Fall,No
cat,12,Female,normal,Summer,No
cat,2,Spayed,normal,Summer,Yes
cat,2,Male,normal,Summer,Yes
cat,4,Neutered,normal,Winter,No
dog,8,Neutered,normal,Summer,No
cat,9,Neutered,ill moderatete,Spring,Yes
cat,10,Male,injured  severe,Spring,No
cat,1,Female,ill mild,Summer,No
cat,1,Unknown,ill moderatete,Fall,No
cat,1,Spayed,ill mild,Summer,Yes
cat,0,Male,under age/weight,Spring,No
dog,9,Neutered,normal,Winter,Yes
cat,11,Male,injured  moderate,Spring,No
cat,7,Neutered,feral,Winter,Yes
cat,9,Spayed,feral,Fall,No
wild,4,Unknown,injured  severe,Fall,No
other,6,Unknown,injured  severe,Summer,No
other,1,Unknown,injured  mild,Spring,No
cat,1,Male,under age/weight,Winter,No
cat,8,Spayed,normal,Fall,No
cat,4,Male,under age/weight,Summer,No
cat,1,Female,ill moderatete,Summer,No
dog,3,Female,normal,Spring,No
cat,14,Female,normal,Winter,No
cat,1,Male,under age/weight,Winter,No
cat,5,Spayed,normal,Spring,Yes
cat,2,Neutered,i/i report,Winter,Yes
dog,4,Spayed,normal,Summer,Yes
cat,5,Spayed,normal,Winter,Yes
dog,3,Neutered,normal,Spring,Yes
cat,3,Spayed,ill mild,Winter,No
dog,3,Female,normal,Winter,No
cat,1,Spayed,ill mild,Winter,No
dog,6,Male,normal,Summer,No
cat,4,Neutered,ill moderatete,Spring,No
dog,5,Neutered,normal,Winter,No
cat,2,Male,ill severe,Fall,Yes
cat,2,Neutered,normal,Winter,Yes
dog,5,Female,i/i report,Fall,No
cat,5,Female,under age/weight,Fall,No
dog,7,Male,normal,Winter,No
dog,9,Male,normal,Summer,No
cat,0,Unknown,under age/weight,Spring,No
cat,6,Spayed,under age/weight,Winter,Yes
dog,1,Spayed,injured  mild,Fall,Yes
cat,6,Spayed,under age/weight,Winter,Yes
dog,7,Spayed,normal,Fall,No
cat,7,Neutered,normal,Fall,Yes
dog,9,Spayed,i/i report,Winter,No
dog,9,Neutered,injured  mild,Fall,No
cat,2,Spayed,under age/weight,Summer,Yes
dog,4,Female,normal,Summer,No
cat,2,Spayed,under age/weight,Summer,Yes
cat,1,Female,ill mild,Winter,No
cat,1,Spayed,under age/weight,Summer,No
cat,2,Female,under age/weight,Summer,Yes
rabbit,4,Neutered,injured  mild,Fall,No
cat,2,Neutered,under age/weight,Summer,Yes
cat,2,Male,under age/weight,Summer,Yes
dog,4,Male,normal,Spring,No
dog,13,Male,normal,Winter,No
cat,6,Female,ill severe,Fall,No
dog,12,Neutered,normal,Spring,Yes
dog,1,Neutered,normal,Winter,Yes
cat,1,Neutered,i/i report,Winter,Yes
cat,1,Neutered,i/i report,Winter,Yes
dog,8,Male,injured  mild,Spring,No
cat,1,Unknown,ill severe,Winter,No
bird,3,Unknown,ill severe,Fall,No
cat,9,Neutered,normal,Spring,Yes
cat,3,Neutered,injured  mild,Fall,Yes
cat,2,Spayed,normal,Spring,Yes
cat,3,Male,injured  severe,Fall,No
dog,11,Neutered,normal,Spring,Yes
dog,1,Neutered,normal,Spring,Yes
cat,3,Neutered,ill mild,Fall,No
dog,8,Male,normal,Winter,No
dog,1,Female,normal,Winter,No
cat,7,Female,under age/weight,Fall,No
dog,1,Female,normal,Winter,No
cat,7,Female,under age/weight,Fall,No
cat,9,Spayed,normal,Spring,No
dog,1,Neutered,normal,Fall,Yes
dog,17,Spayed,normal,Summer,No
cat,2,Neutered,normal,Summer,No
cat,18,Neutered,normal,Winter,No
dog,4,Male,normal,Fall,No
cat,6,Male,under age/weight,Fall,No
cat,10,Neutered,feral,Summer,No
dog,14,Neutered,normal,Fall,No
dog,18,Spayed,normal,Fall,No
dog,18,Spayed,ill moderatete,Fall,No
cat,6,Female,normal,Winter,No
rabbit,7,Neutered,normal,Winter,Yes
dog,7,Female,normal,Summer,No
dog,6,Female,normal,Summer,No
cat,5,Spayed,normal,Winter,No
cat,13,Neutered,behavior  mild,Winter,No
cat,4,Spayed,injured  moderate,Summer,No
cat,5,Female,normal,Summer,No
dog,10,Female,normal,Winter,No
dog,17,Female,injured  severe,Fall,No
cat,5,Male,normal,Fall,No
dog,6,Neutered,normal,Fall,Yes
cat,6,Female,normal,Summer,No
cat,6,Unknown,under age/weight,Fall,No
bird,7,Female,normal,Summer,No
cat,8,Spayed,fractious,Winter,No
cat,7,Female,normal,Summer,No
dog,8,Female,normal,Summer,No
cat,7,Female,normal,Summer,No
cat,10,Spayed,normal,Fall,Yes
cat,11,Male,normal,Winter,No
other,9,Female,ill moderatete,Spring,No
dog,4,Female,normal,Spring,No
cat,7,Male,under age/weight,Summer,No
rabbit,9,Male,normal,Winter,No
dog,10,Spayed,normal,Fall,No
cat,4,Male,under age/weight,Winter,Yes
dog,10,Male,normal,Spring,No
dog,12,Male,normal,Spring,No
other,6,Unknown,injured  severe,Summer,No
dog,11,Male,normal,Summer,No
cat,7,Spayed,normal,Summer,No
dog,16,Spayed,ill severe,Summer,No
dog,8,Male,normal,Fall,No
dog,6,Male,injured  mild,Fall,No
cat,5,Female,fractious,Spring,No
other,8,Unknown,injured  moderate,Fall,No
cat,19,Neutered,normal,Summer,Yes
other,7,Unknown,ill severe,Fall,No
cat,7,Neutered,normal,Summer,No
cat,1,Male,under age/weight,Fall,No
cat,0,Spayed,ill mild,Fall,Yes
dog,5,Neutered,normal,Fall,Yes
rabbit,2,Neutered,normal,Winter,No
bird,3,Unknown,ill moderatete,Fall,No
cat,4,Female,ill mild,Fall,No
cat,6,Male,normal,Summer,Yes
dog,9,Male,injured  mild,Winter,Yes
cat,7,Female,normal,Summer,No
cat,0,Neutered,under age/weight,Summer,No
cat,16,Female,feral,Summer,Yes
dog,8,Male,normal,Summer,No
dog,10,Neutered,injured  moderate,Fall,Yes
dog,8,Spayed,normal,Summer,Yes
cat,7,Female,under age/weight,Spring,No
cat,10,Spayed,normal,Winter,Yes
cat,5,Neutered,ill moderatete,Winter,Yes
cat,6,Female,injured  severe,Spring,No
cat,1,Female,under age/weight,Summer,No
dog,4,Neutered,injured  moderate,Summer,No
cat,6,Spayed,fractious,Spring,No
cat,7,Female,under age/weight,Summer,No
cat,1,Male,under age/weight,Winter,Yes
dog,10,Male,normal,Winter,No
dog,2,Neutered,normal,Summer,No
dog,8,Male,normal,Summer,No
dog,10,Female,normal,Summer,No
rabbit,1,Unknown,injured  severe,Spring,No
dog,12,Female,normal,Summer,No
cat,4,Neutered,normal,Summer,Yes
cat,4,Spayed,normal,Winter,Yes
cat,5,Neutered,fractious,Fall,No
wild,2,Male,under age/weight,Spring,No
cat,5,Neutered,fractious,Fall,No
cat,0,Neutered,under age/weight,Fall,Yes
cat,5,Male,under age/weight,Summer,No
wild,7,Unknown,ill moderatete,Spring,No
dog,1,Male,normal,Fall,No
cat,1,Unknown,ill severe,Fall,No
dog,2,Male,normal,Fall,No
dog,8,Neutered,injured  moderate,Winter,Yes
wild,4,Unknown,injured  mild,Summer,No
cat,4,Unknown,under age/weight,Spring,No
dog,8,Male,normal,Spring,No
dog,13,Neutered,normal,Summer,Yes
cat,7,Female,injured  severe,Summer,No
dog,19,Neutered,normal,Fall,No
cat,6,Female,normal,Winter,Yes
cat,8,Male,fractious,Spring,Yes
dog,14,Neutered,ill mild,Fall,Yes
dog,11,Male,normal,Summer,No
cat,6,Neutered,fractious,Summer,No
cat,1,Neutered,under age/weight,Summer,Yes
dog,21,Female,normal,Summer,No
cat,1,Neutered,under age/weight,Fall,Yes
cat,7,Female,normal,Spring,No
cat,7,Spayed,fractious,Winter,No
cat,4,Spayed,normal,Winter,Yes
dog,19,Neutered,ill severe,Fall,No
cat,4,Male,normal,Fall,No
cat,6,Neutered,ill moderatete,Fall,Yes
cat,6,Spayed,normal,Spring,No
cat,6,Female,under age/weight,Spring,No
dog,11,Male,injured  mild,Summer,No
cat,0,Female,under age/weight,Spring,No
dog,8,Male,normal,Spring,No
dog,10,Neutered,normal,Summer,Yes
other,7,Unknown,under age/weight,Spring,No
cat,3,Female,injured  severe,Winter,No
dog,4,Male,normal,Summer,No
cat,6,Female,normal,Summer,Yes
cat,5,Male,normal,Fall,No
dog,13,Spayed,normal,Summer,No
rabbit,7,Spayed,normal,Summer,Yes
cat,5,Unknown,under age/weight,Summer,No
cat,4,Spayed,normal,Spring,Yes
cat,5,Unknown,under age/weight,Summer,No
cat,6,Spayed,normal,Spring,Yes
cat,9,Female,under age/weight,Spring,No
cat,7,Female,under age/weight,Spring,No
dog,16,Male,normal,Winter,No
dog,16,Male,normal,Winter,No
dog,6,Neutered,normal,Winter,No
dog,12,Male,normal,Winter,No
cat,0,Neutered,under age/weight,Summer,Yes
cat,7,Female,under age/weight,Summer,No
cat,7,Male,under age/weight,Summer,No
cat,7,Female,under age/weight,Fall,No
cat,7,Female,under age/weight,Summer,No
cat,10,Male,normal,Summer,No
cat,1,Spayed,normal,Fall,Yes
cat,0,Neutered,normal,Winter,Yes
cat,0,Spayed,normal,Winter,Yes
other,3,Male,normal,Summer,No
other,3,Male,normal,Summer,No
other,3,Female,normal,Summer,No
other,3,Female,normal,Summer,No
other,3,Female,normal,Summer,No
dog,4,Male,normal,Winter,Yes
dog,6,Male,normal,Fall,No
cat,12,Female,injured  severe,Spring,No
dog,10,Male,normal,Winter,No
cat,6,Female,normal,Summer,No
dog,11,Spayed,normal,Summer,No
dog,16,Neutered,normal,Spring,No
cat,4,Spayed,normal,Winter,Yes
dog,13,Neutered,normal,Winter,No
dog,9,Neutered,behavior  severe,Spring,No
dog,12,Neutered,normal,Winter,No
dog,14,Male,normal,Winter,No
cat,1,Neutered,injured  mild,Fall,Yes
dog,9,Male,normal,Winter,No
bird,3,Unknown,ill moderatete,Winter,No
dog,16,Female,normal,Fall,No
cat,11,Spayed,normal,Spring,No
dog,7,Male,normal,Fall,No
cat,2,Male,under age/weight,Summer,Yes
dog,8,Female,normal,Spring,No
cat,2,Spayed,under age/weight,Summer,Yes
dog,4,Neutered,normal,Fall,Yes
dog,2,Female,normal,Fall,Yes
cat,5,Neutered,injured  moderate,Summer,No
cat,20,Female,normal,Spring,No
cat,0,Neutered,ill mild,Summer,Yes
bird,5,Unknown,ill severe,Fall,No
cat,1,Female,normal,Summer,No
cat,0,Male,ill moderatete,Fall,No
cat,2,Spayed,under age/weight,Fall,Yes
cat,2,Male,under age/weight,Fall,No
dog,9,Male,normal,Spring,No
dog,2,Male,normal,Winter,No
dog,2,Male,normal,Winter,No
cat,9,Neutered,normal,Summer,No
dog,9,Female,normal,Summer,No
other,6,Unknown,under age/weight,Spring,No
other,6,Unknown,under age/weight,Spring,No
other,6,Unknown,under age/weight,Spring,No
cat,7,Female,feral,Fall,No
cat,1,Neutered,ill mild,Summer,Yes
Other,10,Unknown,normal,Spring,No
cat,7,Female,normal,Summer,Yes
dog,9,Female,normal,Fall,No
cat,6,Female,ill severe,Winter,No
dog,11,Neutered,normal,Fall,No
dog,14,Spayed,normal,Spring,No
cat,5,Female,normal,Summer,No
cat,7,Female,normal,Fall,No
cat,4,Female,under age/weight,Summer,No
cat,5,Female,under age/weight,Summer,No
cat,5,Male,under age/weight,Summer,No
other,10,Unknown,injured  severe,Spring,No
dog,16,Female,normal,Winter,No
cat,5,Male,injured  severe,Summer,No
wild,8,Male,injured  severe,Spring,No
dog,13,Male,normal,Fall,No
cat,6,Female,normal,Spring,Yes
cat,7,Unknown,under age/weight,Fall,No
rabbit,9,Neutered,normal,Winter,No
cat,9,Female,normal,Summer,No
cat,7,Female,under age/weight,Summer,No
cat,10,Spayed,normal,Spring,No
cat,6,Male,normal,Spring,Yes
cat,8,Male,normal,Winter,No
dog,7,Neutered,normal,Fall,No
dog,2,Female,normal,Spring,No
other,4,Unknown,under age/weight,Summer,No
cat,2,Female,under age/weight,Summer,No
cat,0,Male,ill severe,Fall,No
other,2,Unknown,injured  moderate,Fall,No
cat,9,Spayed,fractious,Fall,No
cat,4,Neutered,normal,Fall,No
cat,4,Female,normal,Fall,No
cat,6,Spayed,normal,Winter,Yes
dog,1,Spayed,normal,Fall,Yes
cat,5,Female,normal,Fall,No
dog,5,Spayed,behavior  moderate,Summer,Yes
dog,5,Female,i/i report,Fall,No
dog,9,Neutered,normal,Summer,No
dog,8,Male,under age/weight,Spring,No
dog,8,Female,under age/weight,Spring,No
dog,15,Female,Other,Fall,No
cat,8,Spayed,normal,Spring,Yes
cat,3,Neutered,normal,Summer,Yes
wild,9,Unknown,injured  severe,Spring,No
bird,5,Unknown,injured  mild,Winter,No
cat,3,Male,normal,Summer,Yes
other,6,Unknown,ill mild,Fall,No
cat,12,Male,injured  moderate,Fall,No
dog,1,Female,normal,Fall,No
dog,5,Spayed,normal,Summer,Yes
Other,10,Female,normal,Fall,No
cat,0,Female,under age/weight,Spring,No
dog,8,Neutered,normal,Summer,Yes
rabbit,2,Neutered,normal,Summer,Yes
cat,4,Neutered,normal,Fall,No
dog,6,Male,normal,Winter,No
dog,10,Neutered,normal,Spring,No
dog,10,Male,ill moderatete,Winter,No
cat,0,Unknown,under age/weight,Summer,No
cat,9,Neutered,normal,Spring,No
cat,0,Unknown,under age/weight,Summer,No
cat,0,Neutered,under age/weight,Summer,No
cat,0,Spayed,under age/weight,Summer,Yes
cat,4,Neutered,injured  severe,Spring,No
dog,18,Spayed,Other,Summer,No
bird,7,Unknown,ill severe,Spring,No
cat,11,Male,ill severe,Spring,No
cat,6,Neutered,normal,Winter,Yes
cat,7,Spayed,normal,Summer,Yes
cat,6,Spayed,normal,Fall,No
cat,6,Spayed,normal,Fall,No
cat,6,Female,injured  moderate,Fall,No
cat,7,Female,under age/weight,Summer,No
cat,0,Spayed,under age/weight,Winter,Yes
dog,7,Female,normal,Fall,Yes
dog,7,Spayed,normal,Fall,No
other,6,Unknown,ill severe,Winter,No
cat,9,Neutered,normal,Summer,Yes
cat,10,Neutered,normal,Summer,Yes
cat,2,Neutered,ill severe,Spring,No
dog,10,Neutered,normal,Fall,Yes
rabbit,1,Neutered,normal,Summer,Yes
cat,7,Female,normal,Summer,No
cat,7,Female,under age/weight,Summer,No
bird,0,Unknown,under age/weight,Summer,No
cat,7,Male,normal,Summer,No
dog,9,Male,normal,Summer,No
cat,4,Spayed,normal,Spring,Yes
cat,12,Spayed,ill mild,Winter,No
cat,0,Unknown,under age/weight,Fall,No
other,2,Unknown,under age/weight,Summer,No
cat,3,Neutered,behavior  moderate,Fall,Yes
other,2,Unknown,under age/weight,Summer,No
cat,6,Unknown,under age/weight,Fall,No
other,2,Unknown,under age/weight,Summer,No
dog,9,Spayed,normal,Summer,Yes
other,2,Unknown,under age/weight,Summer,No
cat,7,Unknown,injured  severe,Fall,No
dog,2,Female,normal,Summer,No
dog,14,Female,normal,Fall,No
dog,4,Neutered,normal,Winter,No
dog,3,Male,normal,Winter,No
dog,16,Spayed,ill moderatete,Fall,No
cat,6,Unknown,under age/weight,Spring,No
dog,5,Neutered,normal,Fall,Yes
dog,5,Neutered,normal,Summer,No
cat,0,Neutered,under age/weight,Summer,Yes
cat,17,Male,normal,Spring,No
cat,7,Female,injured  severe,Fall,No
cat,6,Male,under age/weight,Fall,No
cat,1,Male,under age/weight,Spring,No
dog,17,Neutered,normal,Summer,No
dog,7,Neutered,injured  mild,Spring,Yes
cat,6,Unknown,under age/weight,Summer,No
dog,8,Female,injured  mild,Winter,Yes
cat,4,Male,normal,Spring,No
cat,6,Unknown,under age/weight,Summer,No
dog,7,Neutered,injured  mild,Spring,No
cat,4,Male,normal,Spring,No
cat,6,Female,under age/weight,Summer,No
cat,4,Female,normal,Spring,No
cat,6,Male,normal,Summer,No
cat,5,Female,normal,Summer,Yes
dog,16,Neutered,normal,Summer,No
other,6,Unknown,injured  severe,Fall,No
dog,11,Neutered,injured  mild,Summer,No
cat,7,Unknown,under age/weight,Winter,No
cat,5,Neutered,behavior  moderate,Winter,Yes
dog,16,Neutered,normal,Spring,No
cat,9,Spayed,ill mild,Spring,Yes
cat,7,Unknown,under age/weight,Winter,No
cat,6,Male,normal,Summer,No
cat,0,Male,under age/weight,Fall,No
rabbit,6,Neutered,normal,Summer,Yes
dog,1,Female,normal,Spring,No
dog,1,Male,normal,Fall,No
dog,1,Male,normal,Fall,No
dog,8,Male,normal,Winter,No
cat,5,Male,under age/weight,Summer,No
dog,10,Female,ill severe,Winter,No
cat,5,Male,under age/weight,Summer,No
dog,12,Male,normal,Fall,No
cat,5,Female,under age/weight,Summer,No
cat,4,Spayed,normal,Summer,No
cat,4,Male,injured  severe,Fall,No
dog,11,Neutered,normal,Spring,No
cat,7,Female,under age/weight,Summer,No
cat,0,Neutered,under age/weight,Summer,Yes
dog,13,Neutered,ill moderatete,Summer,Yes
cat,0,Neutered,under age/weight,Summer,Yes
dog,9,Male,ill moderatete,Summer,No
cat,5,Male,injured  severe,Summer,No
dog,1,Neutered,normal,Winter,Yes
cat,7,Male,normal,Summer,No
dog,7,Male,normal,Fall,No
dog,12,Neutered,normal,Summer,No
cat,0,Neutered,ill mild,Summer,No
dog,3,Neutered,normal,Fall,Yes
dog,15,Neutered,normal,Fall,No
cat,0,Male,under age/weight,Summer,No
cat,2,Neutered,under age/weight,Summer,Yes
cat,0,Male,under age/weight,Summer,No
cat,0,Female,under age/weight,Spring,No
cat,0,Neutered,normal,Fall,Yes
dog,8,Spayed,normal,Spring,No
dog,6,Neutered,normal,Fall,Yes
dog,6,Neutered,injured  severe,Summer,Yes
cat,7,Female,under age/weight,Spring,No
cat,7,Male,normal,Fall,No
dog,7,Male,injured  severe,Summer,Yes
cat,7,Female,under age/weight,Spring,No
cat,7,Unknown,normal,Fall,No
cat,3,Male,under age/weight,Spring,Yes
cat,8,Spayed,normal,Spring,No
cat,3,Male,under age/weight,Spring,Yes
cat,8,Female,normal,Spring,No
other,2,Unknown,injured  severe,Fall,No
cat,8,Female,normal,Spring,No
cat,5,Male,under age/weight,Summer,No
cat,8,Female,normal,Spring,No
dog,12,Spayed,normal,Winter,No
dog,7,Female,normal,Summer,No
cat,0,Female,under age/weight,Spring,No
dog,9,Spayed,injured  mild,Summer,No
cat,0,Male,under age/weight,Spring,No
cat,0,Female,under age/weight,Spring,No
cat,0,Neutered,ill mild,Winter,Yes
cat,7,Unknown,under age/weight,Summer,No
dog,3,Neutered,normal,Spring,No
rabbit,2,Female,normal,Fall,No
cat,7,Female,normal,Fall,No
rabbit,3,Female,normal,Fall,No
cat,5,Unknown,under age/weight,Summer,No
cat,10,Neutered,normal,Fall,No
cat,3,Spayed,ill mild,Winter,No
cat,5,Unknown,under age/weight,Summer,No
cat,1,Female,ill severe,Summer,No
cat,11,Male,injured  severe,Summer,No
cat,1,Male,ill severe,Summer,No
cat,5,Male,under age/weight,Spring,No
dog,2,Male,ill mild,Fall,No
cat,4,Neutered,under age/weight,Summer,No
cat,1,Male,injured  mild,Winter,No
cat,6,Male,ill mild,Fall,No
cat,7,Spayed,normal,Spring,No
dog,7,Spayed,normal,Summer,No
dog,4,Male,ill mild,Spring,No
cat,7,Male,normal,Fall,Yes
cat,9,Female,normal,Winter,No
wild,7,Male,injured  severe,Winter,No
cat,14,Neutered,normal,Winter,No
cat,10,Male,ill severe,Summer,No
dog,7,Female,normal,Fall,No
dog,7,Male,normal,Fall,No
other,2,Unknown,under age/weight,Summer,No
dog,12,Male,injured  mild,Winter,No
cat,8,Neutered,feral,Spring,No
dog,8,Neutered,normal,Winter,No
cat,8,Female,under age/weight,Spring,No
dog,10,Neutered,behavior  moderate,Summer,Yes
cat,7,Spayed,normal,Fall,No
cat,4,Male,injured  moderate,Fall,No
cat,6,Spayed,normal,Fall,No
cat,2,Female,normal,Summer,No
cat,7,Spayed,normal,Winter,No
cat,7,Female,under age/weight,Spring,Yes
cat,8,Neutered,injured  severe,Winter,No
dog,2,Female,normal,Summer,No
cat,3,Spayed,normal,Summer,No
cat,5,Unknown,under age/weight,Spring,No
cat,0,Spayed,under age/weight,Summer,Yes
bird,5,Unknown,ill moderatete,Summer,No
cat,8,Unknown,ill severe,Spring,No
dog,8,Spayed,behavior  severe,Summer,No
cat,1,Male,under age/weight,Summer,Yes
Other,12,Female,normal,Summer,No
dog,4,Neutered,normal,Fall,Yes
wild,5,Unknown,under age/weight,Spring,No
wild,8,Unknown,under age/weight,Spring,No
cat,8,Spayed,normal,Summer,No
dog,9,Spayed,normal,Fall,No
dog,11,Female,normal,Winter,No
cat,7,Unknown,under age/weight,Summer,No
dog,2,Spayed,normal,Fall,Yes
cat,5,Spayed,normal,Fall,Yes
cat,1,Female,ill severe,Fall,No
wild,6,Unknown,injured  severe,Fall,No
cat,8,Neutered,normal,Summer,No
dog,1,Neutered,ill mild,Spring,Yes
cat,5,Neutered,normal,Fall,Yes
dog,15,Neutered,normal,Winter,No
dog,6,Neutered,normal,Fall,No
cat,5,Male,ill severe,Summer,No
cat,7,Female,ill moderatete,Summer,No
bird,5,Unknown,injured  severe,Fall,No
cat,6,Male,under age/weight,Summer,No
dog,5,Male,normal,Summer,No
cat,6,Male,under age/weight,Summer,No
dog,5,Spayed,normal,Summer,Yes
dog,10,Spayed,normal,Winter,No
cat,1,Female,under age/weight,Summer,No
Other,6,Unknown,normal,Summer,No
cat,7,Female,under age/weight,Spring,No
cat,5,Male,normal,Summer,No
dog,8,Spayed,normal,Fall,No
dog,5,Female,fractious,Winter,No
cat,5,Female,under age/weight,Fall,No
cat,2,Male,normal,Winter,No
cat,2,Male,injured  moderate,Winter,No
dog,4,Spayed,ill mild,Spring,Yes
cat,1,Spayed,normal,Spring,Yes
cat,16,Male,normal,Summer,No
cat,4,Female,under age/weight,Fall,No
bird,11,Unknown,injured  mild,Fall,No
cat,4,Male,under age/weight,Fall,No
cat,4,Female,normal,Spring,Yes
wild,2,Unknown,normal,Summer,No
cat,3,Male,normal,Winter,No
dog,4,Spayed,normal,Spring,No
other,2,Male,injured  severe,Spring,No
cat,4,Spayed,under age/weight,Spring,Yes
cat,5,Neutered,normal,Winter,Yes
Other,13,Unknown,normal,Winter,No
dog,19,Spayed,normal,Fall,Yes
cat,5,Spayed,normal,Spring,Yes
cat,3,Neutered,ill mild,Winter,Yes
cat,5,Spayed,normal,Spring,Yes
dog,7,Male,normal,Fall,No
dog,15,Spayed,normal,Fall,No
cat,5,Female,under age/weight,Summer,No
cat,5,Male,under age/weight,Summer,No
cat,3,Male,under age/weight,Spring,No
cat,5,Male,under age/weight,Summer,No
cat,4,Male,under age/weight,Fall,No
cat,4,Male,under age/weight,Fall,No
dog,3,Spayed,normal,Fall,No
dog,2,Spayed,normal,Winter,Yes
cat,5,Female,under age/weight,Summer,No
dog,7,Male,normal,Summer,No
cat,4,Male,under age/weight,Fall,No
dog,3,Spayed,injured  moderate,Spring,No
dog,9,Neutered,normal,Spring,No
cat,4,Neutered,normal,Summer,Yes
cat,1,Spayed,ill mild,Fall,Yes
cat,4,Spayed,normal,Summer,Yes
dog,1,Neutered,injured  mild,Spring,No
dog,1,Neutered,injured  mild,Spring,No
dog,2,Neutered,normal,Winter,Yes
dog,3,Female,injured  severe,Winter,No
cat,1,Male,under age/weight,Summer,No
dog,14,Spayed,normal,Summer,No
Other,9,Unknown,normal,Winter,No
cat,1,Female,under age/weight,Fall,No
cat,1,Female,under age/weight,Fall,No
wild,4,Unknown,injured  severe,Fall,No
cat,9,Female,normal,Winter,No
dog,13,Female,normal,Winter,No
dog,5,Male,normal,Fall,No
dog,10,Neutered,normal,Summer,Yes
cat,12,Female,normal,Spring,No
cat,7,Female,under age/weight,Spring,No
dog,17,Spayed,normal,Fall,No
cat,8,Male,under age/weight,Spring,No
cat,0,Neutered,under age/weight,Summer,No
bird,0,Unknown,injured  mild,Summer,No
dog,10,Male,normal,Winter,No
dog,3,Spayed,normal,Winter,Yes
cat,5,Neutered,injured  mild,Fall,No
cat,4,Neutered,normal,Fall,Yes
cat,3,Female,fractious,Spring,Yes
cat,0,Neutered,under age/weight,Summer,Yes
cat,0,Neutered,under age/weight,Summer,Yes
cat,14,Spayed,ill moderatete,Spring,Yes
cat,4,Neutered,injured  mild,Summer,Yes
cat,3,Female,under age/weight,Fall,No
cat,1,Male,ill mild,Summer,No
dog,4,Female,normal,Spring,No
dog,6,Male,injured  severe,Summer,No
cat,0,Female,under age/weight,Fall,No
cat,17,Female,ill severe,Fall,No
cat,0,Neutered,normal,Fall,Yes
cat,6,Male,normal,Summer,No
cat,2,Male,normal,Summer,Yes
dog,9,Neutered,injured  mild,Fall,Yes
cat,7,Unknown,under age/weight,Summer,No
cat,0,Male,under age/weight,Spring,No
cat,5,Unknown,under age/weight,Spring,No
dog,17,Female,normal,Winter,No
cat,3,Spayed,normal,Spring,Yes
cat,1,Neutered,ill mild,Winter,No
cat,2,Male,normal,Winter,Yes
cat,7,Unknown,under age/weight,Summer,No
dog,8,Neutered,injured  mild,Spring,Yes
dog,15,Female,injured  moderate,Summer,No
cat,7,Unknown,under age/weight,Summer,No
cat,0,Neutered,normal,Fall,Yes
dog,4,Male,normal,Summer,Yes
cat,9,Neutered,injured  moderate,Winter,No
wild,3,Unknown,injured  moderate,Spring,No
cat,9,Male,injured  moderate,Summer,No
cat,2,Spayed,normal,Winter,Yes
cat,5,Female,under age/weight,Fall,No
dog,12,Female,normal,Summer,No
rabbit,3,Neutered,normal,Winter,No
dog,6,Neutered,normal,Summer,Yes
cat,7,Neutered,injured  moderate,Fall,No
dog,14,Neutered,normal,Winter,No
cat,2,Female,under age/weight,Summer,Yes
cat,9,Male,injured  moderate,Fall,No
cat,2,Spayed,under age/weight,Summer,Yes
dog,7,Spayed,injured  mild,Summer,No
cat,10,Neutered,normal,Spring,No
cat,1,Neutered,normal,Fall,Yes
cat,1,Neutered,normal,Fall,Yes
cat,0,Spayed,under age/weight,Fall,Yes
dog,1,Male,normal,Winter,No
cat,7,Male,injured  severe,Winter,No
cat,9,Male,normal,Winter,No
bird,2,Unknown,ill severe,Fall,No
cat,3,Male,injured  mild,Summer,No
rabbit,2,Neutered,normal,Spring,Yes
cat,1,Unknown,injured  severe,Winter,No
bird,2,Unknown,injured  severe,Fall,No
cat,1,Spayed,ill mild,Winter,No
dog,4,Female,normal,Winter,No
dog,8,Male,normal,Spring,No
cat,8,Male,normal,Winter,No
dog,10,Male,injured  moderate,Summer,No
dog,11,Neutered,behavior  severe,Winter,No
dog,13,Neutered,normal,Summer,No
dog,7,Neutered,injured  mild,Summer,Yes
dog,11,Female,injured  mild,Winter,No
cat,2,Female,under age/weight,Winter,No
cat,2,Female,under age/weight,Winter,No
dog,5,Female,normal,Spring,No
cat,12,Neutered,ill moderatete,Spring,No
cat,7,Male,under age/weight,Fall,No
cat,4,Male,ill moderatete,Summer,No
cat,9,Spayed,normal,Winter,No
cat,4,Female,ill moderatete,Summer,No
cat,5,Female,ill severe,Winter,No
cat,4,Female,ill severe,Fall,No
dog,3,Spayed,normal,Summer,Yes
cat,0,Spayed,under age/weight,Fall,Yes
dog,9,Female,normal,Fall,No
cat,6,Male,normal,Fall,No
cat,2,Male,under age/weight,Spring,No
cat,7,Male,normal,Fall,Yes
cat,6,Neutered,normal,Summer,Yes
dog,1,Neutered,normal,Spring,Yes
cat,6,Neutered,normal,Summer,No
dog,5,Spayed,normal,Fall,No
dog,6,Spayed,normal,Spring,No
cat,6,Male,injured  severe,Fall,No
cat,8,Neutered,normal,Summer,Yes
cat,10,Neutered,normal,Summer,No
cat,9,Spayed,normal,Summer,No
cat,7,Spayed,normal,Winter,No
cat,7,Spayed,normal,Winter,No
cat,5,Male,under age/weight,Winter,No
cat,0,Male,under age/weight,Winter,Yes
cat,0,Male,under age/weight,Fall,No
cat,2,Unknown,ill moderatete,Summer,No
dog,12,Neutered,fractious,Fall,Yes
cat,17,Neutered,normal,Summer,Yes
cat,7,Unknown,ill moderatete,Summer,No
dog,3,Female,normal,Summer,Yes
bird,3,Unknown,injured  mild,Summer,No
Other,6,Male,normal,Winter,No
other,4,Unknown,injured  moderate,Spring,No
dog,12,Male,normal,Fall,No
other,4,Unknown,injured  moderate,Spring,No
bird,5,Unknown,injured  moderate,Summer,No
dog,17,Female,Other,Spring,No
cat,8,Spayed,injured  mild,Fall,No
bird,8,Unknown,injured  mild,Winter,No
cat,5,Male,normal,Summer,No
cat,8,Female,normal,Summer,No
cat,7,Male,normal,Summer,No
other,1,Unknown,under age/weight,Spring,No
cat,1,Neutered,under age/weight,Spring,No
cat,1,Male,under age/weight,Spring,No
dog,12,Female,normal,Summer,No
dog,8,Male,injured  severe,Spring,No
cat,8,Male,normal,Summer,Yes
dog,16,Male,normal,Summer,No
dog,12,Female,normal,Winter,No
cat,0,Neutered,ill moderatete,Winter,Yes
cat,6,Neutered,i/i report,Fall,Yes
dog,9,Female,ill moderatete,Fall,No
dog,3,Neutered,normal,Fall,Yes
dog,10,Spayed,ill severe,Fall,Yes
cat,1,Male,ill moderatete,Summer,No
dog,2,Neutered,normal,Summer,Yes
cat,11,Neutered,feral,Fall,No
dog,1,Spayed,normal,Summer,Yes
cat,2,Spayed,normal,Fall,Yes
cat,5,Female,under age/weight,Fall,No
cat,1,Female,ill moderatete,Summer,No
cat,1,Male,ill moderatete,Summer,No
cat,2,Female,injured  moderate,Fall,No
dog,12,Neutered,injured  mild,Fall,No
cat,5,Unknown,under age/weight,Summer,No
dog,4,Male,normal,Fall,Yes
cat,4,Female,under age/weight,Fall,No
cat,7,Female,under age/weight,Fall,No
cat,4,Male,under age/weight,Fall,No
cat,7,Unknown,under age/weight,Spring,No
cat,4,Female,under age/weight,Fall,No
cat,7,Unknown,under age/weight,Spring,No
cat,9,Female,normal,Spring,No
cat,6,Unknown,under age/weight,Summer,No
dog,7,Neutered,i/i report,Winter,No
dog,15,Female,ill severe,Summer,No
cat,2,Male,under age/weight,Winter,No
cat,2,Male,under age/weight,Winter,No
cat,2,Female,under age/weight,Winter,No
cat,4,Unknown,under age/weight,Spring,No
cat,16,Neutered,normal,Summer,No
dog,1,Spayed,normal,Summer,Yes
cat,1,Spayed,under age/weight,Winter,Yes
dog,18,Neutered,normal,Spring,No
wild,0,Unknown,under age/weight,Summer,No
dog,4,Spayed,normal,Spring,Yes
dog,15,Male,normal,Winter,No
cat,1,Neutered,under age/weight,Summer,Yes
other,6,Male,injured  severe,Winter,No
cat,2,Female,under age/weight,Winter,Yes
cat,2,Spayed,under age/weight,Fall,Yes
dog,19,Spayed,Other,Fall,No
dog,1,Neutered,normal,Summer,No
dog,6,Spayed,normal,Summer,Yes
other,2,Unknown,under age/weight,Spring,No
dog,12,Neutered,normal,Spring,No
other,2,Unknown,under age/weight,Spring,No
dog,9,Male,normal,Summer,No
other,2,Unknown,under age/weight,Spring,No
cat,3,Spayed,normal,Fall,No
cat,6,Female,normal,Summer,No
cat,1,Neutered,normal,Summer,Yes
cat,7,Unknown,under age/weight,Summer,No
cat,6,Female,normal,Summer,No
cat,6,Male,normal,Summer,No
cat,7,Female,normal,Fall,No
dog,6,Neutered,normal,Fall,Yes
cat,2,Female,ill severe,Spring,No
Other,6,Unknown,normal,Summer,No
dog,8,Female,normal,Spring,No
cat,6,Female,normal,Summer,No
cat,6,Female,normal,Summer,Yes
cat,7,Female,injured  severe,Spring,No
cat,6,Female,normal,Fall,No
cat,6,Spayed,normal,Summer,Yes
cat,3,Spayed,normal,Spring,No
dog,4,Female,ill moderatete,Winter,No
cat,4,Male,under age/weight,Fall,No
cat,5,Unknown,under age/weight,Summer,No
cat,7,Male,under age/weight,Spring,No
cat,7,Female,under age/weight,Spring,No
cat,3,Neutered,injured  moderate,Spring,No
dog,3,Spayed,normal,Spring,Yes
cat,0,Male,under age/weight,Fall,No
dog,8,Male,i/i report,Fall,No
cat,0,Male,under age/weight,Fall,No
dog,4,Female,behavior  severe,Summer,No
cat,6,Female,under age/weight,Summer,No
cat,6,Female,normal,Winter,No
cat,0,Neutered,under age/weight,Summer,Yes
cat,0,Spayed,normal,Winter,Yes
cat,13,Neutered,injured  severe,Summer,No
cat,0,Female,under age/weight,Summer,No
cat,0,Male,under age/weight,Summer,No
cat,0,Female,under age/weight,Summer,No
cat,1,Neutered,under age/weight,Winter,Yes
cat,13,Female,ill mild,Winter,No
dog,8,Spayed,normal,Winter,No
dog,7,Female,normal,Spring,No
dog,3,Neutered,injured  severe,Fall,No
cat,0,Spayed,under age/weight,Winter,Yes
cat,13,Female,ill severe,Winter,Yes
dog,9,Female,normal,Spring,No
cat,3,Neutered,injured  severe,Summer,Yes
dog,18,Neutered,normal,Spring,No
cat,0,Spayed,under age/weight,Summer,Yes
dog,9,Neutered,normal,Summer,Yes
cat,7,Neutered,under age/weight,Winter,Yes
dog,1,Neutered,normal,Spring,Yes
wild,7,Unknown,under age/weight,Spring,No
dog,1,Neutered,normal,Summer,No
dog,3,Spayed,normal,Fall,Yes
dog,1,Neutered,normal,Spring,Yes
dog,1,Neutered,normal,Summer,Yes
dog,19,Spayed,injured  mild,Winter,No
dog,1,Neutered,normal,Winter,Yes
dog,3,Neutered,i/i report,Summer,No
dog,10,Male,normal,Spring,No
cat,0,Female,injured  severe,Summer,No
wild,7,Unknown,ill severe,Summer,No
dog,3,Neutered,normal,Fall,Yes
dog,4,Spayed,i/i report,Spring,Yes
wild,4,Unknown,ill severe,Fall,No
wild,4,Unknown,ill severe,Fall,No
cat,2,Female,under age/weight,Summer,No
cat,11,Neutered,feral,Spring,No
cat,8,Male,normal,Fall,No
dog,8,Unknown,normal,Fall,No
cat,17,Neutered,normal,Winter,No
other,6,Unknown,under age/weight,Spring,No
dog,10,Male,normal,Summer,Yes
other,6,Unknown,under age/weight,Spring,No
cat,0,Spayed,under age/weight,Summer,Yes
cat,5,Neutered,normal,Winter,Yes
cat,5,Spayed,normal,Winter,Yes
cat,0,Female,under age/weight,Spring,No
cat,5,Spayed,ill mild,Summer,Yes
Other,11,Female,normal,Winter,No
cat,5,Unknown,under age/weight,Fall,No
cat,9,Female,injured  moderate,Summer,No
cat,5,Male,under age/weight,Fall,No
cat,5,Female,under age/weight,Fall,No
dog,1,Spayed,normal,Fall,Yes
cat,9,Female,normal,Fall,No
cat,4,Neutered,normal,Winter,Yes
dog,6,Female,normal,Winter,No
dog,3,Male,normal,Winter,No
dog,4,Unknown,injured  severe,Fall,No
bird,0,Unknown,injured  moderate,Spring,No
other,7,Unknown,ill severe,Winter,No
cat,8,Neutered,ill moderatete,Spring,No
Other,2,Female,normal,Winter,No
dog,8,Male,normal,Summer,No
bird,2,Unknown,injured  severe,Spring,No
dog,11,Spayed,normal,Spring,No
dog,3,Spayed,injured  severe,Summer,Yes
cat,0,Neutered,under age/weight,Summer,Yes
dog,2,Male,ill severe,Spring,No
dog,10,Female,normal,Fall,No
cat,0,Neutered,ill moderatete,Fall,Yes
dog,2,Neutered,normal,Summer,Yes
cat,7,Male,ill mild,Summer,No
dog,11,Neutered,normal,Winter,No
dog,8,Neutered,normal,Fall,Yes
bird,7,Unknown,injured  severe,Fall,No
dog,11,Spayed,normal,Winter,No
bird,5,Unknown,injured  moderate,Summer,No
dog,11,Male,normal,Fall,No
dog,1,Spayed,normal,Summer,Yes
cat,1,Spayed,under age/weight,Summer,Yes
cat,6,Female,under age/weight,Summer,No
cat,13,Spayed,feral,Spring,No
dog,16,Female,normal,Spring,No
dog,14,Spayed,normal,Summer,No
cat,3,Unknown,normal,Spring,No
bird,10,Unknown,injured  moderate,Spring,No
rabbit,10,Neutered,normal,Fall,Yes
cat,4,Spayed,normal,Fall,Yes
cat,4,Male,normal,Fall,No
dog,6,Female,normal,Summer,No
cat,8,Spayed,normal,Winter,No
dog,9,Spayed,normal,Summer,No
dog,4,Neutered,normal,Winter,No
cat,0,Female,under age/weight,Spring,No
dog,8,Male,under age/weight,Spring,No
dog,8,Male,under age/weight,Spring,No
dog,12,Female,normal,Fall,No
dog,11,Female,normal,Winter,Yes
wild,5,Unknown,injured  moderate,Spring,No
cat,7,Male,under age/weight,Fall,No
dog,5,Male,normal,Fall,No
dog,0,Neutered,normal,Summer,No
dog,6,Female,normal,Spring,No
cat,1,Neutered,injured  severe,Summer,No
cat,0,Female,ill severe,Summer,No
cat,7,Unknown,under age/weight,Summer,No
cat,7,Spayed,feral,Summer,Yes
dog,2,Male,normal,Fall,No
cat,3,Female,i/i report,Spring,No
cat,2,Unknown,under age/weight,Spring,No
cat,0,Neutered,under age/weight,Summer,Yes
cat,2,Female,under age/weight,Spring,Yes
other,3,Unknown,under age/weight,Spring,No
dog,5,Neutered,normal,Fall,Yes
cat,2,Neutered,under age/weight,Spring,Yes
cat,0,Unknown,under age/weight,Summer,No
cat,2,Male,ill mild,Fall,Yes
cat,0,Neutered,under age/weight,Summer,Yes
cat,2,Neutered,ill moderatete,Winter,Yes
cat,2,Spayed,ill mild,Summer,No
dog,1,Neutered,normal,Fall,Yes
cat,2,Spayed,injured  mild,Summer,Yes
cat,10,Female,injured  severe,Spring,No
cat,6,Unknown,under age/weight,Spring,No
cat,4,Neutered,normal,Spring,Yes
dog,13,Female,normal,Winter,No
cat,2,Spayed,normal,Fall,Yes
cat,6,Neutered,normal,Spring,Yes
cat,10,Neutered,fractious,Fall,No
dog,9,Female,normal,Fall,No
cat,8,Male,under age/weight,Spring,No
cat,6,Female,normal,Summer,No
cat,8,Unknown,injured  severe,Fall,No
cat,3,Male,normal,Winter,No
cat,6,Female,normal,Summer,No
cat,7,Female,normal,Spring,No
cat,4,Neutered,normal,Spring,Yes
dog,10,Male,normal,Fall,Yes
dog,2,Spayed,normal,Spring,Yes
cat,7,Male,under age/weight,Spring,No
cat,8,Neutered,normal,Fall,No
dog,11,Spayed,normal,Summer,Yes
cat,12,Neutered,fractious,Fall,No
dog,6,Male,normal,Winter,No
cat,7,Male,under age/weight,Summer,No
cat,7,Spayed,normal,Summer,No
cat,5,Spayed,under age/weight,Summer,Yes
cat,7,Male,normal,Summer,No
dog,1,Spayed,normal,Spring,No
dog,8,Male,normal,Summer,No
cat,7,Female,under age/weight,Spring,No
cat,7,Male,under age/weight,Summer,No
cat,13,Female,normal,Winter,No
other,7,Female,ill severe,Summer,No
dog,20,Neutered,Other,Spring,No
other,2,Unknown,under age/weight,Summer,No
cat,2,Spayed,normal,Spring,Yes
cat,7,Unknown,ill moderatete,Summer,No
cat,15,Female,ill severe,Summer,No
cat,7,Unknown,ill moderatete,Summer,No
cat,7,Unknown,ill moderatete,Summer,No
cat,2,Neutered,under age/weight,Fall,Yes
cat,14,Male,normal,Fall,No
dog,6,Spayed,normal,Summer,Yes
dog,9,Male,behavior  moderate,Spring,No
cat,14,Neutered,ill severe,Spring,Yes
cat,13,Male,normal,Fall,No
cat,13,Female,ill severe,Fall,No
cat,11,Female,normal,Winter,No
dog,4,Neutered,normal,Summer,Yes
cat,8,Neutered,fractious,Summer,No
cat,0,Neutered,under age/weight,Summer,Yes
other,2,Unknown,injured  severe,Winter,No
bird,2,Unknown,under age/weight,Spring,No
cat,8,Female,injured  moderate,Winter,No
wild,5,Unknown,ill severe,Fall,No
other,7,Unknown,normal,Summer,No
other,8,Unknown,normal,Summer,No
other,6,Unknown,under age/weight,Spring,No
other,7,Unknown,normal,Summer,No
cat,9,Neutered,fractious,Fall,No
other,7,Unknown,normal,Summer,No
dog,9,Spayed,normal,Fall,No
cat,7,Unknown,under age/weight,Summer,No
other,7,Unknown,normal,Summer,No
cat,7,Neutered,normal,Fall,Yes
other,7,Unknown,normal,Summer,No
bird,5,Unknown,under age/weight,Spring,No
dog,7,Spayed,normal,Spring,Yes
other,6,Male,injured  severe,Spring,No
cat,6,Male,normal,Summer,Yes
cat,2,Spayed,normal,Spring,No
dog,5,Male,normal,Spring,Yes
cat,2,Male,ill severe,Fall,No
dog,21,Neutered,normal,Spring,No
cat,8,Male,injured  moderate,Spring,No
cat,6,Spayed,under age/weight,Fall,Yes
cat,1,Female,i/i report,Spring,No
other,2,Male,ill severe,Fall,No
cat,1,Male,i/i report,Spring,No
dog,11,Neutered,injured  mild,Summer,No
cat,1,Female,i/i report,Spring,No
cat,6,Neutered,normal,Fall,No
cat,3,Male,under age/weight,Winter,No
cat,5,Unknown,normal,Fall,No
cat,5,Male,under age/weight,Summer,No
cat,5,Male,under age/weight,Summer,No
cat,2,Male,injured  moderate,Summer,No
cat,6,Male,under age/weight,Fall,No
cat,6,Female,under age/weight,Fall,No
cat,6,Female,under age/weight,Fall,No
cat,6,Female,under age/weight,Fall,No
dog,9,Spayed,normal,Fall,Yes
cat,6,Male,under age/weight,Fall,No
cat,6,Neutered,normal,Fall,Yes
cat,8,Male,injured  severe,Winter,No
dog,9,Male,normal,Spring,No
cat,7,Female,normal,Summer,No
wild,5,Unknown,ill severe,Summer,No
dog,8,Male,normal,Fall,No
dog,17,Spayed,normal,Fall,No
bird,6,Unknown,under age/weight,Summer,No
cat,6,Male,injured  severe,Summer,No
cat,2,Male,injured  severe,Summer,No
cat,5,Unknown,under age/weight,Summer,No
dog,8,Male,normal,Spring,No
cat,5,Unknown,under age/weight,Summer,No
dog,10,Neutered,normal,Winter,No
dog,7,Female,normal,Spring,No
cat,5,Female,normal,Fall,No
cat,12,Spayed,normal,Fall,Yes
cat,7,Female,normal,Fall,No
cat,5,Male,under age/weight,Summer,No
cat,5,Male,under age/weight,Winter,No
dog,5,Male,normal,Winter,No
cat,7,Neutered,normal,Summer,No
dog,9,Male,normal,Winter,No
cat,1,Male,ill severe,Summer,No
cat,8,Female,normal,Spring,No
cat,6,Male,under age/weight,Fall,No
cat,4,Female,under age/weight,Fall,No
cat,0,Neutered,ill mild,Winter,Yes
dog,5,Spayed,normal,Spring,Yes
cat,2,Spayed,under age/weight,Summer,Yes
cat,3,Male,normal,Winter,Yes
dog,13,Neutered,injured  moderate,Fall,No
cat,3,Neutered,normal,Winter,Yes
cat,3,Spayed,normal,Winter,Yes
dog,1,Female,normal,Winter,No
dog,8,Male,normal,Summer,No
cat,0,Neutered,under age/weight,Fall,Yes
dog,8,Male,normal,Spring,No
cat,5,Spayed,normal,Fall,Yes
cat,0,Spayed,under age/weight,Fall,No
dog,1,Female,injured  severe,Spring,No
bird,20,Male,normal,Summer,No
dog,6,Male,injured  mild,Fall,Yes
cat,6,Female,under age/weight,Summer,No
dog,2,Male,normal,Spring,No
cat,7,Spayed,ill severe,Winter,Yes
other,3,Unknown,under age/weight,Spring,No
cat,1,Female,ill severe,Summer,No
other,3,Unknown,under age/weight,Spring,No
cat,1,Female,ill severe,Summer,No
cat,1,Female,ill severe,Summer,No
other,8,Unknown,normal,Spring,No
other,2,Unknown,injured  moderate,Spring,No
cat,14,Female,normal,Fall,No
cat,10,Neutered,behavior  mild,Fall,Yes
dog,9,Male,normal,Spring,No
dog,4,Neutered,normal,Spring,Yes
cat,3,Male,normal,Spring,No
dog,17,Neutered,ill moderatete,Spring,No
cat,6,Spayed,normal,Summer,No
cat,9,Female,normal,Summer,No
dog,12,Neutered,normal,Winter,No
dog,11,Neutered,normal,Winter,No
dog,19,Neutered,normal,Summer,No
dog,22,Male,Other,Summer,No
cat,3,Unknown,injured  severe,Winter,No
dog,3,Neutered,normal,Summer,Yes
Other,8,Female,normal,Summer,Yes
dog,8,Female,normal,Spring,No
cat,9,Unknown,injured  severe,Spring,No
cat,7,Neutered,fractious,Summer,No
cat,7,Female,normal,Winter,No
cat,6,Female,normal,Summer,No
cat,7,Male,normal,Winter,No
cat,6,Male,normal,Summer,No
dog,9,Neutered,normal,Summer,No
dog,4,Neutered,normal,Summer,No
dog,11,Male,normal,Winter,No
cat,1,Unknown,injured  severe,Summer,No
cat,5,Male,injured  severe,Fall,No
cat,6,Neutered,fractious,Fall,No
dog,17,Male,normal,Winter,No
dog,11,Male,normal,Summer,No
cat,8,Spayed,fractious,Fall,No
cat,6,Female,normal,Spring,No
dog,19,Spayed,normal,Winter,No
dog,2,Female,normal,Winter,No
dog,13,Neutered,normal,Fall,No
dog,10,Male,normal,Fall,No
dog,1,Neutered,normal,Summer,No
dog,8,Neutered,normal,Spring,No
dog,4,Spayed,normal,Summer,Yes
cat,1,Spayed,ill severe,Summer,No
dog,6,Neutered,normal,Spring,No
dog,4,Neutered,normal,Spring,Yes
dog,9,Male,normal,Winter,No
bird,7,Unknown,ill severe,Fall,No
cat,5,Neutered,normal,Winter,Yes
cat,5,Neutered,normal,Fall,Yes
dog,6,Female,normal,Spring,No
cat,6,Male,under age/weight,Fall,No
dog,3,Neutered,normal,Fall,No
cat,7,Neutered,ill mild,Fall,No
cat,12,Neutered,normal,Spring,No
cat,10,Spayed,normal,Summer,Yes
cat,13,Neutered,fractious,Winter,No
cat,5,Spayed,normal,Winter,No
bird,7,Unknown,normal,Fall,No
other,8,Unknown,injured  severe,Spring,No
dog,1,Male,under age/weight,Winter,No
dog,3,Spayed,normal,Fall,No
dog,10,Female,ill moderatete,Fall,No
cat,7,Unknown,under age/weight,Fall,No
dog,7,Female,ill severe,Winter,No
dog,14,Spayed,normal,Summer,No
cat,2,Neutered,normal,Summer,Yes
cat,7,Female,injured  moderate,Summer,No
cat,7,Male,under age/weight,Spring,No
bird,1,Female,injured  moderate,Summer,No
cat,7,Female,under age/weight,Spring,No
dog,8,Spayed,normal,Winter,Yes
wild,7,Unknown,under age/weight,Summer,No
dog,10,Spayed,ill moderatete,Winter,No
wild,7,Unknown,under age/weight,Summer,No
dog,3,Neutered,normal,Spring,No
wild,7,Unknown,under age/weight,Summer,No
dog,10,Male,normal,Summer,No
dog,5,Female,normal,Winter,No
cat,13,Neutered,normal,Spring,No
cat,1,Female,injured  mild,Summer,Yes
other,2,Female,under age/weight,Spring,No
dog,9,Neutered,normal,Winter,No
cat,6,Female,normal,Summer,No
cat,1,Neutered,normal,Spring,Yes
dog,5,Neutered,normal,Summer,No
dog,1,Neutered,normal,Fall,Yes
cat,0,Neutered,under age/weight,Fall,Yes
dog,9,Male,normal,Summer,No
cat,0,Spayed,under age/weight,Fall,Yes
cat,3,Male,normal,Winter,No
bird,8,Unknown,injured  severe,Winter,No
cat,5,Spayed,normal,Winter,Yes
cat,0,Neutered,under age/weight,Fall,Yes
cat,5,Spayed,normal,Winter,Yes
dog,8,Male,normal,Summer,No
cat,5,Female,normal,Spring,Yes
dog,5,Spayed,normal,Fall,Yes
cat,3,Neutered,ill mild,Winter,Yes
cat,1,Spayed,under age/weight,Fall,Yes
dog,1,Spayed,injured  mild,Fall,Yes
dog,10,Male,normal,Spring,No
cat,3,Female,normal,Fall,No
dog,11,Female,normal,Fall,No
cat,5,Male,under age/weight,Summer,No
dog,9,Female,normal,Fall,No
cat,4,Spayed,under age/weight,Summer,Yes
cat,7,Spayed,fractious,Winter,No
cat,6,Neutered,fractious,Summer,Yes
cat,6,Female,under age/weight,Summer,No
dog,8,Male,behavior  severe,Summer,No
cat,6,Unknown,under age/weight,Spring,No
cat,6,Unknown,under age/weight,Spring,No
dog,9,Male,normal,Summer,No
dog,4,Neutered,normal,Summer,No
cat,12,Neutered,normal,Summer,Yes
cat,0,Male,under age/weight,Spring,No
cat,4,Male,under age/weight,Spring,No
cat,0,Female,under age/weight,Spring,No
dog,19,Male,injured  severe,Summer,No
cat,0,Unknown,under age/weight,Spring,No
dog,8,Female,normal,Spring,No
cat,14,Neutered,injured  severe,Spring,Yes
dog,11,Male,normal,Summer,No
dog,2,Spayed,injured  mild,Fall,Yes
cat,5,Male,injured  severe,Fall,No
dog,2,Male,normal,Fall,Yes
dog,10,Female,injured  moderate,Winter,No
dog,15,Male,normal,Summer,No
dog,11,Male,behavior  severe,Summer,No
cat,7,Spayed,normal,Summer,No
cat,1,Unknown,ill mild,Summer,No
cat,7,Neutered,normal,Summer,No
cat,6,Neutered,normal,Fall,No
cat,7,Unknown,feral,Fall,No
cat,2,Neutered,normal,Spring,Yes
cat,7,Unknown,injured  severe,Summer,No
dog,13,Neutered,normal,Winter,Yes
dog,7,Male,normal,Summer,No
dog,4,Neutered,normal,Spring,Yes
cat,0,Spayed,under age/weight,Summer,Yes
dog,14,Female,normal,Winter,No
cat,10,Female,normal,Fall,No
dog,8,Female,ill severe,Spring,No
cat,7,Unknown,under age/weight,Fall,No
cat,9,Spayed,i/i report,Fall,Yes
cat,5,Spayed,normal,Fall,Yes
cat,5,Spayed,normal,Winter,Yes
cat,3,Female,under age/weight,Spring,No
dog,1,Spayed,normal,Summer,Yes
dog,3,Male,normal,Fall,Yes
cat,9,Male,normal,Fall,No
dog,18,Female,ill severe,Spring,No
cat,14,Unknown,injured  moderate,Fall,No
dog,1,Neutered,normal,Winter,Yes
cat,4,Female,under age/weight,Spring,No
cat,3,Male,normal,Spring,No
cat,3,Male,normal,Spring,No
cat,6,Male,under age/weight,Summer,No
cat,3,Male,normal,Spring,No
cat,7,Unknown,under age/weight,Fall,No
cat,3,Female,normal,Spring,No
cat,7,Female,normal,Fall,No
cat,3,Male,normal,Spring,No
cat,6,Unknown,under age/weight,Spring,No
cat,7,Neutered,fractious,Summer,No
cat,3,Spayed,injured  severe,Summer,No
dog,9,Male,normal,Spring,No
cat,0,Neutered,normal,Fall,Yes
rabbit,9,Female,normal,Spring,Yes
cat,1,Female,i/i report,Winter,Yes
cat,7,Spayed,fractious,Fall,No
dog,7,Male,normal,Spring,No
cat,0,Spayed,injured  moderate,Summer,Yes
bird,1,Unknown,injured  severe,Summer,No
dog,6,Male,injured  severe,Summer,No
bird,7,Unknown,injured  moderate,Summer,No
bird,2,Unknown,injured  moderate,Fall,No
cat,2,Neutered,normal,Fall,Yes
cat,2,Neutered,normal,Fall,Yes
bird,2,Unknown,injured  severe,Spring,No
dog,5,Neutered,normal,Fall,Yes
dog,6,Male,normal,Fall,Yes
dog,8,Male,normal,Summer,No
cat,6,Male,ill mild,Summer,No
bird,2,Unknown,ill severe,Spring,No
cat,6,Female,ill mild,Summer,No
dog,10,Female,normal,Spring,No
dog,18,Female,normal,Spring,No
bird,6,Unknown,injured  mild,Fall,No
dog,19,Neutered,normal,Summer,No
bird,5,Unknown,ill mild,Fall,No
cat,19,Male,injured  severe,Summer,No
Other,2,Unknown,normal,Winter,No
cat,4,Spayed,normal,Spring,Yes
cat,8,Spayed,fractious,Summer,No
cat,4,Male,normal,Fall,Yes
cat,4,Unknown,under age/weight,Spring,No
dog,5,Male,normal,Summer,No
dog,19,Neutered,Other,Fall,No
cat,7,Female,injured  mild,Summer,No
cat,6,Female,normal,Summer,No
cat,8,Spayed,feral,Winter,No
cat,8,Spayed,normal,Spring,Yes
dog,15,Male,Other,Spring,No
cat,6,Female,normal,Summer,No
dog,16,Spayed,ill moderatete,Summer,Yes
cat,6,Female,injured  severe,Summer,No
cat,10,Neutered,feral,Spring,No
dog,8,Female,normal,Fall,Yes
cat,10,Spayed,feral,Summer,No
dog,9,Female,normal,Spring,No
cat,5,Male,under age/weight,Winter,No
cat,12,Spayed,normal,Spring,Yes
cat,1,Female,under age/weight,Spring,No
cat,0,Neutered,under age/weight,Spring,No
dog,14,Female,ill moderatete,Summer,No
cat,0,Unknown,under age/weight,Winter,No
dog,2,Male,normal,Fall,No
dog,6,Female,ill mild,Summer,No
cat,6,Unknown,under age/weight,Fall,No
cat,6,Unknown,under age/weight,Fall,No
cat,5,Female,normal,Fall,No
cat,1,Neutered,injured  moderate,Summer,No
dog,7,Male,normal,Summer,No
dog,3,Male,injured  mild,Fall,No
dog,10,Female,normal,Spring,No
cat,1,Spayed,under age/weight,Spring,No
cat,0,Male,under age/weight,Fall,No
cat,1,Female,injured  moderate,Spring,No
bird,5,Unknown,ill severe,Fall,No
dog,17,Neutered,normal,Winter,Yes
dog,8,Male,injured  moderate,Winter,Yes
wild,7,Unknown,under age/weight,Spring,No
cat,8,Female,ill moderatete,Fall,No
cat,4,Female,under age/weight,Summer,No
dog,8,Male,normal,Fall,No
cat,3,Male,normal,Summer,No
cat,2,Female,normal,Summer,No
cat,4,Spayed,normal,Spring,Yes
dog,19,Neutered,normal,Fall,No
cat,0,Neutered,under age/weight,Fall,Yes
dog,4,Male,ill mild,Spring,Yes
dog,8,Male,ill mild,Winter,No
dog,9,Neutered,normal,Spring,No
dog,7,Male,normal,Spring,No
dog,7,Male,injured  severe,Winter,No
rabbit,5,Neutered,normal,Spring,Yes
cat,1,Neutered,ill mild,Fall,Yes
cat,6,Male,under age/weight,Summer,No
cat,7,Female,under age/weight,Fall,No
cat,13,Male,normal,Fall,No
cat,7,Female,under age/weight,Fall,No
cat,6,Female,under age/weight,Summer,No
cat,0,Female,under age/weight,Spring,No
cat,0,Female,ill severe,Winter,No
cat,1,Neutered,ill mild,Fall,Yes
dog,13,Neutered,Other,Summer,Yes
bird,3,Female,ill mild,Fall,Yes
cat,3,Female,under age/weight,Winter,No
dog,10,Neutered,normal,Summer,No
dog,8,Neutered,Other,Fall,No
cat,6,Male,injured  severe,Spring,No
cat,5,Male,under age/weight,Winter,No
Other,3,Female,ill mild,Fall,No
cat,11,Spayed,fractious,Spring,No
dog,10,Female,Other,Summer,No
cat,3,Spayed,under age/weight,Summer,Yes
cat,6,Neutered,fractious,Spring,No
cat,6,Female,under age/weight,Summer,No
cat,7,Unknown,under age/weight,Spring,No
cat,6,Unknown,under age/weight,Summer,No
dog,7,Male,normal,Spring,No
cat,2,Male,i/i report,Winter,No
cat,6,Female,injured  severe,Summer,No
cat,3,Female,i/i report,Winter,No
cat,5,Female,under age/weight,Summer,No
dog,5,Neutered,normal,Winter,Yes
other,6,Unknown,injured  severe,Spring,No
dog,10,Male,normal,Summer,Yes
other,5,Unknown,injured  severe,Spring,No
wild,1,Unknown,injured  severe,Spring,No
cat,8,Male,normal,Summer,No
cat,8,Male,normal,Summer,No
dog,21,Neutered,normal,Summer,Yes
wild,2,Unknown,ill severe,Fall,No
dog,13,Spayed,normal,Spring,No
dog,5,Female,normal,Spring,No
dog,14,Neutered,normal,Spring,No
cat,8,Unknown,ill severe,Winter,No
dog,3,Neutered,normal,Winter,Yes
dog,8,Spayed,injured  severe,Winter,No
dog,5,Neutered,normal,Winter,Yes
cat,15,Male,injured  severe,Fall,No
cat,1,Male,under age/weight,Winter,Yes
cat,9,Unknown,injured  severe,Winter,No
dog,15,Neutered,injured  mild,Spring,No
bird,8,Unknown,ill mild,Spring,No
dog,9,Female,normal,Winter,No
dog,5,Male,normal,Winter,No
bird,2,Unknown,injured  moderate,Fall,No
dog,9,Female,normal,Winter,No
cat,1,Spayed,normal,Spring,Yes
cat,7,Male,under age/weight,Summer,No
cat,3,Spayed,normal,Spring,No
cat,3,Male,normal,Spring,No
dog,11,Male,injured  severe,Fall,No
cat,6,Unknown,ill mild,Winter,No
cat,2,Spayed,normal,Summer,Yes
cat,7,Female,under age/weight,Spring,No
cat,7,Female,injured  severe,Spring,No
cat,4,Spayed,normal,Winter,No
cat,4,Unknown,injured  severe,Summer,No
cat,5,Spayed,normal,Summer,No
cat,4,Male,ill severe,Fall,No
cat,1,Female,normal,Summer,No
cat,0,Female,injured  mild,Summer,No
cat,2,Unknown,ill mild,Fall,No
cat,2,Neutered,under age/weight,Fall,Yes
cat,2,Unknown,ill mild,Fall,No
dog,4,Spayed,normal,Spring,Yes
cat,0,Unknown,under age/weight,Spring,No
cat,4,Neutered,normal,Fall,No
cat,4,Female,normal,Fall,No
cat,2,Unknown,ill mild,Fall,No
cat,2,Unknown,ill mild,Fall,No
cat,6,Neutered,ill mild,Winter,Yes
dog,7,Female,normal,Winter,No
cat,2,Unknown,normal,Fall,No
cat,2,Female,injured  severe,Fall,Yes
dog,3,Male,normal,Winter,No
cat,2,Female,under age/weight,Spring,Yes
cat,1,Male,under age/weight,Winter,No
cat,1,Female,under age/weight,Winter,No
cat,1,Female,ill mild,Summer,Yes
dog,1,Male,normal,Summer,Yes
cat,2,Male,under age/weight,Summer,Yes
cat,3,Female,under age/weight,Fall,No
cat,20,Male,ill severe,Fall,No
dog,7,Neutered,injured  mild,Fall,Yes
cat,7,Female,under age/weight,Fall,No
cat,0,Female,normal,Summer,No
bird,5,Unknown,injured  severe,Fall,No
dog,4,Spayed,normal,Spring,Yes
cat,3,Male,injured  mild,Winter,No
cat,9,Neutered,fractious,Summer,No
cat,9,Male,normal,Summer,No
dog,4,Female,normal,Spring,No
cat,7,Unknown,under age/weight,Fall,No
cat,4,Female,under age/weight,Summer,No
cat,4,Female,under age/weight,Summer,No
cat,5,Female,under age/weight,Fall,No
cat,5,Female,fractious,Fall,No
cat,0,Neutered,ill moderatete,Summer,No
dog,2,Female,injured  moderate,Fall,No
cat,13,Male,ill severe,Winter,No
cat,7,Female,normal,Fall,No
cat,2,Spayed,normal,Fall,Yes
cat,7,Male,fractious,Fall,No
wild,12,Unknown,injured  severe,Summer,No
cat,1,Female,injured  severe,Summer,No
dog,7,Male,normal,Spring,No
cat,5,Female,normal,Winter,No
dog,3,Male,normal,Summer,No
bird,4,Unknown,injured  mild,Spring,No
cat,7,Female,under age/weight,Spring,No
bird,5,Unknown,injured  severe,Fall,No
dog,1,Spayed,normal,Fall,Yes
bird,6,Unknown,ill severe,Summer,No
bird,7,Female,normal,Summer,No
cat,2,Neutered,i/i report,Fall,Yes
dog,10,Male,normal,Winter,No
cat,1,Neutered,under age/weight,Spring,No
cat,1,Spayed,normal,Summer,Yes
cat,1,Neutered,under age/weight,Winter,Yes
cat,6,Neutered,fractious,Summer,No
dog,15,Spayed,normal,Spring,No
cat,1,Neutered,under age/weight,Winter,Yes
cat,1,Neutered,under age/weight,Fall,Yes
dog,4,Male,ill severe,Summer,No
cat,6,Male,under age/weight,Summer,No
cat,12,Spayed,feral,Spring,No
dog,6,Female,injured  mild,Summer,No
dog,8,Female,normal,Spring,No
cat,4,Unknown,injured  severe,Spring,No
cat,17,Spayed,fractious,Winter,Yes
dog,15,Neutered,ill moderatete,Spring,No
cat,4,Male,fractious,Fall,No
bird,5,Unknown,injured  severe,Fall,No
dog,14,Neutered,normal,Spring,No
dog,14,Neutered,normal,Fall,Yes
other,6,Unknown,injured  severe,Summer,No
dog,10,Female,normal,Summer,Yes
bird,4,Unknown,under age/weight,Summer,No
dog,7,Male,normal,Winter,No
dog,3,Neutered,normal,Fall,Yes
other,7,Unknown,normal,Spring,No
other,2,Unknown,ill moderatete,Fall,No
cat,13,Spayed,normal,Winter,Yes
cat,7,Male,normal,Summer,No
dog,5,Female,normal,Fall,No
dog,10,Male,normal,Summer,No
cat,10,Spayed,normal,Summer,Yes
cat,4,Unknown,under age/weight,Fall,No
cat,2,Spayed,under age/weight,Fall,Yes
cat,4,Unknown,under age/weight,Fall,No
dog,2,Male,injured  mild,Spring,No
dog,8,Female,normal,Summer,No
dog,8,Female,injured  mild,Fall,No
cat,16,Neutered,normal,Winter,No
dog,11,Female,normal,Summer,No
cat,7,Unknown,under age/weight,Summer,No
cat,2,Male,injured  mild,Winter,Yes
cat,2,Unknown,under age/weight,Spring,No
dog,10,Male,normal,Winter,Yes
dog,1,Female,normal,Summer,No
dog,7,Male,normal,Winter,No
cat,5,Female,under age/weight,Spring,No
cat,5,Male,under age/weight,Spring,No
cat,7,Neutered,normal,Fall,Yes
cat,5,Female,under age/weight,Spring,No
cat,5,Neutered,normal,Winter,No
dog,19,Male,ill mild,Summer,No
dog,10,Male,ill moderatete,Spring,No
dog,11,Male,normal,Spring,No
cat,8,Neutered,feral,Spring,No
cat,8,Female,under age/weight,Spring,No
dog,12,Neutered,normal,Summer,No
dog,16,Female,normal,Summer,No
dog,2,Female,ill mild,Summer,No
cat,6,Female,fractious,Summer,Yes
dog,1,Female,normal,Spring,No
dog,5,Neutered,normal,Spring,Yes
dog,6,Spayed,behavior  mild,Fall,Yes
cat,12,Male,normal,Winter,No
cat,8,Spayed,normal,Summer,Yes
dog,6,Male,normal,Winter,No
cat,10,Unknown,injured  severe,Winter,No
cat,6,Unknown,under age/weight,Summer,No
dog,13,Female,injured  mild,Winter,No
cat,6,Spayed,normal,Winter,No
cat,5,Spayed,normal,Winter,No
cat,5,Male,under age/weight,Summer,Yes
dog,6,Neutered,normal,Winter,Yes
cat,16,Male,ill severe,Spring,No
dog,4,Female,injured  severe,Summer,No
cat,5,Male,normal,Spring,No
cat,1,Male,under age/weight,Summer,No
wild,0,Unknown,injured  severe,Summer,No
cat,2,Female,under age/weight,Winter,Yes
cat,14,Spayed,injured  mild,Winter,No
other,2,Unknown,ill moderatete,Spring,No
cat,6,Female,under age/weight,Fall,No
cat,4,Unknown,under age/weight,Spring,No
dog,12,Female,normal,Summer,No
dog,5,Neutered,i/i report,Summer,Yes
wild,4,Unknown,injured  severe,Spring,No
dog,3,Neutered,normal,Fall,Yes
dog,2,Neutered,normal,Summer,No
dog,1,Neutered,normal,Spring,No
cat,0,Female,ill severe,Fall,No
dog,17,Spayed,normal,Winter,No
cat,10,Male,ill severe,Summer,No
cat,1,Neutered,under age/weight,Spring,Yes
rabbit,3,Male,normal,Summer,No
cat,2,Neutered,injured  moderate,Spring,Yes
cat,5,Neutered,normal,Fall,Yes
cat,12,Neutered,fractious,Summer,No
cat,5,Male,normal,Spring,No
cat,5,Male,normal,Spring,No
cat,2,Male,ill severe,Fall,No
bird,6,Unknown,injured  moderate,Winter,No
cat,9,Neutered,normal,Fall,No
bird,5,Unknown,under age/weight,Spring,No
bird,5,Unknown,under age/weight,Spring,No
cat,5,Male,under age/weight,Summer,No
wild,4,Male,injured  moderate,Spring,No
other,0,Male,under age/weight,Fall,No
cat,3,Female,ill moderatete,Winter,No
cat,7,Female,normal,Summer,No
dog,4,Male,injured  mild,Spring,No
cat,3,Spayed,normal,Fall,Yes
cat,1,Spayed,under age/weight,Summer,Yes
cat,7,Male,normal,Summer,No
dog,1,Spayed,normal,Summer,Yes
cat,3,Female,ill severe,Summer,No
dog,2,Spayed,normal,Spring,Yes
dog,12,Male,ill moderatete,Fall,No
cat,2,Female,under age/weight,Summer,Yes
other,4,Female,normal,Fall,No
cat,2,Neutered,under age/weight,Summer,Yes
cat,3,Female,injured  severe,Spring,No
other,3,Unknown,normal,Fall,No
cat,9,Spayed,fractious,Fall,No
dog,11,Neutered,normal,Winter,No
cat,7,Spayed,normal,Fall,No
dog,16,Spayed,normal,Summer,No
cat,5,Unknown,normal,Fall,No
dog,12,Neutered,normal,Fall,No
cat,13,Female,behavior  moderate,Spring,Yes
dog,10,Female,i/i report,Winter,No
dog,15,Female,injured  mild,Spring,No
dog,6,Male,normal,Summer,No
wild,6,Unknown,ill severe,Winter,No
bird,7,Unknown,injured  mild,Spring,No
cat,8,Unknown,under age/weight,Spring,No
bird,3,Male,injured  mild,Spring,No
cat,8,Unknown,under age/weight,Spring,No
cat,8,Unknown,under age/weight,Spring,No
dog,14,Female,normal,Summer,No
other,1,Unknown,injured  severe,Spring,No
dog,2,Male,normal,Fall,No
cat,0,Male,under age/weight,Fall,No
cat,4,Neutered,injured  mild,Summer,No
dog,12,Male,ill severe,Spring,No
bird,6,Unknown,under age/weight,Summer,No
dog,13,Neutered,normal,Winter,Yes
cat,5,Neutered,normal,Fall,Yes
cat,5,Unknown,under age/weight,Summer,No
cat,5,Male,under age/weight,Summer,No
cat,6,Spayed,normal,Summer,No
cat,5,Unknown,under age/weight,Summer,No
cat,2,Spayed,under age/weight,Spring,Yes
cat,9,Neutered,feral,Summer,No
cat,7,Male,normal,Fall,No
cat,2,Unknown,ill mild,Summer,No
cat,7,Female,under age/weight,Fall,No
cat,6,Female,normal,Fall,No
cat,6,Female,normal,Fall,No
cat,9,Neutered,fractious,Summer,No
dog,8,Female,injured  severe,Spring,No
dog,17,Female,injured  severe,Fall,No
cat,9,Spayed,feral,Fall,No
dog,1,Unknown,injured  moderate,Spring,No
cat,1,Female,under age/weight,Fall,Yes
cat,1,Male,under age/weight,Fall,No
cat,8,Male,ill moderatete,Fall,No
dog,1,Neutered,normal,Fall,Yes
cat,17,Spayed,normal,Spring,Yes
dog,3,Neutered,normal,Winter,No
dog,8,Female,injured  severe,Winter,No
cat,2,Female,under age/weight,Summer,Yes
cat,1,Neutered,ill mild,Fall,Yes
cat,2,Neutered,under age/weight,Spring,Yes
cat,1,Female,ill mild,Winter,No
cat,4,Male,under age/weight,Fall,No
cat,10,Neutered,feral,Summer,No
dog,7,Unknown,normal,Summer,No
cat,7,Female,normal,Winter,Yes
dog,7,Unknown,normal,Summer,No
cat,2,Unknown,ill severe,Spring,No
dog,7,Unknown,normal,Summer,No
cat,4,Female,under age/weight,Fall,No
dog,7,Unknown,normal,Summer,No
cat,4,Spayed,normal,Spring,Yes
dog,1,Neutered,normal,Summer,No
cat,12,Neutered,normal,Winter,Yes
cat,4,Neutered,fractious,Winter,No
other,4,Unknown,injured  mild,Spring,No
cat,6,Neutered,injured  moderate,Winter,Yes
other,9,Unknown,ill severe,Winter,No
cat,10,Unknown,ill severe,Fall,No
cat,7,Male,under age/weight,Summer,No
cat,7,Male,under age/weight,Summer,No
cat,4,Neutered,ill moderatete,Fall,Yes
bird,3,Male,normal,Summer,No
cat,7,Female,normal,Fall,No
bird,3,Male,normal,Summer,No
dog,10,Neutered,normal,Spring,No
cat,6,Unknown,normal,Summer,No
cat,10,Neutered,feral,Winter,No
dog,7,Neutered,injured  severe,Summer,No
cat,7,Neutered,normal,Summer,Yes
bird,7,Male,injured  mild,Fall,No
dog,6,Neutered,normal,Summer,No
cat,10,Spayed,normal,Spring,No
Other,8,Male,normal,Summer,Yes
cat,5,Male,under age/weight,Fall,No
dog,9,Male,behavior  moderate,Spring,No
cat,7,Female,normal,Winter,No
dog,6,Male,normal,Summer,Yes
cat,4,Female,under age/weight,Summer,No
dog,8,Female,normal,Summer,No
dog,6,Neutered,normal,Winter,Yes
dog,4,Male,injured  severe,Fall,No
cat,6,Female,normal,Winter,Yes
cat,10,Neutered,normal,Summer,Yes
cat,9,Female,normal,Winter,Yes
cat,7,Female,normal,Winter,No
dog,6,Female,normal,Summer,No
cat,3,Neutered,behavior  mild,Spring,Yes
Other,6,Unknown,injured  moderate,Summer,No
cat,6,Male,normal,Spring,No
cat,5,Male,ill mild,Summer,No
cat,6,Spayed,injured  mild,Summer,Yes
cat,7,Female,ill mild,Summer,No
dog,13,Neutered,normal,Spring,Yes
dog,11,Male,injured  moderate,Spring,Yes
other,2,Unknown,under age/weight,Spring,No
cat,5,Spayed,normal,Winter,No
dog,6,Spayed,normal,Fall,No
dog,7,Female,normal,Spring,No
dog,5,Female,normal,Fall,Yes
dog,2,Neutered,normal,Spring,No
cat,6,Unknown,under age/weight,Summer,No
cat,10,Neutered,injured  mild,Winter,Yes
cat,0,Spayed,ill severe,Summer,Yes
dog,3,Neutered,normal,Winter,Yes
dog,3,Female,injured  mild,Spring,No
dog,10,Spayed,Other,Spring,No
cat,5,Neutered,injured  mild,Winter,No
dog,7,Neutered,Other,Spring,Yes
cat,4,Unknown,ill severe,Fall,No
dog,1,Male,under age/weight,Winter,No
cat,8,Spayed,normal,Spring,No
dog,3,Female,normal,Winter,No
dog,6,Spayed,injured  mild,Spring,Yes
dog,2,Neutered,normal,Summer,Yes
cat,6,Unknown,injured  severe,Fall,No
dog,1,Neutered,normal,Spring,Yes
cat,8,Male,normal,Spring,No
dog,5,Neutered,normal,Winter,Yes
cat,4,Spayed,under age/weight,Summer,Yes
wild,5,Unknown,normal,Spring,No
dog,4,Spayed,normal,Fall,Yes
bird,9,Unknown,ill severe,Summer,No
dog,1,Neutered,normal,Winter,Yes
dog,9,Male,normal,Spring,No
cat,1,Neutered,under age/weight,Fall,Yes
cat,4,Neutered,behavior  moderate,Summer,Yes
cat,1,Male,under age/weight,Fall,No
cat,1,Spayed,i/i report,Summer,Yes
cat,1,Female,under age/weight,Fall,No
dog,8,Neutered,behavior  moderate,Fall,Yes
cat,1,Male,ill moderatete,Fall,No
cat,5,Spayed,behavior  mild,Summer,No
dog,6,Female,i/i report,Spring,No
dog,4,Male,normal,Winter,Yes
cat,1,Female,normal,Spring,No
cat,4,Male,under age/weight,Summer,No
other,2,Male,under age/weight,Spring,No
bird,5,Unknown,ill severe,Fall,No
cat,1,Neutered,normal,Fall,Yes
other,3,Male,normal,Summer,No
cat,16,Female,normal,Summer,No
cat,2,Neutered,under age/weight,Fall,Yes
dog,3,Female,injured  severe,Fall,No
cat,4,Male,injured  severe,Summer,No
cat,1,Male,under age/weight,Spring,No
dog,14,Spayed,normal,Summer,Yes
cat,4,Neutered,normal,Fall,Yes
cat,0,Unknown,ill severe,Fall,No
cat,2,Unknown,ill moderatete,Winter,Yes
cat,6,Neutered,normal,Fall,No
cat,4,Female,under age/weight,Summer,No
cat,4,Female,under age/weight,Summer,No
cat,3,Male,under age/weight,Spring,No
cat,8,Female,ill mild,Fall,No
cat,2,Spayed,under age/weight,Spring,Yes
cat,3,Male,under age/weight,Spring,No
cat,2,Unknown,under age/weight,Summer,Yes
dog,13,Neutered,normal,Fall,No
cat,7,Neutered,fractious,Spring,No
dog,14,Female,injured  mild,Summer,No
cat,6,Male,under age/weight,Summer,No
other,6,Unknown,injured  severe,Fall,No
cat,9,Neutered,fractious,Spring,No
dog,9,Neutered,normal,Summer,No
cat,6,Female,under age/weight,Summer,No
dog,8,Male,behavior  severe,Fall,No
dog,19,Neutered,normal,Fall,No
dog,4,Spayed,normal,Fall,Yes
dog,10,Female,normal,Spring,No
cat,6,Male,injured  severe,Winter,No
cat,0,Neutered,under age/weight,Summer,Yes
wild,3,Unknown,injured  mild,Fall,No
dog,11,Male,normal,Fall,No
dog,8,Neutered,injured  mild,Winter,Yes
dog,2,Female,normal,Winter,No
cat,6,Spayed,fractious,Winter,No
cat,0,Female,injured  mild,Fall,No
dog,6,Spayed,normal,Spring,Yes
dog,8,Male,normal,Fall,Yes
rabbit,4,Neutered,normal,Winter,No
dog,8,Spayed,normal,Winter,No
rabbit,5,Neutered,normal,Spring,Yes
rabbit,2,Neutered,normal,Winter,No
cat,6,Female,injured  severe,Summer,No
cat,0,Male,under age/weight,Spring,No
dog,13,Spayed,injured  mild,Fall,Yes
cat,0,Female,under age/weight,Spring,No
dog,2,Spayed,normal,Fall,No
dog,6,Male,normal,Fall,Yes
cat,1,Neutered,under age/weight,Spring,Yes
bird,0,Female,injured  mild,Winter,No
cat,0,Neutered,under age/weight,Summer,Yes
bird,2,Unknown,injured  mild,Fall,No
cat,5,Male,ill moderatete,Summer,No
dog,18,Spayed,normal,Summer,No
cat,6,Spayed,normal,Summer,No
cat,0,Spayed,normal,Winter,Yes
cat,5,Female,under age/weight,Summer,No
bird,9,Unknown,injured  moderate,Summer,No
cat,7,Female,under age/weight,Spring,No
dog,7,Male,normal,Winter,No
dog,7,Female,normal,Summer,No
dog,15,Male,normal,Fall,No
cat,2,Male,ill moderatete,Summer,No
cat,7,Unknown,under age/weight,Fall,No
cat,2,Male,ill severe,Fall,Yes
cat,7,Unknown,under age/weight,Fall,No
cat,3,Male,under age/weight,Fall,No
other,5,Unknown,ill severe,Winter,No
cat,1,Male,under age/weight,Fall,Yes
cat,1,Neutered,normal,Fall,No
dog,18,Male,normal,Winter,No
cat,10,Spayed,normal,Spring,Yes
dog,15,Male,normal,Winter,No
dog,8,Spayed,ill mild,Winter,Yes
cat,1,Neutered,normal,Winter,No
dog,3,Male,normal,Spring,No
other,3,Unknown,under age/weight,Spring,No
cat,1,Neutered,under age/weight,Fall,Yes
cat,9,Male,normal,Fall,Yes
dog,2,Spayed,normal,Spring,Yes
dog,4,Male,normal,Spring,No
Other,8,Female,normal,Winter,No
cat,8,Male,normal,Spring,No
Other,8,Male,normal,Spring,No
cat,3,Unknown,injured  severe,Summer,No
Other,8,Female,normal,Winter,No
Other,8,Male,normal,Spring,No
dog,10,Female,normal,Spring,Yes
Other,8,Male,normal,Spring,No
Other,10,Female,normal,Winter,No
cat,5,Neutered,under age/weight,Fall,Yes
dog,12,Male,injured  mild,Fall,No
other,6,Unknown,injured  severe,Summer,No
cat,6,Male,injured  severe,Winter,No
cat,7,Female,normal,Spring,No
cat,3,Male,normal,Spring,No
dog,6,Female,normal,Summer,No
other,4,Unknown,injured  severe,Summer,No
cat,7,Unknown,under age/weight,Fall,No
dog,6,Male,ill mild,Spring,Yes
cat,8,Male,normal,Summer,Yes
cat,8,Neutered,ill mild,Summer,No
dog,13,Female,normal,Winter,No
cat,6,Spayed,normal,Fall,No
cat,6,Neutered,normal,Winter,No
Other,8,Unknown,normal,Fall,No
dog,0,Male,ill severe,Fall,No
Other,7,Unknown,normal,Fall,No
cat,3,Spayed,ill mild,Fall,Yes
rabbit,9,Female,normal,Spring,Yes
dog,6,Male,normal,Spring,No
Other,5,Unknown,injured  severe,Spring,No
cat,1,Neutered,normal,Spring,Yes
cat,1,Neutered,normal,Spring,Yes
cat,8,Spayed,normal,Summer,No
cat,7,Male,normal,Fall,No
dog,12,Female,normal,Summer,No
cat,5,Male,normal,Summer,No
cat,7,Female,under age/weight,Summer,No
cat,6,Neutered,fractious,Fall,No
dog,18,Spayed,ill moderatete,Spring,No
cat,5,Male,normal,Summer,No
bird,1,Unknown,normal,Summer,No
cat,8,Spayed,fractious,Summer,No
dog,2,Female,normal,Summer,No
cat,1,Female,under age/weight,Fall,No
cat,11,Unknown,injured  severe,Fall,No
cat,1,Male,under age/weight,Fall,No
other,4,Unknown,under age/weight,Spring,No
cat,4,Neutered,normal,Spring,Yes
cat,6,Female,ill mild,Spring,No
cat,18,Spayed,normal,Summer,Yes
dog,13,Male,normal,Winter,No
dog,5,Spayed,normal,Spring,Yes
dog,7,Spayed,behavior  moderate,Fall,No
cat,7,Neutered,normal,Spring,Yes
dog,1,Neutered,normal,Summer,Yes
dog,11,Neutered,injured  moderate,Fall,No
cat,20,Female,ill severe,Winter,No
cat,8,Female,normal,Spring,No
cat,6,Unknown,normal,Spring,No
dog,6,Male,normal,Winter,No
dog,8,Female,injured  severe,Fall,No
cat,2,Male,under age/weight,Fall,No
cat,4,Male,normal,Summer,No
bird,4,Unknown,injured  moderate,Fall,No
rabbit,9,Neutered,normal,Spring,No
cat,4,Male,normal,Summer,No
cat,4,Male,normal,Summer,No
cat,5,Neutered,under age/weight,Summer,No
dog,5,Spayed,normal,Spring,No
cat,6,Female,normal,Summer,No
cat,2,Neutered,normal,Winter,Yes
dog,4,Neutered,normal,Fall,No
dog,8,Spayed,normal,Fall,No
cat,0,Male,under age/weight,Fall,No
cat,8,Spayed,normal,Fall,Yes
dog,1,Spayed,normal,Fall,Yes
cat,1,Male,ill moderatete,Summer,No
cat,10,Neutered,normal,Fall,Yes
cat,9,Spayed,feral,Summer,No
dog,9,Neutered,normal,Fall,No
dog,13,Neutered,normal,Fall,No
dog,2,Spayed,normal,Fall,Yes
dog,2,Spayed,normal,Winter,Yes
dog,11,Male,injured  severe,Spring,No
bird,8,Unknown,injured  moderate,Spring,No
dog,11,Male,ill mild,Summer,No
cat,6,Unknown,under age/weight,Fall,No
cat,2,Male,normal,Winter,No
cat,7,Unknown,injured  severe,Winter,No
cat,2,Male,ill mild,Fall,No
cat,4,Neutered,under age/weight,Summer,Yes
cat,8,Unknown,injured  severe,Summer,No
cat,6,Unknown,under age/weight,Fall,No
cat,2,Male,ill mild,Fall,Yes
cat,5,Unknown,under age/weight,Spring,No
wild,12,Unknown,injured  severe,Fall,No
cat,13,Neutered,injured  mild,Fall,Yes
dog,8,Neutered,normal,Winter,No
dog,8,Male,normal,Summer,No
dog,2,Female,normal,Summer,Yes
dog,12,Spayed,normal,Fall,Yes
dog,1,Neutered,i/i report,Fall,Yes
dog,2,Neutered,normal,Fall,No
dog,17,Spayed,normal,Winter,No
cat,1,Spayed,ill mild,Fall,Yes
cat,1,Neutered,ill mild,Fall,Yes
dog,6,Male,under age/weight,Winter,No
cat,1,Male,behavior  moderate,Fall,No
cat,0,Male,under age/weight,Spring,No
dog,9,Neutered,normal,Spring,No
cat,3,Neutered,under age/weight,Winter,Yes
cat,6,Female,normal,Summer,No
cat,5,Male,ill severe,Winter,No
cat,2,Female,normal,Summer,Yes
cat,2,Spayed,normal,Summer,Yes
cat,5,Unknown,under age/weight,Fall,No
cat,2,Spayed,normal,Summer,Yes
cat,7,Male,under age/weight,Summer,No
cat,5,Unknown,under age/weight,Fall,No
cat,7,Female,under age/weight,Summer,No
dog,4,Female,ill mild,Summer,No
cat,7,Female,normal,Fall,Yes
cat,2,Neutered,injured  mild,Summer,No
dog,7,Neutered,normal,Fall,Yes
bird,3,Unknown,injured  moderate,Winter,No
dog,1,Male,normal,Winter,No
cat,1,Male,ill mild,Summer,No
cat,9,Spayed,fractious,Spring,No
cat,1,Female,ill mild,Summer,No
cat,8,Neutered,fractious,Spring,No
cat,1,Female,ill mild,Summer,No
cat,3,Spayed,under age/weight,Summer,Yes
cat,5,Female,under age/weight,Spring,No
cat,2,Spayed,ill mild,Summer,Yes
Other,8,Female,normal,Winter,No
dog,16,Male,normal,Fall,No
cat,2,Neutered,under age/weight,Spring,Yes
dog,13,Spayed,normal,Fall,No
dog,2,Female,normal,Summer,Yes
dog,6,Neutered,injured  mild,Winter,No
cat,5,Female,under age/weight,Summer,No
cat,4,Male,under age/weight,Summer,No
dog,11,Neutered,Other,Fall,Yes
dog,6,Female,normal,Spring,No
dog,11,Neutered,normal,Fall,Yes
cat,2,Female,ill mild,Fall,No
cat,10,Unknown,injured  severe,Summer,No
dog,10,Spayed,Other,Fall,No
wild,5,Female,ill moderatete,Summer,No
bird,5,Unknown,injured  severe,Summer,No
dog,2,Male,normal,Spring,No
dog,8,Neutered,normal,Winter,Yes
dog,11,Female,normal,Summer,No
cat,12,Female,normal,Spring,No
rabbit,3,Unknown,injured  severe,Summer,No
cat,1,Spayed,normal,Spring,Yes
dog,11,Spayed,normal,Spring,No
dog,1,Female,normal,Fall,No
cat,7,Male,under age/weight,Spring,No
cat,7,Neutered,normal,Fall,Yes
cat,7,Female,under age/weight,Spring,No
cat,10,Spayed,normal,Summer,No
wild,2,Unknown,ill severe,Fall,No
cat,4,Spayed,normal,Summer,No
dog,7,Spayed,normal,Winter,No
cat,2,Spayed,ill mild,Winter,No
cat,7,Unknown,under age/weight,Summer,No
cat,7,Unknown,under age/weight,Summer,No
cat,7,Unknown,under age/weight,Summer,No
cat,2,Female,ill mild,Winter,No
dog,4,Spayed,normal,Summer,Yes
cat,2,Spayed,ill mild,Winter,No
cat,2,Neutered,ill mild,Winter,No
cat,2,Male,ill mild,Winter,No
dog,3,Female,normal,Fall,No
dog,3,Neutered,injured  mild,Fall,Yes
cat,2,Neutered,under age/weight,Fall,Yes
dog,7,Female,normal,Fall,No
cat,2,Neutered,under age/weight,Fall,Yes
cat,2,Spayed,under age/weight,Fall,Yes
cat,5,Male,under age/weight,Summer,Yes
cat,9,Female,normal,Spring,Yes
dog,10,Neutered,injured  severe,Summer,No
dog,4,Spayed,i/i report,Spring,No
cat,7,Spayed,normal,Summer,No
cat,1,Female,under age/weight,Winter,No
cat,2,Unknown,under age/weight,Summer,No
dog,12,Neutered,Other,Fall,Yes
bird,8,Unknown,injured  mild,Fall,No
cat,2,Male,ill severe,Spring,No
dog,8,Female,normal,Spring,No
dog,3,Neutered,normal,Fall,No
dog,20,Spayed,normal,Fall,No
cat,0,Male,under age/weight,Fall,No
dog,14,Neutered,normal,Fall,No
dog,7,Male,normal,Fall,No
other,11,Unknown,ill severe,Spring,No
dog,13,Neutered,normal,Fall,No
cat,5,Unknown,under age/weight,Spring,No
cat,5,Female,fractious,Fall,No
cat,4,Female,normal,Fall,No
dog,6,Female,normal,Winter,No
cat,8,Spayed,ill mild,Summer,Yes
cat,8,Male,ill severe,Spring,No
cat,7,Female,injured  moderate,Summer,No
cat,1,Female,under age/weight,Spring,No
dog,10,Female,normal,Fall,No
dog,5,Spayed,injured  moderate,Fall,Yes
cat,8,Neutered,normal,Fall,No
cat,7,Female,normal,Summer,No
dog,20,Neutered,normal,Spring,No
dog,6,Neutered,behavior  moderate,Spring,Yes
dog,7,Male,normal,Summer,No
cat,3,Unknown,ill severe,Fall,No
other,5,Unknown,injured  severe,Fall,No
cat,5,Male,injured  severe,Fall,No
cat,3,Female,ill moderatete,Fall,No
dog,4,Neutered,normal,Spring,Yes
dog,21,Neutered,Other,Summer,No
cat,10,Neutered,ill mild,Spring,No
cat,8,Spayed,injured  moderate,Fall,No
dog,12,Spayed,injured  moderate,Summer,No
dog,2,Neutered,normal,Winter,Yes
cat,3,Neutered,injured  mild,Summer,No
bird,1,Unknown,injured  moderate,Fall,No
cat,1,Female,under age/weight,Spring,No
other,8,Unknown,injured  severe,Summer,No
cat,5,Spayed,fractious,Spring,Yes
dog,8,Spayed,normal,Winter,Yes
cat,1,Female,under age/weight,Spring,No
dog,9,Female,injured  moderate,Spring,No
cat,1,Spayed,under age/weight,Spring,No
cat,1,Male,under age/weight,Spring,No
cat,1,Spayed,under age/weight,Spring,No
dog,6,Neutered,normal,Winter,No
cat,1,Spayed,under age/weight,Spring,No
cat,3,Female,under age/weight,Fall,No
cat,1,Female,under age/weight,Spring,No
other,10,Unknown,ill severe,Winter,No
cat,3,Female,under age/weight,Fall,No
dog,3,Female,normal,Fall,Yes
cat,7,Spayed,fractious,Summer,No
other,7,Unknown,under age/weight,Spring,No
cat,3,Female,under age/weight,Fall,No
cat,11,Unknown,feral,Fall,No
cat,3,Female,under age/weight,Fall,No
dog,17,Male,normal,Summer,No
dog,8,Neutered,ill mild,Fall,Yes
cat,5,Female,ill severe,Summer,No
dog,13,Spayed,normal,Summer,Yes
dog,8,Spayed,normal,Winter,No
cat,7,Female,normal,Fall,No
cat,6,Female,normal,Summer,No
other,6,Unknown,injured  severe,Summer,No
dog,1,Neutered,normal,Spring,Yes
other,6,Unknown,ill severe,Spring,No
cat,10,Female,ill severe,Fall,No
dog,10,Male,normal,Winter,No
cat,14,Neutered,normal,Spring,Yes
cat,13,Female,normal,Spring,Yes
dog,14,Neutered,normal,Fall,Yes
cat,12,Spayed,normal,Spring,Yes
other,7,Unknown,normal,Winter,No
cat,22,Male,fractious,Fall,No
dog,4,Neutered,injured  severe,Spring,No
cat,1,Male,under age/weight,Spring,No
dog,13,Spayed,normal,Winter,Yes
cat,5,Female,under age/weight,Fall,No
dog,13,Male,normal,Fall,Yes
dog,4,Female,i/i report,Fall,No
dog,11,Male,injured  severe,Spring,No
bird,6,Unknown,injured  mild,Winter,No
dog,1,Female,normal,Winter,No
dog,19,Male,ill moderatete,Fall,No
dog,3,Spayed,normal,Winter,Yes
cat,7,Male,injured  moderate,Spring,No
cat,5,Female,under age/weight,Spring,No
wild,4,Unknown,ill severe,Spring,No
cat,5,Female,under age/weight,Spring,No
cat,5,Male,under age/weight,Spring,No
dog,2,Female,ill mild,Summer,No
cat,6,Neutered,normal,Summer,No
dog,5,Spayed,normal,Spring,Yes
dog,5,Spayed,normal,Spring,Yes
dog,8,Female,normal,Winter,No
dog,1,Female,normal,Spring,No
cat,7,Neutered,feral,Winter,No
dog,4,Male,normal,Summer,Yes
cat,6,Neutered,fractious,Winter,No
cat,7,Spayed,normal,Summer,No
dog,6,Male,normal,Winter,No
cat,0,Female,under age/weight,Fall,No
cat,3,Female,ill severe,Spring,No
other,0,Male,injured  severe,Fall,No
cat,3,Unknown,under age/weight,Spring,No
cat,3,Unknown,under age/weight,Spring,No
cat,6,Unknown,ill severe,Spring,No
cat,3,Unknown,under age/weight,Spring,No
dog,7,Male,normal,Spring,No
dog,14,Spayed,ill moderatete,Winter,No
other,1,Unknown,injured  severe,Fall,No
dog,3,Female,normal,Winter,No
wild,12,Female,injured  severe,Summer,No
cat,0,Neutered,ill mild,Summer,No
bird,4,Unknown,injured  moderate,Summer,No
cat,2,Neutered,under age/weight,Winter,No
dog,4,Neutered,normal,Summer,No
dog,1,Female,under age/weight,Spring,No
rabbit,9,Spayed,normal,Fall,No
dog,15,Female,ill severe,Summer,No
rabbit,0,Unknown,under age/weight,Spring,No
cat,14,Spayed,normal,Summer,No
dog,22,Neutered,injured  severe,Fall,No
cat,0,Unknown,under age/weight,Summer,No
cat,0,Unknown,under age/weight,Summer,No
other,8,Male,injured  severe,Fall,No
dog,9,Neutered,normal,Winter,No
cat,5,Neutered,under age/weight,Fall,Yes
bird,2,Unknown,injured  mild,Summer,No
cat,2,Male,under age/weight,Spring,No
dog,17,Neutered,Other,Summer,No
cat,2,Male,under age/weight,Spring,No
dog,10,Female,normal,Fall,No
cat,2,Male,under age/weight,Summer,Yes
cat,6,Unknown,under age/weight,Fall,No
cat,6,Unknown,under age/weight,Fall,No
cat,6,Female,under age/weight,Fall,No
cat,7,Neutered,fractious,Fall,No
dog,7,Spayed,normal,Summer,No
dog,11,Spayed,normal,Summer,Yes
cat,4,Unknown,under age/weight,Spring,No
dog,1,Male,i/i report,Winter,No
cat,4,Unknown,under age/weight,Spring,No
dog,11,Spayed,injured  severe,Summer,Yes
cat,9,Unknown,injured  severe,Fall,No
dog,6,Male,normal,Fall,No
dog,3,Male,normal,Fall,No
dog,7,Spayed,normal,Winter,No
wild,1,Unknown,ill severe,Spring,No
cat,0,Male,ill severe,Fall,No
dog,4,Neutered,normal,Spring,Yes
dog,4,Female,normal,Spring,No
bird,1,Unknown,injured  moderate,Summer,No
cat,4,Male,under age/weight,Spring,No
bird,8,Unknown,ill severe,Spring,No
cat,6,Spayed,normal,Summer,No
cat,4,Female,under age/weight,Spring,No
cat,3,Spayed,ill moderatete,Spring,Yes
cat,1,Male,under age/weight,Fall,No
cat,0,Female,under age/weight,Fall,No
dog,2,Neutered,normal,Summer,Yes
dog,7,Male,normal,Spring,No
dog,7,Neutered,normal,Winter,Yes
cat,1,Male,injured  severe,Spring,No
cat,9,Female,normal,Spring,No
wild,8,Unknown,injured  mild,Summer,No
cat,2,Unknown,ill moderatete,Fall,No
cat,9,Spayed,normal,Summer,No
other,8,Unknown,injured  severe,Summer,No
Other,12,Unknown,normal,Spring,No
dog,7,Male,normal,Summer,Yes
cat,7,Female,under age/weight,Summer,No
dog,11,Neutered,normal,Summer,No
cat,7,Unknown,under age/weight,Spring,No
cat,7,Unknown,under age/weight,Spring,No
dog,2,Spayed,normal,Spring,Yes
dog,2,Spayed,normal,Spring,Yes
cat,1,Female,under age/weight,Summer,No
cat,11,Spayed,ill moderatete,Summer,No
cat,1,Male,under age/weight,Summer,No
cat,1,Male,under age/weight,Summer,No
cat,17,Female,injured  severe,Fall,No
cat,2,Neutered,i/i report,Winter,No
other,3,Unknown,normal,Fall,No
cat,7,Unknown,under age/weight,Summer,No
rabbit,2,Unknown,under age/weight,Spring,No
dog,1,Neutered,ill mild,Summer,Yes
Other,2,Male,normal,Summer,No
cat,1,Female,under age/weight,Spring,No
Other,3,Female,normal,Summer,No
other,3,Unknown,normal,Fall,No
dog,8,Male,normal,Spring,No
dog,1,Spayed,normal,Spring,Yes
dog,5,Spayed,normal,Summer,No
cat,7,Male,normal,Fall,No
wild,8,Unknown,ill mild,Fall,No
dog,9,Female,injured  mild,Spring,No
cat,7,Neutered,feral,Fall,No
cat,8,Male,normal,Winter,Yes
dog,9,Neutered,normal,Spring,No
dog,8,Neutered,normal,Spring,No
cat,0,Spayed,normal,Winter,Yes
cat,2,Male,ill mild,Summer,No
cat,0,Neutered,normal,Winter,Yes
cat,5,Neutered,normal,Winter,Yes
wild,4,Unknown,under age/weight,Summer,No
dog,6,Neutered,normal,Winter,Yes
cat,8,Unknown,under age/weight,Winter,No
dog,2,Spayed,Other,Winter,Yes
cat,8,Unknown,under age/weight,Winter,No
cat,0,Spayed,under age/weight,Fall,Yes
cat,0,Neutered,under age/weight,Fall,Yes
dog,7,Neutered,ill moderatete,Spring,Yes
cat,5,Female,normal,Spring,No
cat,9,Female,i/i report,Summer,No
cat,8,Spayed,normal,Summer,No
dog,7,Male,normal,Fall,No
cat,6,Male,normal,Spring,No
dog,7,Male,injured  severe,Spring,No
cat,10,Neutered,ill mild,Winter,No
cat,11,Male,injured  severe,Spring,No
dog,13,Female,ill moderatete,Spring,No
cat,9,Male,normal,Winter,No
cat,8,Spayed,feral,Fall,No
cat,10,Male,fractious,Fall,Yes
cat,7,Male,under age/weight,Fall,No
cat,6,Male,ill severe,Summer,No
cat,4,Neutered,normal,Winter,Yes
cat,3,Male,ill severe,Summer,No
cat,3,Male,ill severe,Summer,No
cat,4,Male,under age/weight,Spring,No
cat,4,Neutered,injured  severe,Fall,Yes
cat,4,Female,under age/weight,Spring,No
cat,1,Male,ill moderatete,Spring,No
cat,1,Male,ill moderatete,Spring,No
cat,2,Neutered,ill mild,Summer,No
cat,9,Female,ill mild,Summer,No
dog,13,Female,injured  severe,Spring,No
dog,4,Spayed,normal,Summer,Yes
dog,8,Male,injured  severe,Fall,No
dog,12,Male,normal,Summer,No
dog,10,Neutered,normal,Summer,Yes
dog,6,Female,normal,Summer,Yes
wild,6,Unknown,injured  severe,Summer,No
dog,14,Neutered,normal,Summer,No
cat,8,Unknown,ill severe,Spring,No
cat,8,Spayed,normal,Winter,Yes
cat,2,Female,under age/weight,Summer,Yes
Other,4,Male,normal,Summer,No
cat,3,Male,normal,Fall,Yes
cat,2,Male,under age/weight,Summer,No
cat,2,Male,under age/weight,Summer,No
cat,2,Neutered,normal,Fall,No
cat,0,Female,under age/weight,Summer,No
cat,7,Spayed,normal,Fall,Yes
dog,5,Female,ill moderatete,Fall,No
dog,9,Male,ill mild,Summer,Yes
dog,9,Female,normal,Winter,No
dog,1,Female,under age/weight,Fall,No
dog,8,Spayed,ill mild,Winter,No
dog,15,Male,injured  mild,Summer,No
dog,5,Male,normal,Fall,No
dog,2,Neutered,ill mild,Summer,Yes
other,3,Unknown,under age/weight,Spring,No
dog,10,Neutered,normal,Summer,No
other,3,Unknown,under age/weight,Spring,No
cat,1,Spayed,under age/weight,Fall,Yes
cat,1,Female,under age/weight,Fall,Yes
cat,8,Spayed,normal,Fall,Yes
dog,1,Neutered,normal,Fall,Yes
cat,6,Male,ill mild,Fall,No
dog,2,Spayed,normal,Winter,No
dog,13,Neutered,ill mild,Summer,Yes
cat,4,Neutered,injured  moderate,Spring,No
cat,1,Neutered,ill mild,Winter,Yes
cat,1,Neutered,ill mild,Winter,Yes
cat,9,Spayed,feral,Fall,No
cat,0,Male,under age/weight,Winter,No
cat,15,Female,injured  severe,Spring,No
dog,11,Neutered,normal,Summer,No
dog,9,Female,normal,Summer,No
dog,7,Unknown,normal,Summer,No
dog,7,Unknown,normal,Summer,No
other,4,Unknown,under age/weight,Spring,No
cat,7,Male,ill moderatete,Spring,No
cat,3,Female,under age/weight,Fall,No
cat,5,Neutered,normal,Spring,Yes
cat,4,Neutered,injured  mild,Spring,No
rabbit,10,Female,normal,Fall,No
cat,7,Male,under age/weight,Summer,No
dog,10,Male,normal,Summer,No
dog,2,Female,normal,Summer,Yes
cat,7,Male,under age/weight,Summer,No
cat,7,Male,under age/weight,Summer,No
dog,7,Female,fractious,Fall,No
cat,6,Neutered,fractious,Summer,No
cat,6,Female,under age/weight,Fall,No
other,5,Unknown,injured  severe,Summer,No
bird,3,Male,normal,Summer,No
dog,11,Neutered,injured  severe,Fall,No
dog,3,Neutered,normal,Spring,Yes
bird,3,Male,normal,Summer,No
cat,2,Male,ill moderatete,Fall,No
dog,7,Female,normal,Summer,No
bird,4,Unknown,injured  severe,Fall,No
dog,6,Male,normal,Fall,No
dog,10,Spayed,normal,Spring,Yes
bird,9,Unknown,injured  moderate,Spring,No
dog,11,Male,normal,Winter,No
dog,8,Neutered,normal,Winter,No
dog,12,Male,ill moderatete,Spring,No
dog,10,Female,normal,Winter,No
cat,19,Female,normal,Fall,No
bird,5,Unknown,injured  severe,Fall,No
cat,7,Male,under age/weight,Summer,No
cat,7,Female,under age/weight,Summer,No
dog,10,Spayed,normal,Summer,Yes
cat,7,Male,under age/weight,Summer,No
Other,8,Female,normal,Fall,Yes
cat,8,Unknown,injured  severe,Spring,No
cat,6,Male,normal,Winter,Yes
cat,3,Neutered,under age/weight,Spring,Yes
dog,8,Spayed,normal,Winter,Yes
cat,7,Female,normal,Fall,No
cat,5,Female,under age/weight,Summer,No
other,2,Unknown,under age/weight,Spring,No
dog,8,Spayed,normal,Winter,Yes
other,2,Unknown,under age/weight,Spring,No
cat,3,Spayed,under age/weight,Summer,Yes
other,2,Unknown,under age/weight,Spring,No
cat,1,Neutered,under age/weight,Summer,No
other,2,Unknown,under age/weight,Spring,No
wild,8,Unknown,ill severe,Winter,No
cat,5,Spayed,normal,Summer,Yes
dog,9,Male,normal,Spring,No
other,2,Unknown,under age/weight,Spring,No
cat,4,Male,normal,Summer,No
cat,4,Male,normal,Summer,No
dog,12,Male,normal,Summer,Yes
cat,2,Female,injured  moderate,Fall,No
dog,6,Female,normal,Spring,No
cat,14,Female,ill moderatete,Winter,No
cat,1,Unknown,under age/weight,Winter,No
dog,8,Female,i/i report,Spring,No
cat,6,Spayed,normal,Fall,No
cat,3,Spayed,ill moderatete,Winter,Yes
dog,10,Female,normal,Winter,No
cat,5,Spayed,injured  mild,Winter,Yes
dog,3,Spayed,normal,Fall,Yes
dog,13,Neutered,i/i report,Fall,Yes
dog,6,Spayed,normal,Fall,Yes
dog,9,Spayed,ill mild,Fall,Yes
cat,3,Neutered,normal,Summer,Yes
cat,1,Spayed,normal,Spring,No
bird,8,Unknown,injured  moderate,Winter,No
cat,1,Neutered,normal,Spring,Yes
dog,7,Spayed,injured  mild,Winter,No
cat,2,Spayed,under age/weight,Spring,Yes
dog,8,Neutered,normal,Fall,No
dog,6,Female,ill mild,Spring,Yes
dog,2,Spayed,normal,Spring,Yes
Other,13,Unknown,normal,Summer,No
dog,2,Spayed,normal,Winter,Yes
dog,8,Neutered,normal,Fall,Yes
dog,6,Female,injured  mild,Winter,No
dog,1,Female,normal,Spring,No
rabbit,4,Neutered,normal,Winter,No
cat,8,Male,injured  mild,Summer,No
dog,7,Neutered,injured  moderate,Winter,Yes
dog,9,Female,normal,Summer,No
dog,12,Female,normal,Summer,No
cat,7,Male,injured  mild,Summer,No
cat,1,Neutered,under age/weight,Summer,No
cat,1,Female,under age/weight,Spring,No
dog,9,Female,ill mild,Summer,No
dog,2,Neutered,ill mild,Spring,Yes
cat,0,Male,under age/weight,Fall,No
dog,2,Neutered,normal,Winter,Yes
cat,0,Male,under age/weight,Fall,No
dog,2,Neutered,normal,Spring,No
dog,2,Female,normal,Summer,Yes
other,7,Unknown,under age/weight,Summer,No
Other,12,Female,injured  moderate,Summer,No
Other,3,Male,normal,Winter,Yes
cat,1,Male,under age/weight,Winter,No
dog,8,Female,normal,Spring,Yes
cat,19,Male,ill severe,Winter,No
cat,1,Neutered,under age/weight,Fall,Yes
dog,12,Male,normal,Fall,No
dog,5,Neutered,normal,Summer,No
dog,8,Male,ill mild,Summer,No
cat,0,Neutered,under age/weight,Fall,Yes
dog,3,Neutered,injured  mild,Summer,Yes
cat,8,Spayed,fractious,Spring,No
cat,8,Neutered,fractious,Spring,No
other,7,Male,injured  severe,Spring,No
cat,6,Male,under age/weight,Summer,No
rabbit,4,Spayed,injured  mild,Fall,No
cat,6,Female,under age/weight,Summer,No
dog,10,Male,normal,Spring,No
wild,4,Unknown,injured  severe,Summer,No
cat,8,Male,normal,Summer,Yes
dog,8,Male,normal,Winter,No
rabbit,4,Unknown,under age/weight,Summer,No
dog,8,Male,normal,Summer,Yes
cat,7,Female,under age/weight,Summer,No
cat,4,Male,injured  severe,Fall,No
cat,0,Neutered,under age/weight,Fall,Yes
dog,5,Neutered,normal,Fall,Yes
cat,3,Spayed,normal,Spring,Yes
dog,15,Male,ill severe,Fall,No
dog,3,Neutered,normal,Summer,No
cat,0,Female,under age/weight,Summer,No
dog,13,Neutered,behavior  moderate,Winter,Yes
cat,0,Male,under age/weight,Summer,No
bird,8,Unknown,injured  moderate,Fall,No
dog,2,Spayed,normal,Fall,No
dog,13,Male,Other,Fall,No
cat,2,Female,ill mild,Summer,No
cat,2,Female,ill mild,Summer,No
dog,3,Neutered,normal,Spring,No
cat,0,Spayed,under age/weight,Summer,No
dog,16,Spayed,normal,Winter,No
cat,2,Spayed,normal,Summer,No
cat,0,Neutered,under age/weight,Summer,No
cat,17,Neutered,ill mild,Spring,No
cat,0,Neutered,under age/weight,Winter,Yes
cat,6,Unknown,injured  severe,Summer,No
dog,9,Spayed,normal,Fall,No
cat,7,Neutered,ill mild,Summer,No
cat,7,Female,normal,Summer,No
cat,5,Male,normal,Fall,No
dog,8,Male,normal,Spring,No
dog,3,Spayed,normal,Winter,Yes
cat,3,Male,normal,Fall,No
cat,3,Female,normal,Fall,No
cat,8,Unknown,normal,Summer,No
dog,15,Spayed,injured  moderate,Summer,No
cat,0,Neutered,under age/weight,Summer,No
cat,1,Spayed,normal,Fall,No
dog,3,Neutered,fractious,Fall,Yes
dog,17,Neutered,normal,Spring,No
cat,0,Neutered,under age/weight,Summer,No
cat,0,Spayed,under age/weight,Summer,No
cat,6,Male,normal,Fall,No
dog,11,Male,normal,Spring,No
bird,2,Unknown,injured  moderate,Summer,No
dog,5,Spayed,normal,Fall,No
dog,2,Neutered,normal,Fall,Yes
cat,1,Neutered,under age/weight,Spring,Yes
dog,3,Neutered,fractious,Fall,Yes
cat,7,Spayed,injured  mild,Summer,No
cat,9,Neutered,injured  severe,Fall,No
cat,5,Neutered,ill severe,Summer,Yes
cat,20,Spayed,normal,Spring,Yes
cat,11,Neutered,fractious,Spring,No
bird,1,Unknown,injured  severe,Spring,No
cat,5,Female,injured  moderate,Winter,No
dog,8,Female,normal,Winter,No
cat,17,Neutered,normal,Fall,Yes
dog,8,Male,normal,Winter,No
dog,2,Neutered,normal,Spring,Yes
dog,10,Female,normal,Fall,No
dog,10,Female,normal,Winter,No
dog,14,Spayed,normal,Spring,No
dog,2,Male,normal,Winter,No
dog,12,Neutered,normal,Spring,No
bird,3,Unknown,injured  severe,Summer,No
cat,5,Neutered,normal,Fall,Yes
dog,5,Spayed,normal,Spring,Yes
dog,13,Neutered,normal,Summer,No
cat,3,Female,under age/weight,Summer,No
dog,8,Male,normal,Summer,No
cat,5,Spayed,normal,Fall,No
cat,4,Spayed,normal,Summer,No
other,3,Unknown,under age/weight,Spring,No
dog,5,Spayed,normal,Fall,No
dog,3,Neutered,normal,Spring,Yes
cat,2,Neutered,normal,Spring,Yes
cat,2,Male,normal,Spring,Yes
cat,2,Spayed,normal,Summer,No
cat,5,Spayed,injured  severe,Summer,Yes
dog,1,Spayed,normal,Summer,Yes
cat,6,Female,under age/weight,Summer,No
dog,3,Male,Other,Fall,Yes
cat,3,Male,under age/weight,Spring,No
Other,1,Female,i/i report,Spring,Yes
cat,1,Neutered,normal,Summer,Yes
Other,1,Female,normal,Winter,No
cat,6,Female,injured  mild,Fall,No
dog,12,Female,normal,Spring,Yes
rabbit,2,Neutered,normal,Winter,No
cat,2,Neutered,under age/weight,Fall,Yes
cat,9,Male,ill severe,Summer,No
Other,8,Male,normal,Spring,No
Other,8,Male,normal,Spring,No
cat,6,Unknown,under age/weight,Spring,No
Other,8,Female,normal,Winter,No
Other,8,Female,normal,Winter,No
Other,8,Female,normal,Winter,No
cat,6,Female,under age/weight,Fall,No
Other,8,Female,normal,Winter,No
cat,7,Male,normal,Fall,Yes
Other,7,Unknown,under age/weight,Spring,No
cat,9,Female,injured  severe,Spring,No
dog,8,Neutered,normal,Fall,No
dog,7,Male,normal,Fall,No
cat,11,Spayed,normal,Spring,Yes
dog,15,Female,normal,Winter,No
cat,9,Spayed,normal,Summer,Yes
dog,5,Male,normal,Summer,No
dog,7,Spayed,injured  moderate,Spring,Yes
dog,6,Male,normal,Summer,No
dog,6,Female,normal,Summer,No
dog,17,Spayed,normal,Summer,No
dog,8,Female,normal,Winter,No
dog,8,Neutered,normal,Winter,No
dog,9,Female,normal,Spring,No
dog,10,Spayed,normal,Spring,No
cat,12,Neutered,fractious,Winter,No
dog,3,Neutered,injured  mild,Summer,Yes
cat,6,Neutered,normal,Winter,No
dog,2,Spayed,normal,Winter,Yes
dog,8,Female,fractious,Summer,No
dog,14,Male,ill severe,Fall,No
dog,7,Spayed,fractious,Spring,Yes
cat,1,Spayed,normal,Winter,Yes
cat,1,Spayed,normal,Spring,Yes
cat,9,Spayed,normal,Fall,Yes
cat,2,Male,under age/weight,Summer,No
cat,2,Spayed,normal,Winter,Yes
cat,2,Spayed,normal,Winter,Yes
cat,2,Spayed,normal,Fall,Yes
cat,2,Spayed,normal,Winter,Yes
cat,6,Spayed,normal,Winter,Yes
cat,15,Male,ill mild,Summer,No
cat,2,Spayed,normal,Fall,Yes
bird,9,Unknown,injured  severe,Winter,No
dog,8,Female,normal,Spring,No
dog,6,Female,normal,Summer,No
dog,7,Male,normal,Spring,No
dog,1,Neutered,normal,Summer,Yes
cat,2,Female,injured  moderate,Fall,No
other,8,Unknown,under age/weight,Spring,No
dog,2,Neutered,normal,Summer,Yes
other,8,Unknown,under age/weight,Spring,No
cat,6,Male,ill severe,Spring,No
dog,1,Spayed,normal,Summer,Yes
dog,10,Spayed,normal,Winter,Yes
dog,4,Spayed,normal,Winter,No
dog,2,Neutered,normal,Winter,No
dog,10,Neutered,normal,Fall,Yes
cat,2,Female,ill mild,Summer,No
cat,7,Neutered,normal,Winter,Yes
cat,7,Spayed,normal,Fall,Yes
dog,6,Male,normal,Summer,No
dog,14,Male,normal,Fall,No
cat,7,Unknown,feral,Summer,No
cat,4,Male,ill severe,Fall,No
cat,1,Male,under age/weight,Winter,No
cat,2,Female,under age/weight,Winter,No
cat,5,Spayed,under age/weight,Summer,No
cat,8,Neutered,fractious,Spring,No
dog,1,Neutered,normal,Fall,Yes
cat,4,Spayed,normal,Winter,No
dog,1,Neutered,normal,Fall,Yes
cat,1,Female,under age/weight,Winter,No
dog,21,Female,normal,Fall,No
dog,15,Neutered,normal,Winter,No
dog,0,Female,normal,Winter,No
cat,1,Female,ill moderatete,Summer,No
dog,0,Male,normal,Winter,No
cat,5,Spayed,normal,Summer,No
cat,5,Spayed,normal,Summer,No
cat,5,Male,ill severe,Fall,No
cat,10,Unknown,ill severe,Spring,No
cat,4,Male,ill moderatete,Summer,No
cat,8,Male,ill mild,Summer,No
cat,7,Neutered,normal,Fall,No
cat,2,Spayed,normal,Winter,No
dog,16,Female,ill severe,Fall,Yes
cat,2,Spayed,normal,Winter,No
cat,18,Spayed,ill mild,Fall,No
cat,7,Female,under age/weight,Summer,No
cat,4,Neutered,normal,Spring,No
dog,18,Neutered,normal,Summer,No
cat,3,Male,Other,Spring,No
dog,10,Male,normal,Summer,No
dog,8,Male,normal,Fall,Yes
cat,7,Neutered,normal,Summer,Yes
rabbit,7,Neutered,normal,Fall,No
cat,10,Neutered,normal,Fall,No
cat,2,Neutered,normal,Summer,Yes
other,9,Unknown,injured  mild,Spring,No
cat,2,Female,normal,Summer,Yes
cat,2,Male,normal,Summer,Yes
cat,10,Neutered,fractious,Fall,No
wild,8,Unknown,ill moderatete,Summer,No
dog,5,Female,normal,Summer,No
cat,7,Female,under age/weight,Summer,No
cat,7,Male,normal,Fall,Yes
cat,7,Male,normal,Fall,No
cat,6,Neutered,normal,Fall,Yes
cat,6,Spayed,normal,Fall,Yes
dog,8,Neutered,normal,Winter,Yes
cat,8,Female,normal,Summer,No
dog,14,Male,normal,Fall,No
wild,3,Unknown,injured  severe,Winter,No
cat,5,Neutered,normal,Summer,Yes
dog,3,Neutered,normal,Summer,No
cat,7,Unknown,under age/weight,Spring,No
dog,2,Male,injured  severe,Spring,No
cat,2,Spayed,injured  moderate,Summer,No
cat,8,Neutered,injured  moderate,Winter,Yes
dog,5,Male,injured  moderate,Winter,No
dog,8,Female,normal,Spring,No
dog,8,Neutered,normal,Summer,Yes
other,1,Male,ill moderatete,Spring,No
dog,6,Spayed,normal,Winter,Yes
dog,6,Neutered,behavior  moderate,Spring,Yes
dog,10,Male,normal,Summer,No
dog,5,Neutered,normal,Fall,Yes
cat,7,Unknown,under age/weight,Summer,No
dog,6,Male,normal,Spring,No
dog,10,Male,normal,Winter,No
dog,7,Neutered,normal,Summer,Yes
cat,0,Male,normal,Summer,No
cat,0,Spayed,under age/weight,Fall,Yes
bird,7,Unknown,injured  moderate,Fall,No
cat,9,Female,injured  severe,Fall,No
cat,0,Spayed,under age/weight,Fall,No
dog,9,Female,normal,Spring,Yes
cat,0,Neutered,under age/weight,Fall,No
dog,14,Spayed,normal,Winter,Yes
cat,8,Female,injured  severe,Fall,No
dog,11,Female,injured  severe,Fall,No
cat,0,Female,ill moderatete,Fall,No
cat,0,Female,ill moderatete,Winter,No
rabbit,4,Neutered,normal,Fall,Yes
rabbit,4,Neutered,normal,Fall,No
cat,6,Unknown,under age/weight,Summer,No
dog,18,Spayed,normal,Winter,No
cat,6,Unknown,under age/weight,Summer,No
cat,6,Neutered,normal,Summer,Yes
cat,5,Female,under age/weight,Summer,No
cat,10,Male,injured  moderate,Spring,No
dog,4,Male,normal,Winter,No
dog,8,Male,behavior  moderate,Spring,No
cat,6,Female,normal,Fall,No
cat,7,Female,normal,Winter,No
cat,12,Neutered,injured  severe,Fall,No
dog,17,Neutered,normal,Winter,No
cat,2,Female,ill mild,Summer,No
cat,10,Unknown,injured  moderate,Fall,No
cat,2,Neutered,normal,Spring,Yes
dog,6,Male,injured  mild,Fall,No
cat,2,Spayed,normal,Summer,Yes
bird,6,Unknown,ill severe,Winter,No
cat,5,Male,normal,Fall,No
dog,11,Neutered,normal,Spring,No
cat,3,Female,normal,Winter,No
dog,1,Male,normal,Spring,No
cat,1,Spayed,normal,Spring,No
wild,4,Male,under age/weight,Fall,No
dog,13,Female,normal,Spring,No
other,5,Unknown,under age/weight,Fall,No
cat,18,Spayed,normal,Winter,Yes
cat,12,Neutered,i/i report,Fall,Yes
cat,1,Spayed,under age/weight,Summer,Yes
cat,2,Neutered,injured  moderate,Winter,Yes
dog,7,Neutered,normal,Spring,No
dog,6,Male,normal,Winter,No
dog,6,Female,normal,Winter,No
dog,5,Female,normal,Winter,No
cat,9,Spayed,normal,Winter,Yes
other,5,Unknown,under age/weight,Spring,No
dog,3,Neutered,normal,Winter,Yes
other,5,Unknown,under age/weight,Spring,No
other,5,Unknown,under age/weight,Spring,No
dog,12,Neutered,normal,Fall,Yes
cat,2,Female,injured  severe,Summer,No
dog,2,Neutered,normal,Fall,Yes
cat,5,Spayed,under age/weight,Summer,Yes
cat,15,Unknown,ill moderatete,Winter,No
cat,5,Neutered,under age/weight,Summer,Yes
cat,6,Female,normal,Summer,No
cat,4,Male,normal,Fall,No
cat,1,Spayed,ill mild,Winter,Yes
cat,1,Neutered,ill mild,Winter,Yes
cat,11,Neutered,normal,Spring,No
dog,17,Male,normal,Spring,No
dog,9,Neutered,fractious,Fall,Yes
Other,5,Unknown,normal,Fall,No
dog,10,Female,normal,Winter,Yes
cat,7,Spayed,fractious,Spring,No
dog,6,Neutered,behavior  mild,Winter,Yes
cat,6,Spayed,normal,Fall,No
cat,5,Unknown,under age/weight,Spring,No
cat,5,Unknown,under age/weight,Spring,No
dog,18,Neutered,injured  severe,Spring,No
cat,11,Female,ill mild,Fall,Yes
cat,7,Spayed,fractious,Fall,No
dog,8,Male,normal,Spring,No
dog,9,Male,ill mild,Fall,No
cat,3,Male,under age/weight,Fall,No
cat,4,Neutered,normal,Summer,Yes
dog,4,Female,injured  severe,Fall,No
dog,8,Male,normal,Summer,No
cat,7,Unknown,ill severe,Winter,No
dog,17,Neutered,normal,Summer,No
dog,9,Spayed,normal,Spring,No
dog,6,Spayed,normal,Fall,Yes
cat,5,Female,under age/weight,Summer,No
dog,13,Spayed,normal,Fall,No
cat,5,Female,under age/weight,Summer,No
dog,16,Spayed,normal,Winter,No
cat,0,Spayed,under age/weight,Fall,Yes
cat,0,Spayed,under age/weight,Fall,Yes
cat,3,Spayed,injured  moderate,Spring,Yes
cat,0,Female,under age/weight,Summer,No
cat,0,Female,under age/weight,Summer,No
cat,12,Spayed,ill severe,Spring,Yes
cat,3,Female,injured  moderate,Fall,No
cat,6,Male,under age/weight,Fall,No
other,7,Unknown,under age/weight,Spring,No
dog,4,Female,normal,Fall,No
wild,4,Unknown,injured  severe,Winter,No
dog,11,Neutered,ill mild,Spring,No
cat,3,Neutered,normal,Fall,Yes
dog,10,Neutered,ill moderatete,Fall,No
dog,8,Male,normal,Fall,No
cat,1,Male,under age/weight,Spring,No
cat,3,Male,injured  severe,Spring,No
cat,0,Male,under age/weight,Summer,Yes
dog,5,Female,normal,Winter,No
cat,7,Unknown,under age/weight,Summer,No
dog,9,Spayed,behavior  moderate,Fall,Yes
cat,5,Female,under age/weight,Fall,No
cat,7,Neutered,normal,Summer,Yes
other,2,Unknown,injured  severe,Summer,No
dog,2,Male,normal,Spring,No
dog,12,Neutered,normal,Winter,No
dog,4,Neutered,normal,Spring,Yes
dog,0,Female,under age/weight,Spring,No
cat,5,Neutered,normal,Winter,No
cat,6,Spayed,normal,Winter,No
dog,0,Female,under age/weight,Spring,No
bird,9,Unknown,injured  mild,Spring,No
cat,7,Spayed,feral,Summer,No
cat,12,Female,ill severe,Fall,No
dog,11,Female,normal,Spring,No
dog,14,Female,normal,Winter,No
dog,14,Male,normal,Winter,No
dog,15,Male,Other,Summer,No
cat,7,Neutered,normal,Fall,Yes
cat,2,Unknown,normal,Fall,No
dog,5,Female,behavior  moderate,Fall,No
dog,17,Neutered,normal,Winter,Yes
cat,2,Spayed,under age/weight,Summer,Yes
dog,7,Male,normal,Spring,No
cat,2,Spayed,under age/weight,Summer,Yes
bird,1,Male,under age/weight,Spring,No
rabbit,5,Female,normal,Winter,No
other,7,Unknown,injured  severe,Spring,No
dog,8,Spayed,normal,Winter,No
dog,2,Neutered,normal,Summer,Yes
dog,2,Male,normal,Winter,No
cat,1,Neutered,normal,Fall,Yes
cat,1,Unknown,normal,Spring,No
Other,2,Male,normal,Winter,Yes
dog,14,Female,ill mild,Winter,No
dog,10,Neutered,injured  moderate,Winter,No
other,2,Male,normal,Spring,No
dog,5,Spayed,Other,Fall,Yes
dog,4,Female,behavior  moderate,Winter,No
dog,1,Female,under age/weight,Spring,No
cat,1,Unknown,under age/weight,Summer,No
Other,2,Female,normal,Fall,No
cat,1,Unknown,under age/weight,Summer,No
rabbit,0,Unknown,under age/weight,Spring,No
cat,11,Female,normal,Summer,No
rabbit,3,Spayed,normal,Summer,No
cat,11,Female,Other,Fall,No
cat,5,Neutered,normal,Summer,Yes
cat,0,Unknown,under age/weight,Summer,No
cat,10,Male,ill severe,Spring,No
cat,11,Male,ill severe,Summer,No
wild,5,Unknown,normal,Summer,No
dog,10,Male,normal,Fall,No
cat,2,Neutered,ill mild,Summer,No
cat,1,Neutered,injured  mild,Spring,No
cat,9,Spayed,feral,Fall,Yes
cat,5,Spayed,fractious,Fall,No
dog,8,Neutered,normal,Fall,Yes
cat,6,Male,under age/weight,Fall,No
dog,11,Neutered,normal,Winter,No
cat,7,Neutered,injured  mild,Spring,Yes
dog,8,Male,normal,Fall,No
cat,10,Female,normal,Winter,No
dog,5,Female,normal,Winter,Yes
cat,17,Neutered,normal,Spring,No
Other,5,Unknown,normal,Summer,No
Other,3,Unknown,normal,Fall,No
dog,13,Neutered,normal,Fall,No
dog,4,Female,normal,Spring,Yes
dog,14,Female,injured  mild,Spring,No
cat,0,Spayed,normal,Summer,Yes
cat,10,Male,injured  severe,Winter,No
rabbit,1,Neutered,normal,Summer,No
rabbit,1,Spayed,normal,Summer,Yes
cat,1,Female,under age/weight,Fall,No
cat,0,Female,under age/weight,Fall,No
dog,8,Female,normal,Fall,No
dog,18,Male,injured  severe,Winter,No
cat,1,Spayed,under age/weight,Fall,Yes
cat,1,Spayed,ill mild,Winter,Yes
cat,10,Female,ill severe,Fall,No
cat,7,Spayed,feral,Winter,No
cat,5,Unknown,under age/weight,Spring,No
cat,2,Neutered,normal,Summer,Yes
dog,11,Male,normal,Spring,No
dog,8,Female,normal,Winter,No
dog,16,Male,normal,Fall,No
cat,7,Spayed,normal,Summer,No
cat,7,Male,under age/weight,Summer,No
cat,5,Spayed,under age/weight,Fall,No
cat,8,Unknown,feral,Summer,No
cat,12,Neutered,normal,Summer,No
cat,7,Female,under age/weight,Summer,No
cat,7,Unknown,under age/weight,Spring,No
cat,9,Spayed,feral,Fall,No
cat,6,Male,under age/weight,Winter,Yes
cat,10,Unknown,feral,Summer,No
cat,5,Neutered,normal,Winter,No
cat,7,Unknown,under age/weight,Spring,No
cat,3,Spayed,normal,Winter,No
cat,7,Unknown,under age/weight,Spring,No
cat,5,Female,under age/weight,Fall,No
dog,12,Spayed,normal,Summer,No
dog,10,Neutered,normal,Spring,No
dog,12,Male,normal,Winter,No
cat,6,Female,under age/weight,Fall,No
cat,2,Spayed,under age/weight,Summer,Yes
cat,6,Male,under age/weight,Fall,No
cat,6,Female,under age/weight,Fall,No
cat,0,Spayed,normal,Winter,Yes
cat,8,Female,ill severe,Fall,No
dog,10,Female,normal,Spring,Yes
dog,4,Spayed,normal,Winter,No
cat,0,Spayed,ill mild,Fall,Yes
cat,4,Neutered,normal,Summer,No
cat,2,Neutered,normal,Winter,Yes
dog,10,Neutered,normal,Fall,Yes
dog,9,Neutered,normal,Winter,No
cat,7,Female,injured  moderate,Summer,Yes
cat,11,Female,injured  moderate,Fall,No
dog,8,Male,normal,Fall,No
dog,11,Spayed,normal,Fall,No
cat,7,Female,normal,Fall,No
dog,6,Spayed,normal,Fall,No
cat,7,Male,under age/weight,Fall,No
bird,3,Unknown,injured  severe,Fall,No
dog,4,Neutered,normal,Spring,No
bird,7,Unknown,injured  severe,Summer,No
dog,2,Male,normal,Summer,No
cat,6,Female,normal,Spring,No
cat,10,Unknown,ill severe,Fall,No
dog,15,Spayed,Other,Fall,No
dog,5,Neutered,Other,Summer,No
cat,7,Male,normal,Spring,No
cat,1,Male,ill moderatete,Summer,No
dog,13,Male,normal,Summer,No
cat,15,Neutered,normal,Spring,No
cat,0,Neutered,normal,Winter,Yes
cat,0,Spayed,normal,Fall,Yes
dog,6,Neutered,normal,Summer,No
dog,7,Spayed,normal,Winter,No
dog,7,Spayed,normal,Winter,No
dog,5,Female,injured  mild,Summer,No
dog,4,Neutered,normal,Fall,Yes
cat,4,Unknown,injured  severe,Winter,No
dog,11,Neutered,normal,Winter,Yes
cat,16,Female,normal,Winter,No
dog,5,Female,normal,Winter,No
dog,1,Female,injured  severe,Fall,No
cat,1,Female,ill mild,Summer,No
cat,1,Male,ill mild,Summer,No
wild,8,Unknown,normal,Spring,No
cat,8,Unknown,under age/weight,Winter,No
wild,8,Unknown,normal,Spring,No
cat,8,Unknown,under age/weight,Winter,No
other,5,Unknown,ill severe,Summer,No
cat,7,Unknown,feral,Fall,No
cat,7,Female,feral,Fall,Yes
cat,0,Neutered,under age/weight,Fall,Yes
cat,7,Female,normal,Summer,No
cat,2,Spayed,under age/weight,Summer,Yes
dog,19,Male,injured  severe,Summer,No
cat,5,Female,under age/weight,Summer,No
cat,6,Female,normal,Fall,No
other,6,Male,ill severe,Summer,No
cat,6,Female,normal,Fall,No
cat,2,Spayed,ill mild,Winter,Yes
cat,6,Male,normal,Spring,No
wild,7,Male,injured  severe,Fall,No
cat,6,Female,under age/weight,Spring,No
dog,12,Female,normal,Summer,No
dog,11,Neutered,normal,Spring,Yes
cat,6,Neutered,under age/weight,Winter,Yes
dog,7,Neutered,normal,Fall,No
cat,4,Female,behavior  mild,Winter,No
bird,8,Unknown,ill moderatete,Summer,No
cat,1,Unknown,ill moderatete,Summer,No
wild,5,Unknown,ill severe,Fall,No
dog,2,Female,normal,Spring,No
dog,7,Male,normal,Summer,No
dog,0,Male,under age/weight,Fall,No
dog,3,Spayed,normal,Spring,No
cat,2,Spayed,ill mild,Summer,No
cat,5,Spayed,normal,Summer,No
cat,6,Male,ill mild,Winter,No
Other,11,Female,normal,Summer,No
dog,4,Spayed,normal,Summer,Yes
dog,9,Male,normal,Winter,No
wild,0,Male,injured  moderate,Fall,No
cat,1,Male,under age/weight,Summer,Yes
cat,10,Male,injured  severe,Fall,No
cat,7,Spayed,normal,Winter,Yes
cat,7,Neutered,injured  severe,Spring,No
wild,7,Unknown,under age/weight,Summer,No
cat,5,Female,normal,Winter,No
dog,4,Male,normal,Summer,No
cat,1,Male,normal,Fall,No
cat,8,Unknown,ill severe,Winter,No
cat,7,Male,under age/weight,Fall,No
cat,1,Male,normal,Fall,No
cat,7,Neutered,under age/weight,Fall,No
cat,1,Male,normal,Fall,No
dog,20,Female,normal,Winter,No
cat,6,Male,ill mild,Winter,No
cat,2,Female,under age/weight,Summer,Yes
cat,1,Unknown,under age/weight,Summer,No
bird,4,Unknown,ill severe,Fall,No
cat,0,Male,under age/weight,Summer,No
cat,2,Male,under age/weight,Spring,No
cat,7,Male,under age/weight,Fall,No
cat,7,Male,under age/weight,Spring,No
cat,5,Female,under age/weight,Fall,No
cat,7,Male,under age/weight,Spring,No
cat,5,Female,under age/weight,Fall,No
dog,12,Female,normal,Fall,No
cat,7,Female,under age/weight,Spring,No
dog,10,Male,normal,Winter,No
dog,1,Neutered,normal,Winter,Yes
dog,3,Female,normal,Fall,No
other,3,Unknown,under age/weight,Spring,No
dog,8,Neutered,normal,Winter,No
other,3,Unknown,under age/weight,Spring,No
other,3,Unknown,under age/weight,Spring,No
cat,8,Spayed,normal,Fall,No
cat,5,Female,under age/weight,Spring,No
cat,6,Neutered,normal,Summer,No
cat,8,Spayed,normal,Fall,Yes
dog,12,Male,normal,Spring,No
cat,2,Female,normal,Fall,No
cat,9,Neutered,normal,Fall,No
cat,7,Neutered,ill mild,Winter,No
cat,4,Female,ill severe,Fall,No
cat,10,Neutered,feral,Summer,No
bird,6,Unknown,under age/weight,Spring,No
Other,7,Female,normal,Fall,No
cat,10,Spayed,normal,Spring,Yes
dog,1,Female,injured  severe,Spring,No
cat,13,Female,ill severe,Fall,No
dog,2,Spayed,normal,Fall,Yes
cat,3,Female,ill mild,Summer,No
cat,4,Neutered,injured  mild,Summer,No
dog,1,Neutered,normal,Fall,Yes
cat,6,Neutered,normal,Fall,Yes
cat,3,Male,under age/weight,Fall,No
cat,4,Spayed,normal,Fall,Yes
cat,3,Female,under age/weight,Fall,No
cat,0,Spayed,under age/weight,Summer,Yes
cat,2,Neutered,under age/weight,Winter,No
cat,0,Spayed,under age/weight,Summer,Yes
cat,5,Male,under age/weight,Winter,No
cat,6,Male,under age/weight,Fall,No
cat,4,Female,normal,Fall,No
bird,3,Unknown,normal,Spring,No
other,5,Unknown,injured  severe,Winter,No
bird,4,Unknown,injured  moderate,Spring,No
dog,12,Female,normal,Winter,No
cat,2,Unknown,under age/weight,Summer,No
dog,2,Male,normal,Spring,No
cat,5,Spayed,i/i report,Winter,No
dog,10,Male,normal,Summer,No
dog,3,Neutered,normal,Spring,No
dog,1,Female,normal,Spring,No
cat,1,Male,under age/weight,Summer,Yes
bird,8,Unknown,injured  severe,Fall,No
cat,1,Neutered,ill mild,Spring,No
cat,7,Female,normal,Fall,No
cat,1,Male,ill mild,Spring,No
dog,3,Neutered,normal,Spring,Yes
dog,0,Neutered,normal,Winter,Yes
cat,1,Neutered,under age/weight,Summer,Yes
dog,3,Neutered,normal,Spring,No
cat,0,Spayed,under age/weight,Summer,Yes
cat,0,Spayed,under age/weight,Summer,Yes
other,5,Unknown,injured  mild,Fall,No
cat,4,Spayed,normal,Spring,Yes
bird,2,Unknown,injured  moderate,Spring,No
dog,12,Female,normal,Summer,No
cat,1,Neutered,ill moderatete,Fall,Yes
dog,7,Male,under age/weight,Spring,No
dog,12,Male,normal,Summer,No
dog,8,Spayed,normal,Winter,Yes
dog,18,Neutered,normal,Fall,No
dog,13,Spayed,normal,Spring,Yes
bird,5,Unknown,ill moderatete,Fall,No
dog,8,Male,normal,Winter,No
cat,5,Male,fractious,Summer,Yes
cat,2,Spayed,ill severe,Fall,Yes
cat,3,Female,normal,Fall,No
cat,7,Female,normal,Fall,No
other,8,Unknown,normal,Fall,No
other,7,Unknown,injured  severe,Summer,No
cat,5,Female,normal,Summer,No
cat,8,Female,normal,Spring,No
bird,3,Unknown,injured  mild,Summer,No
cat,2,Male,ill mild,Summer,Yes
cat,5,Male,normal,Winter,No
dog,7,Spayed,normal,Winter,Yes
dog,8,Male,normal,Summer,No
dog,13,Female,normal,Spring,No
other,10,Unknown,ill severe,Fall,No
wild,6,Male,under age/weight,Fall,No
cat,5,Male,under age/weight,Summer,No
dog,2,Spayed,normal,Fall,No
cat,5,Female,under age/weight,Summer,No
cat,5,Female,under age/weight,Summer,No
dog,2,Neutered,normal,Winter,Yes
cat,2,Male,under age/weight,Winter,No
cat,1,Unknown,under age/weight,Spring,No
cat,1,Neutered,ill mild,Winter,No
cat,1,Neutered,ill mild,Winter,No
cat,1,Unknown,under age/weight,Spring,No
cat,0,Spayed,ill mild,Fall,No
cat,2,Neutered,injured  moderate,Spring,Yes
dog,7,Spayed,under age/weight,Summer,No
cat,2,Female,ill mild,Spring,No
cat,1,Unknown,ill moderatete,Winter,No
cat,3,Spayed,under age/weight,Summer,Yes
cat,2,Spayed,ill moderatete,Spring,No
cat,5,Neutered,normal,Summer,Yes
cat,1,Unknown,ill moderatete,Winter,No
cat,3,Neutered,under age/weight,Summer,Yes
cat,2,Neutered,ill mild,Spring,No
cat,10,Female,normal,Fall,No
dog,9,Spayed,normal,Winter,No
dog,4,Female,normal,Winter,Yes
dog,11,Neutered,normal,Spring,No
cat,5,Neutered,ill moderatete,Winter,Yes
cat,4,Male,under age/weight,Fall,No
cat,0,Unknown,under age/weight,Winter,No
cat,0,Female,injured  moderate,Fall,No
wild,0,Unknown,ill moderatete,Spring,No
cat,1,Male,under age/weight,Summer,No
dog,5,Spayed,normal,Fall,Yes
cat,1,Male,under age/weight,Summer,No
dog,6,Spayed,normal,Winter,No
cat,2,Spayed,ill mild,Winter,No
dog,7,Male,normal,Winter,No
cat,6,Neutered,ill mild,Winter,No
cat,3,Neutered,normal,Fall,No
other,2,Unknown,injured  moderate,Fall,No
dog,6,Male,normal,Fall,No
dog,10,Spayed,normal,Summer,No
cat,5,Spayed,fractious,Fall,Yes
cat,13,Spayed,normal,Spring,Yes
dog,9,Neutered,injured  mild,Summer,No
dog,9,Male,normal,Fall,No
cat,0,Unknown,under age/weight,Fall,No
cat,3,Neutered,injured  moderate,Winter,Yes
cat,8,Spayed,normal,Fall,Yes
dog,19,Neutered,normal,Fall,Yes
other,4,Unknown,normal,Summer,No
dog,5,Neutered,normal,Spring,Yes
dog,13,Female,normal,Summer,Yes
dog,6,Spayed,normal,Fall,Yes
cat,8,Male,normal,Spring,No
dog,7,Male,injured  severe,Spring,No
cat,9,Male,normal,Winter,No
cat,0,Neutered,under age/weight,Fall,Yes
cat,9,Spayed,ill severe,Spring,No
other,7,Unknown,under age/weight,Summer,No
cat,7,Female,normal,Winter,No
other,7,Unknown,under age/weight,Summer,No
Other,3,Male,normal,Winter,Yes
cat,7,Spayed,normal,Summer,No
dog,3,Neutered,normal,Fall,Yes
cat,5,Spayed,normal,Summer,No
wild,4,Unknown,ill severe,Summer,No
cat,1,Spayed,under age/weight,Summer,Yes
cat,8,Neutered,injured  severe,Winter,Yes
wild,0,Unknown,ill severe,Summer,No
wild,8,Unknown,normal,Summer,No
cat,4,Unknown,injured  severe,Spring,No
dog,12,Neutered,under age/weight,Winter,Yes
dog,5,Neutered,normal,Fall,No
Other,24,Male,normal,Summer,No
cat,4,Spayed,normal,Winter,Yes
cat,8,Male,normal,Summer,No
dog,19,Neutered,Other,Summer,No
cat,1,Spayed,under age/weight,Summer,Yes
dog,4,Male,behavior  severe,Summer,No
cat,1,Female,under age/weight,Summer,Yes
dog,6,Spayed,normal,Fall,Yes
cat,1,Female,under age/weight,Summer,Yes
cat,3,Neutered,normal,Summer,Yes
rabbit,5,Neutered,normal,Spring,No
dog,11,Female,injured  severe,Spring,No
dog,7,Female,injured  severe,Fall,No
dog,14,Female,Other,Summer,No
dog,3,Unknown,under age/weight,Fall,No
cat,7,Female,under age/weight,Summer,No
cat,7,Male,under age/weight,Summer,No
dog,3,Unknown,under age/weight,Fall,No
cat,5,Male,injured  severe,Summer,Yes
bird,3,Unknown,ill moderatete,Spring,No
dog,11,Neutered,normal,Spring,No
cat,3,Spayed,normal,Winter,No
dog,1,Spayed,injured  moderate,Fall,Yes
other,1,Unknown,ill severe,Fall,No
dog,4,Female,normal,Spring,No
cat,5,Female,normal,Summer,No
dog,1,Spayed,normal,Fall,Yes
cat,4,Female,under age/weight,Fall,No
cat,4,Male,ill mild,Fall,No
cat,0,Neutered,under age/weight,Summer,Yes
cat,1,Neutered,ill mild,Summer,Yes
cat,0,Female,under age/weight,Summer,No
cat,2,Spayed,normal,Fall,No
cat,6,Female,normal,Winter,No
cat,0,Neutered,under age/weight,Summer,No
cat,6,Male,normal,Winter,Yes
cat,0,Spayed,under age/weight,Winter,Yes
dog,8,Female,normal,Spring,No
dog,10,Spayed,normal,Summer,No
dog,9,Spayed,normal,Summer,No
cat,11,Spayed,fractious,Winter,Yes
cat,3,Male,under age/weight,Summer,No
dog,3,Female,normal,Summer,Yes
dog,7,Spayed,normal,Summer,No
cat,3,Female,normal,Fall,No
cat,2,Male,normal,Summer,No
cat,1,Neutered,normal,Fall,No
cat,4,Female,normal,Summer,No
bird,8,Unknown,ill severe,Fall,No
bird,8,Unknown,ill severe,Fall,No
bird,8,Unknown,ill severe,Fall,No
bird,8,Unknown,ill severe,Fall,No
cat,5,Female,under age/weight,Summer,Yes
cat,17,Female,normal,Fall,No
dog,18,Neutered,normal,Summer,No
cat,2,Spayed,normal,Summer,No
cat,6,Male,normal,Fall,No
wild,2,Unknown,ill severe,Fall,No
cat,23,Neutered,normal,Summer,Yes
cat,6,Male,fractious,Summer,No
dog,11,Spayed,normal,Fall,Yes
cat,7,Female,under age/weight,Summer,No
dog,2,Female,ill moderatete,Spring,No
cat,7,Male,under age/weight,Summer,No
dog,18,Spayed,normal,Fall,No
dog,1,Female,normal,Fall,No
dog,9,Male,normal,Winter,No
cat,5,Neutered,under age/weight,Winter,Yes
cat,7,Female,normal,Fall,No
wild,7,Unknown,ill mild,Spring,No
cat,5,Neutered,under age/weight,Winter,Yes
cat,8,Neutered,normal,Summer,No
dog,8,Male,normal,Spring,No
other,3,Unknown,ill severe,Winter,No
cat,2,Male,ill moderatete,Summer,No
cat,4,Female,under age/weight,Spring,Yes
dog,3,Neutered,i/i report,Winter,Yes
dog,15,Female,behavior  severe,Fall,No
dog,2,Spayed,normal,Spring,Yes
dog,7,Female,normal,Fall,No
cat,6,Male,under age/weight,Summer,No
dog,5,Spayed,normal,Spring,No
dog,3,Female,normal,Fall,No
cat,6,Male,under age/weight,Summer,No
dog,1,Neutered,normal,Summer,Yes
cat,2,Spayed,normal,Summer,Yes
cat,7,Male,normal,Winter,No
dog,4,Spayed,normal,Winter,Yes
dog,9,Neutered,normal,Winter,No
bird,3,Unknown,injured  mild,Summer,No
cat,8,Male,normal,Spring,No
cat,2,Spayed,injured  moderate,Fall,Yes
cat,6,Spayed,normal,Fall,No
cat,5,Neutered,normal,Winter,Yes
cat,5,Neutered,normal,Fall,No
wild,0,Unknown,under age/weight,Summer,No
cat,6,Male,under age/weight,Summer,No
dog,2,Female,injured  moderate,Spring,No
cat,5,Spayed,normal,Spring,No
rabbit,4,Spayed,normal,Spring,No
cat,6,Spayed,ill moderatete,Fall,Yes
cat,2,Female,under age/weight,Summer,Yes
cat,2,Neutered,under age/weight,Winter,Yes
cat,6,Female,under age/weight,Fall,No
bird,4,Unknown,normal,Summer,No
cat,6,Female,under age/weight,Fall,No
cat,6,Spayed,under age/weight,Summer,Yes
cat,6,Female,under age/weight,Summer,Yes
cat,6,Unknown,under age/weight,Spring,No
dog,8,Female,normal,Fall,No
wild,5,Unknown,under age/weight,Spring,No
cat,7,Spayed,normal,Summer,No
cat,20,Male,normal,Summer,Yes
cat,7,Female,normal,Fall,No
dog,14,Neutered,normal,Spring,No
cat,6,Male,under age/weight,Fall,No
cat,6,Male,under age/weight,Fall,No
cat,11,Neutered,fractious,Winter,No
cat,7,Unknown,under age/weight,Spring,No
dog,3,Neutered,normal,Summer,Yes
cat,7,Female,under age/weight,Spring,No
dog,7,Neutered,normal,Fall,Yes
cat,3,Neutered,injured  moderate,Summer,No
Other,4,Male,normal,Summer,No
dog,18,Spayed,Other,Spring,No
dog,13,Male,normal,Spring,No
cat,5,Neutered,normal,Winter,Yes
dog,15,Spayed,normal,Spring,Yes
cat,0,Neutered,under age/weight,Fall,Yes
dog,13,Female,normal,Winter,No
dog,6,Neutered,ill moderatete,Fall,Yes
dog,13,Male,normal,Winter,No
dog,5,Spayed,ill moderatete,Fall,Yes
dog,12,Spayed,ill moderatete,Fall,Yes
cat,12,Unknown,ill severe,Fall,No
bird,3,Unknown,under age/weight,Spring,No
dog,7,Female,normal,Fall,No
bird,3,Unknown,under age/weight,Spring,No
dog,5,Female,injured  severe,Fall,No
dog,12,Male,normal,Spring,No
cat,9,Neutered,injured  mild,Spring,No
dog,11,Neutered,normal,Summer,No
dog,16,Male,ill moderatete,Winter,No
dog,3,Male,injured  mild,Summer,No
bird,5,Unknown,injured  moderate,Summer,No
bird,6,Male,normal,Summer,No
bird,6,Male,normal,Summer,No
dog,3,Male,normal,Winter,No
dog,3,Female,normal,Winter,No
cat,8,Spayed,normal,Winter,Yes
dog,6,Spayed,normal,Winter,Yes
cat,4,Spayed,under age/weight,Fall,Yes
cat,0,Neutered,under age/weight,Summer,No
cat,4,Female,under age/weight,Fall,No
cat,0,Female,under age/weight,Summer,No
rabbit,1,Spayed,i/i report,Fall,No
cat,0,Male,under age/weight,Summer,No
cat,2,Spayed,normal,Winter,Yes
dog,2,Male,normal,Summer,No
cat,8,Spayed,feral,Spring,No
bird,9,Female,normal,Winter,No
cat,6,Spayed,ill moderatete,Spring,No
cat,7,Unknown,feral,Spring,No
dog,8,Female,normal,Spring,No
bird,7,Unknown,injured  moderate,Summer,No
wild,5,Unknown,ill severe,Fall,No
dog,9,Male,behavior  severe,Fall,No
dog,9,Male,normal,Summer,No
dog,7,Spayed,normal,Summer,No
dog,2,Male,normal,Spring,No
cat,6,Unknown,under age/weight,Spring,No
other,2,Unknown,ill severe,Winter,No
cat,2,Unknown,ill mild,Summer,No
dog,14,Neutered,normal,Summer,Yes
cat,2,Unknown,ill mild,Summer,No
cat,7,Neutered,normal,Fall,Yes
cat,6,Unknown,under age/weight,Winter,No
cat,2,Male,under age/weight,Summer,No
cat,6,Unknown,under age/weight,Winter,No
cat,1,Female,under age/weight,Winter,No
cat,1,Female,under age/weight,Winter,No
other,3,Unknown,under age/weight,Spring,No
dog,0,Female,normal,Winter,No
dog,13,Male,normal,Spring,No
dog,0,Male,normal,Winter,No
dog,19,Spayed,normal,Spring,No
dog,0,Female,normal,Winter,No
other,7,Male,injured  severe,Winter,No
cat,4,Female,normal,Spring,No
cat,6,Unknown,under age/weight,Fall,No
cat,7,Neutered,feral,Summer,Yes
cat,4,Spayed,normal,Summer,Yes
cat,0,Spayed,under age/weight,Summer,Yes
dog,1,Spayed,normal,Fall,Yes
dog,9,Male,normal,Winter,No
bird,5,Unknown,ill severe,Fall,No
dog,17,Female,normal,Winter,Yes
dog,10,Female,normal,Winter,Yes
cat,9,Neutered,normal,Spring,No
dog,9,Neutered,normal,Summer,Yes
cat,2,Male,under age/weight,Summer,No
cat,10,Neutered,feral,Fall,No
cat,9,Neutered,normal,Fall,No
cat,7,Female,under age/weight,Fall,No
dog,4,Spayed,injured  moderate,Spring,Yes
cat,4,Male,ill severe,Summer,No
dog,6,Male,normal,Winter,No
cat,0,Unknown,under age/weight,Fall,No
cat,12,Neutered,normal,Winter,No
dog,4,Neutered,normal,Fall,Yes
cat,6,Male,under age/weight,Spring,No
cat,7,Female,normal,Summer,Yes
dog,16,Neutered,ill moderatete,Fall,No
dog,6,Spayed,injured  moderate,Winter,Yes
cat,6,Male,normal,Fall,No
cat,3,Female,Other,Fall,No
dog,11,Spayed,normal,Spring,No
cat,6,Neutered,normal,Fall,Yes
cat,6,Male,normal,Fall,Yes
dog,11,Male,normal,Fall,No
dog,8,Female,normal,Winter,No
dog,8,Female,normal,Summer,No
dog,8,Female,normal,Summer,No
bird,8,Unknown,injured  mild,Spring,No
dog,8,Male,normal,Fall,No
dog,12,Spayed,normal,Summer,Yes
wild,10,Unknown,injured  severe,Spring,No
cat,1,Male,ill mild,Fall,Yes
other,0,Unknown,under age/weight,Spring,No
dog,6,Neutered,normal,Fall,Yes
other,0,Unknown,under age/weight,Spring,No
rabbit,3,Spayed,normal,Summer,Yes
cat,7,Female,normal,Fall,No
rabbit,4,Neutered,normal,Summer,Yes
cat,7,Unknown,under age/weight,Spring,No
rabbit,4,Spayed,normal,Fall,No
cat,2,Neutered,normal,Spring,Yes
dog,9,Neutered,behavior  moderate,Winter,No
dog,8,Male,normal,Spring,No
cat,2,Spayed,injured  mild,Winter,Yes
cat,5,Unknown,under age/weight,Spring,No
dog,4,Spayed,injured  mild,Fall,No
cat,5,Unknown,under age/weight,Spring,No
cat,7,Neutered,normal,Winter,No
dog,4,Female,normal,Fall,No
cat,7,Neutered,normal,Spring,No
cat,8,Female,normal,Winter,No
dog,9,Female,normal,Spring,No
cat,7,Spayed,fractious,Winter,No
dog,3,Male,normal,Summer,No
dog,10,Female,normal,Winter,No
cat,7,Neutered,normal,Winter,No
dog,9,Male,normal,Winter,No
dog,9,Female,normal,Spring,No
dog,2,Female,normal,Summer,No
Other,8,Unknown,normal,Spring,No
bird,6,Unknown,injured  severe,Summer,No
cat,0,Male,ill severe,Winter,No
cat,8,Female,normal,Summer,No
cat,0,Spayed,normal,Summer,Yes
cat,0,Spayed,under age/weight,Fall,Yes
cat,0,Male,injured  moderate,Summer,No
cat,2,Male,under age/weight,Summer,No
cat,10,Male,ill severe,Winter,No
cat,14,Male,ill severe,Spring,No
dog,11,Female,under age/weight,Winter,No
cat,4,Female,ill mild,Summer,No
cat,4,Female,ill mild,Summer,No
cat,8,Spayed,normal,Winter,Yes
cat,4,Female,ill mild,Summer,No
dog,17,Neutered,normal,Winter,No
cat,4,Male,ill mild,Summer,No
dog,12,Neutered,normal,Winter,No
cat,5,Female,under age/weight,Summer,Yes
cat,2,Male,under age/weight,Summer,Yes
dog,9,Male,normal,Summer,No
dog,7,Spayed,injured  mild,Spring,No
cat,6,Female,normal,Summer,No
cat,6,Male,normal,Summer,No
cat,5,Female,normal,Summer,No
cat,7,Female,normal,Winter,No
cat,6,Female,under age/weight,Summer,No
cat,5,Spayed,ill moderatete,Fall,No
cat,7,Female,normal,Spring,Yes
cat,8,Unknown,ill severe,Summer,No
cat,10,Female,injured  moderate,Fall,No
dog,11,Neutered,normal,Winter,Yes
dog,1,Neutered,normal,Summer,No
wild,5,Unknown,under age/weight,Winter,No
dog,3,Male,normal,Spring,No
cat,0,Neutered,under age/weight,Summer,Yes
dog,18,Male,injured  mild,Winter,No
dog,2,Spayed,normal,Winter,No
dog,9,Female,ill moderatete,Winter,No
cat,18,Neutered,normal,Winter,Yes
dog,9,Male,normal,Winter,No
bird,3,Unknown,injured  moderate,Summer,No
dog,1,Male,normal,Fall,Yes
bird,1,Unknown,ill moderatete,Winter,No
dog,3,Neutered,normal,Fall,Yes
bird,1,Unknown,injured  severe,Spring,No
cat,1,Neutered,under age/weight,Winter,Yes
cat,1,Neutered,under age/weight,Winter,Yes
cat,10,Unknown,injured  severe,Summer,No
dog,17,Neutered,normal,Summer,No
cat,3,Spayed,ill mild,Winter,No
dog,6,Spayed,normal,Summer,Yes
dog,14,Male,normal,Spring,No
dog,12,Neutered,injured  mild,Summer,Yes
dog,19,Female,normal,Spring,No
dog,4,Spayed,normal,Spring,No
cat,8,Female,injured  severe,Fall,No
wild,1,Unknown,normal,Fall,No
cat,1,Female,under age/weight,Fall,No
dog,8,Female,normal,Fall,No
cat,1,Male,under age/weight,Fall,No
cat,1,Male,under age/weight,Fall,No
cat,1,Neutered,under age/weight,Fall,No
rabbit,7,Female,normal,Fall,No
dog,4,Male,normal,Winter,No
cat,1,Female,under age/weight,Fall,No
cat,3,Male,ill moderatete,Winter,Yes
dog,12,Neutered,normal,Fall,Yes
cat,10,Neutered,ill mild,Winter,No
cat,0,Male,under age/weight,Spring,No
cat,7,Spayed,fractious,Summer,No
dog,1,Neutered,normal,Spring,Yes
dog,9,Spayed,normal,Fall,Yes
cat,5,Spayed,under age/weight,Summer,No
cat,0,Neutered,under age/weight,Winter,Yes
cat,4,Spayed,normal,Spring,Yes
dog,0,Spayed,normal,Fall,No
dog,5,Spayed,normal,Spring,Yes
cat,1,Spayed,normal,Winter,Yes
dog,6,Neutered,normal,Fall,No
cat,4,Neutered,normal,Winter,Yes
dog,5,Male,injured  mild,Winter,No
cat,5,Male,fractious,Summer,No
cat,0,Neutered,under age/weight,Summer,Yes
cat,5,Female,normal,Summer,No
dog,13,Male,injured  moderate,Winter,No
cat,5,Neutered,normal,Fall,Yes
rabbit,3,Neutered,normal,Fall,No
dog,8,Male,normal,Spring,No
dog,9,Male,normal,Spring,No
cat,8,Spayed,feral,Spring,No
dog,0,Female,under age/weight,Spring,No
dog,2,Spayed,normal,Summer,Yes
dog,16,Spayed,ill moderatete,Winter,No
dog,18,Neutered,normal,Summer,No
cat,1,Spayed,normal,Spring,No
Other,8,Unknown,normal,Winter,No
other,6,Unknown,ill mild,Fall,No
dog,9,Neutered,normal,Winter,Yes
cat,2,Male,under age/weight,Summer,No
bird,3,Unknown,injured  severe,Fall,No
cat,2,Male,under age/weight,Summer,No
cat,2,Female,under age/weight,Summer,No
bird,6,Unknown,injured  severe,Fall,No
rabbit,5,Unknown,normal,Winter,No
rabbit,5,Spayed,normal,Spring,Yes
cat,2,Female,under age/weight,Spring,No
cat,0,Spayed,normal,Summer,No
cat,2,Male,under age/weight,Spring,No
cat,4,Male,injured  severe,Winter,No
cat,2,Male,under age/weight,Spring,No
cat,17,Neutered,ill mild,Winter,No
dog,2,Female,normal,Fall,No
wild,7,Unknown,ill severe,Spring,No
dog,2,Neutered,injured  mild,Winter,Yes
other,6,Unknown,ill severe,Summer,No
dog,7,Unknown,normal,Fall,No
dog,10,Spayed,normal,Spring,No
dog,9,Female,normal,Fall,No
dog,11,Female,normal,Fall,No
cat,6,Male,under age/weight,Fall,No
dog,10,Female,normal,Fall,No
cat,6,Male,under age/weight,Fall,No
cat,6,Male,under age/weight,Fall,No
cat,6,Female,under age/weight,Fall,No
cat,1,Spayed,under age/weight,Spring,Yes
dog,17,Spayed,normal,Winter,No
cat,5,Male,under age/weight,Spring,No
dog,3,Spayed,ill moderatete,Winter,Yes
dog,7,Male,normal,Spring,No
cat,0,Male,under age/weight,Winter,No
dog,1,Spayed,normal,Summer,Yes
dog,10,Neutered,normal,Winter,No
cat,3,Neutered,ill mild,Fall,No
cat,6,Spayed,fractious,Summer,No
wild,6,Unknown,injured  moderate,Winter,No
cat,12,Female,normal,Summer,No
cat,5,Unknown,under age/weight,Spring,No
cat,8,Unknown,under age/weight,Spring,No
wild,2,Unknown,injured  severe,Winter,No
cat,8,Unknown,under age/weight,Spring,No
dog,8,Spayed,normal,Summer,No
other,5,Male,injured  severe,Fall,No
cat,8,Unknown,under age/weight,Spring,No
cat,6,Male,under age/weight,Fall,No
cat,8,Unknown,under age/weight,Spring,No
wild,6,Unknown,under age/weight,Spring,No
cat,2,Female,normal,Summer,Yes
cat,0,Unknown,ill severe,Summer,No
cat,7,Male,under age/weight,Summer,No
dog,12,Spayed,normal,Summer,Yes
cat,7,Unknown,under age/weight,Summer,No
cat,14,Neutered,injured  mild,Fall,Yes
dog,11,Spayed,normal,Summer,No
cat,1,Male,normal,Fall,No
dog,3,Neutered,normal,Fall,Yes
cat,8,Neutered,normal,Fall,No
cat,6,Male,normal,Summer,No
dog,9,Neutered,normal,Summer,No
dog,9,Neutered,normal,Winter,No
dog,4,Male,normal,Fall,No
cat,7,Spayed,normal,Fall,No
cat,1,Unknown,under age/weight,Summer,No
dog,5,Neutered,normal,Winter,Yes
dog,18,Spayed,Other,Summer,No
cat,3,Spayed,ill mild,Spring,Yes
rabbit,8,Spayed,normal,Summer,No
bird,6,Unknown,under age/weight,Summer,No
dog,4,Female,normal,Spring,No
dog,5,Male,ill mild,Spring,No
rabbit,1,Neutered,normal,Summer,No
dog,5,Male,normal,Summer,No
cat,1,Neutered,ill mild,Winter,Yes
cat,0,Male,under age/weight,Fall,No
dog,3,Spayed,normal,Summer,No
cat,0,Female,under age/weight,Fall,No
dog,1,Neutered,normal,Fall,Yes
cat,1,Spayed,under age/weight,Fall,Yes
dog,2,Neutered,normal,Winter,Yes
dog,1,Spayed,injured  mild,Fall,Yes
cat,0,Male,under age/weight,Fall,No
cat,1,Neutered,ill moderatete,Winter,Yes
dog,2,Male,normal,Fall,No
dog,4,Spayed,ill moderatete,Summer,Yes
cat,6,Neutered,ill mild,Fall,No
cat,2,Male,ill severe,Winter,No
cat,1,Male,normal,Fall,No
other,3,Unknown,normal,Summer,No
dog,10,Male,normal,Spring,No
bird,4,Female,normal,Winter,Yes
cat,2,Spayed,ill severe,Fall,Yes
bird,4,Male,normal,Winter,Yes
dog,2,Male,normal,Fall,No
dog,4,Male,normal,Spring,No
dog,6,Female,ill severe,Winter,No
cat,5,Male,under age/weight,Summer,No
bird,6,Unknown,normal,Summer,No
dog,6,Male,under age/weight,Fall,No
cat,8,Spayed,normal,Fall,No
cat,7,Neutered,fractious,Winter,No
cat,5,Female,normal,Winter,Yes
dog,10,Female,normal,Fall,No
cat,3,Neutered,normal,Winter,No
cat,3,Spayed,normal,Winter,Yes
cat,5,Neutered,under age/weight,Fall,Yes
wild,4,Unknown,injured  severe,Fall,No
dog,6,Male,ill moderatete,Fall,No
cat,7,Spayed,normal,Summer,No
dog,6,Neutered,normal,Winter,No
dog,9,Male,normal,Fall,No
cat,9,Male,injured  severe,Winter,No
bird,8,Unknown,normal,Fall,No
bird,3,Unknown,injured  mild,Summer,No
cat,9,Male,injured  severe,Fall,No
dog,9,Neutered,normal,Summer,No
dog,11,Female,normal,Summer,No
dog,4,Neutered,normal,Fall,Yes
wild,4,Unknown,injured  severe,Spring,No
cat,1,Male,under age/weight,Fall,No
other,5,Unknown,under age/weight,Spring,No
dog,5,Female,normal,Spring,Yes
other,5,Unknown,under age/weight,Spring,No
cat,1,Unknown,under age/weight,Summer,No
other,5,Unknown,under age/weight,Spring,No
dog,8,Male,normal,Fall,No
other,4,Unknown,injured  moderate,Fall,No
Other,16,Male,normal,Summer,No
other,3,Unknown,under age/weight,Fall,No
dog,14,Neutered,normal,Winter,Yes
cat,1,Spayed,under age/weight,Summer,No
bird,2,Unknown,injured  severe,Summer,No
cat,1,Unknown,under age/weight,Fall,No
dog,7,Female,normal,Summer,No
cat,6,Male,normal,Fall,Yes
cat,0,Unknown,under age/weight,Summer,No
cat,6,Male,normal,Winter,No
cat,0,Unknown,under age/weight,Summer,No
cat,6,Male,normal,Winter,No
cat,3,Spayed,normal,Fall,No
cat,5,Male,injured  moderate,Spring,No
dog,11,Male,normal,Fall,No
cat,6,Male,normal,Fall,No
other,6,Unknown,ill severe,Winter,No
cat,10,Neutered,ill mild,Summer,No
dog,10,Female,normal,Spring,No
cat,5,Male,normal,Summer,No
cat,2,Spayed,injured  moderate,Fall,Yes
cat,4,Neutered,normal,Fall,Yes
cat,5,Male,normal,Summer,No
dog,4,Female,normal,Fall,No
cat,8,Female,normal,Summer,No
dog,1,Spayed,normal,Summer,Yes
cat,6,Neutered,ill mild,Summer,No
dog,3,Male,normal,Fall,No
cat,4,Male,normal,Summer,No
cat,1,Neutered,under age/weight,Summer,Yes
cat,2,Male,behavior  moderate,Spring,No
cat,10,Female,normal,Winter,No
cat,6,Neutered,normal,Spring,Yes
cat,6,Male,ill mild,Winter,No
cat,2,Neutered,behavior  moderate,Spring,Yes
cat,9,Male,normal,Winter,No
cat,8,Neutered,normal,Fall,No
dog,15,Neutered,normal,Fall,Yes
cat,5,Neutered,normal,Summer,No
cat,2,Male,under age/weight,Fall,No
cat,5,Neutered,normal,Summer,No
rabbit,1,Spayed,normal,Winter,Yes
cat,5,Spayed,normal,Spring,No
cat,6,Neutered,normal,Spring,Yes
dog,13,Neutered,normal,Summer,No
cat,5,Spayed,behavior  moderate,Summer,No
dog,19,Neutered,injured  severe,Fall,No
cat,4,Male,normal,Spring,No
cat,5,Male,normal,Summer,No
dog,3,Female,normal,Winter,No
cat,2,Neutered,ill mild,Fall,No
cat,10,Neutered,normal,Spring,No
dog,2,Neutered,normal,Fall,No
cat,4,Spayed,ill moderatete,Fall,No
rabbit,1,Spayed,normal,Winter,Yes
cat,8,Female,normal,Spring,No
cat,2,Neutered,injured  severe,Winter,No
rabbit,7,Neutered,normal,Summer,No
cat,3,Neutered,normal,Winter,Yes
dog,14,Spayed,normal,Winter,Yes
cat,11,Neutered,feral,Summer,No
cat,4,Male,under age/weight,Summer,No
dog,10,Female,normal,Fall,No
dog,11,Neutered,injured  mild,Spring,Yes
dog,10,Female,normal,Fall,No
cat,5,Spayed,normal,Fall,No
cat,5,Spayed,normal,Fall,No
cat,6,Spayed,fractious,Spring,No
cat,6,Unknown,under age/weight,Spring,No
cat,7,Male,normal,Summer,No
cat,8,Unknown,normal,Fall,No
cat,4,Unknown,injured  severe,Fall,No
cat,2,Spayed,i/i report,Summer,Yes
cat,4,Male,under age/weight,Spring,No
cat,5,Male,under age/weight,Winter,No
cat,10,Unknown,normal,Fall,No
cat,12,Female,normal,Fall,No
dog,7,Female,normal,Spring,No
dog,4,Female,normal,Spring,No
dog,7,Female,normal,Summer,No
dog,15,Female,Other,Summer,No
cat,5,Male,under age/weight,Fall,Yes
cat,1,Unknown,ill moderatete,Fall,No
cat,5,Male,under age/weight,Fall,Yes
cat,7,Female,under age/weight,Summer,No
cat,6,Spayed,ill moderatete,Fall,Yes
cat,1,Unknown,ill moderatete,Fall,No
cat,7,Female,normal,Fall,No
cat,11,Male,ill severe,Fall,No
cat,7,Female,normal,Fall,No
dog,9,Male,normal,Winter,No
cat,6,Spayed,behavior  mild,Fall,No
cat,2,Unknown,under age/weight,Summer,No
cat,5,Neutered,ill moderatete,Summer,Yes
dog,8,Spayed,normal,Summer,No
cat,3,Male,under age/weight,Fall,No
rabbit,9,Unknown,normal,Summer,No
cat,14,Spayed,normal,Summer,No
cat,14,Neutered,normal,Summer,No
cat,12,Unknown,ill severe,Winter,No
dog,8,Male,injured  mild,Fall,No
dog,12,Female,normal,Fall,No
cat,5,Male,ill severe,Summer,No
cat,7,Female,fractious,Summer,No
cat,7,Unknown,fractious,Summer,No
cat,6,Male,fractious,Summer,No
cat,5,Female,under age/weight,Spring,No
dog,7,Female,under age/weight,Spring,No
cat,4,Female,under age/weight,Fall,No
cat,4,Male,under age/weight,Fall,No
dog,8,Female,normal,Summer,No
dog,1,Spayed,normal,Fall,Yes
wild,2,Unknown,injured  severe,Spring,No
dog,1,Neutered,normal,Fall,Yes
dog,2,Spayed,normal,Winter,Yes
dog,4,Neutered,normal,Spring,Yes
dog,10,Neutered,normal,Summer,No
rabbit,8,Spayed,normal,Winter,No
dog,8,Male,normal,Spring,No
Other,6,Male,normal,Spring,Yes
cat,9,Neutered,normal,Summer,No
cat,5,Female,under age/weight,Summer,No
cat,7,Neutered,injured  mild,Winter,Yes
cat,1,Female,under age/weight,Fall,No
cat,1,Female,under age/weight,Fall,No
dog,5,Neutered,normal,Winter,Yes
dog,7,Female,normal,Summer,No
cat,5,Male,under age/weight,Summer,No
cat,2,Spayed,ill moderatete,Winter,Yes
cat,5,Female,under age/weight,Summer,No
cat,0,Neutered,injured  moderate,Fall,Yes
dog,8,Spayed,normal,Spring,No
bird,2,Unknown,injured  moderate,Winter,No
dog,10,Spayed,injured  mild,Fall,No
cat,2,Female,normal,Summer,No
cat,1,Male,ill mild,Fall,No
wild,1,Unknown,ill moderatete,Spring,No
cat,1,Male,normal,Summer,No
cat,5,Neutered,injured  moderate,Fall,Yes
cat,7,Neutered,injured  severe,Spring,No
dog,3,Spayed,injured  mild,Summer,Yes
dog,9,Neutered,normal,Winter,No
cat,0,Spayed,ill mild,Summer,Yes
cat,2,Male,injured  moderate,Summer,No
cat,0,Spayed,ill mild,Summer,Yes
cat,2,Spayed,under age/weight,Fall,Yes
dog,6,Male,injured  mild,Winter,No
dog,8,Male,normal,Spring,No
cat,1,Neutered,ill mild,Summer,No
wild,6,Female,injured  mild,Fall,No
cat,1,Neutered,ill mild,Summer,No
cat,0,Spayed,ill mild,Summer,No
cat,2,Neutered,under age/weight,Fall,Yes
cat,0,Spayed,ill mild,Fall,No
cat,1,Spayed,under age/weight,Fall,Yes
cat,1,Spayed,i/i report,Spring,Yes
dog,9,Spayed,normal,Fall,No
cat,1,Female,ill moderatete,Winter,No
dog,4,Male,normal,Fall,Yes
dog,6,Neutered,normal,Winter,Yes
cat,4,Male,under age/weight,Fall,No
cat,4,Unknown,under age/weight,Fall,No
dog,1,Spayed,normal,Summer,Yes
cat,4,Male,under age/weight,Fall,No
dog,12,Spayed,normal,Fall,No
cat,3,Female,ill mild,Winter,No
dog,4,Male,normal,Spring,No
cat,5,Neutered,injured  moderate,Spring,No
dog,6,Male,normal,Summer,No
cat,3,Female,ill mild,Winter,No
dog,11,Spayed,normal,Spring,No
rabbit,3,Unknown,injured  severe,Summer,No
cat,8,Spayed,normal,Summer,No
bird,8,Unknown,ill mild,Fall,No
dog,7,Spayed,normal,Fall,Yes
cat,1,Female,injured  mild,Summer,No
rabbit,3,Neutered,normal,Summer,Yes
cat,8,Neutered,injured  severe,Winter,No
cat,6,Spayed,normal,Fall,No
cat,12,Male,normal,Fall,No
cat,5,Unknown,under age/weight,Winter,No
cat,2,Neutered,normal,Fall,No
cat,5,Neutered,normal,Winter,Yes
cat,2,Unknown,ill moderatete,Spring,No
dog,16,Female,ill severe,Winter,No
dog,5,Female,normal,Spring,No
dog,8,Female,normal,Fall,No
dog,6,Neutered,normal,Fall,Yes
cat,1,Neutered,under age/weight,Fall,Yes
cat,5,Spayed,normal,Summer,No
cat,9,Neutered,normal,Fall,No
cat,6,Male,under age/weight,Winter,Yes
cat,7,Neutered,fractious,Fall,No
dog,2,Male,i/i report,Spring,No
cat,7,Spayed,normal,Spring,No
cat,4,Male,under age/weight,Summer,No
bird,4,Unknown,injured  mild,Fall,No
dog,6,Female,i/i report,Winter,No
cat,2,Female,normal,Summer,No
cat,4,Neutered,normal,Winter,Yes
cat,4,Female,normal,Summer,No
cat,0,Neutered,injured  mild,Summer,Yes
cat,1,Spayed,under age/weight,Winter,Yes
dog,1,Female,normal,Spring,No
dog,16,Female,normal,Summer,No
cat,2,Male,normal,Spring,No
bird,5,Unknown,injured  severe,Spring,No
wild,9,Male,injured  moderate,Winter,No
dog,6,Male,normal,Winter,No
dog,3,Neutered,injured  mild,Fall,Yes
rabbit,3,Spayed,ill mild,Winter,Yes
cat,4,Female,under age/weight,Fall,No
cat,4,Male,under age/weight,Fall,No
cat,4,Male,under age/weight,Fall,No
dog,10,Female,injured  severe,Fall,No
dog,4,Spayed,normal,Summer,Yes
dog,8,Female,normal,Summer,No
cat,4,Unknown,under age/weight,Fall,No
dog,11,Spayed,normal,Winter,No
other,8,Unknown,injured  severe,Fall,No
cat,4,Spayed,normal,Fall,Yes
cat,6,Unknown,injured  mild,Winter,No
dog,3,Neutered,normal,Winter,Yes
cat,6,Female,normal,Winter,Yes
dog,1,Neutered,normal,Spring,Yes
other,1,Unknown,under age/weight,Spring,No
dog,1,Male,under age/weight,Summer,No
dog,5,Male,normal,Summer,No
cat,8,Female,normal,Winter,No
dog,19,Spayed,normal,Winter,No
cat,17,Female,normal,Winter,No
dog,19,Neutered,normal,Winter,No
cat,2,Male,normal,Summer,No
cat,8,Spayed,fractious,Fall,No
dog,9,Neutered,normal,Summer,No
cat,5,Male,under age/weight,Summer,Yes
cat,2,Male,under age/weight,Summer,Yes
cat,7,Spayed,normal,Summer,No
cat,5,Spayed,under age/weight,Summer,Yes
cat,2,Neutered,under age/weight,Fall,Yes
cat,7,Female,normal,Spring,Yes
cat,13,Female,ill moderatete,Summer,No
dog,10,Male,normal,Winter,No
dog,12,Spayed,normal,Summer,Yes
dog,3,Spayed,normal,Summer,Yes
rabbit,3,Spayed,normal,Spring,Yes
cat,5,Male,under age/weight,Spring,No
cat,7,Female,under age/weight,Summer,No
rabbit,3,Spayed,normal,Spring,No
bird,7,Female,injured  moderate,Summer,No
bird,8,Unknown,ill mild,Summer,No
cat,4,Neutered,normal,Summer,No
dog,14,Female,normal,Fall,No
dog,11,Male,normal,Spring,No
cat,6,Male,under age/weight,Spring,No
dog,8,Female,injured  severe,Summer,No
cat,7,Female,normal,Fall,Yes
dog,4,Neutered,normal,Fall,No
cat,8,Female,normal,Spring,No
cat,6,Male,under age/weight,Spring,No
cat,20,Neutered,normal,Spring,No
cat,21,Spayed,normal,Spring,No
cat,6,Female,under age/weight,Spring,No
cat,6,Male,under age/weight,Spring,No
dog,4,Male,normal,Fall,No
cat,5,Spayed,fractious,Summer,No
cat,9,Spayed,feral,Summer,No
dog,9,Female,normal,Summer,No
dog,2,Male,injured  moderate,Summer,No
cat,7,Spayed,fractious,Summer,No
other,7,Unknown,injured  moderate,Fall,No
dog,11,Male,normal,Winter,No
other,1,Unknown,under age/weight,Spring,No
dog,10,Female,normal,Winter,No
dog,16,Male,normal,Summer,No
cat,9,Female,normal,Fall,No
dog,3,Male,normal,Summer,No
cat,7,Spayed,injured  mild,Fall,No
cat,6,Spayed,under age/weight,Spring,Yes
cat,8,Female,normal,Summer,No
cat,4,Unknown,normal,Summer,No
cat,10,Unknown,normal,Fall,No
cat,4,Spayed,normal,Summer,No
cat,8,Unknown,normal,Summer,No
cat,3,Male,ill severe,Spring,No
rabbit,8,Neutered,normal,Summer,No
cat,11,Male,ill severe,Fall,No
cat,12,Unknown,ill moderatete,Fall,No
cat,6,Male,under age/weight,Fall,No
dog,4,Neutered,normal,Winter,Yes
wild,5,Unknown,under age/weight,Spring,No
cat,1,Male,injured  mild,Winter,No
wild,5,Unknown,under age/weight,Spring,No
dog,14,Neutered,ill moderatete,Summer,No
dog,14,Neutered,normal,Summer,No
cat,8,Female,normal,Spring,No
cat,5,Neutered,normal,Fall,No
cat,7,Unknown,under age/weight,Spring,No
cat,5,Male,ill severe,Spring,No
cat,6,Male,fractious,Fall,No
dog,6,Male,normal,Winter,No
cat,0,Spayed,under age/weight,Summer,Yes
cat,7,Female,under age/weight,Spring,No
cat,0,Spayed,under age/weight,Summer,Yes
cat,16,Neutered,ill severe,Summer,No
cat,9,Neutered,normal,Fall,No
bird,6,Unknown,injured  moderate,Summer,No
cat,6,Neutered,normal,Fall,No
other,6,Unknown,ill severe,Spring,No
dog,1,Spayed,normal,Fall,Yes
cat,11,Female,ill moderatete,Summer,No
cat,17,Spayed,injured  severe,Summer,No
cat,20,Male,normal,Summer,No
Other,4,Male,normal,Summer,No
dog,3,Female,normal,Summer,Yes
dog,3,Neutered,normal,Fall,Yes
wild,6,Unknown,ill severe,Winter,No
dog,0,Female,normal,Fall,No
cat,9,Female,injured  severe,Winter,No
dog,5,Neutered,ill moderatete,Fall,Yes
dog,2,Female,i/i report,Summer,No
dog,7,Neutered,normal,Spring,Yes
cat,0,Neutered,ill mild,Summer,Yes
cat,8,Unknown,under age/weight,Spring,No
dog,10,Male,normal,Spring,No
cat,2,Male,normal,Summer,Yes
dog,11,Spayed,normal,Spring,No
dog,2,Female,behavior  severe,Fall,No
dog,9,Neutered,normal,Winter,No
cat,5,Female,normal,Winter,No
dog,9,Neutered,normal,Summer,No
dog,5,Neutered,normal,Winter,Yes
dog,2,Male,normal,Winter,No
cat,5,Spayed,normal,Winter,Yes
dog,10,Neutered,normal,Winter,Yes
cat,5,Spayed,normal,Winter,Yes
cat,8,Male,normal,Summer,No
cat,1,Spayed,ill moderatete,Winter,No
wild,2,Unknown,under age/weight,Summer,No
dog,18,Spayed,ill mild,Summer,No
wild,10,Female,normal,Fall,No
dog,6,Neutered,normal,Fall,No
other,3,Unknown,under age/weight,Fall,No
dog,10,Female,normal,Spring,No
cat,0,Neutered,under age/weight,Summer,Yes
cat,0,Neutered,under age/weight,Summer,No
cat,12,Spayed,normal,Summer,No
cat,20,Female,normal,Summer,No
dog,8,Neutered,behavior  severe,Summer,No
cat,10,Unknown,injured  mild,Summer,No
cat,5,Male,under age/weight,Summer,No
cat,7,Unknown,feral,Spring,No
wild,8,Unknown,injured  severe,Spring,No
cat,2,Spayed,ill mild,Summer,Yes
bird,5,Unknown,under age/weight,Summer,No
dog,7,Neutered,normal,Winter,No
cat,7,Female,normal,Summer,No
dog,5,Female,normal,Fall,No
cat,7,Spayed,normal,Winter,Yes
bird,5,Unknown,under age/weight,Spring,No
cat,1,Female,under age/weight,Summer,No
dog,3,Female,normal,Fall,Yes
bird,8,Unknown,injured  moderate,Summer,No
bird,9,Unknown,injured  mild,Winter,No
bird,3,Unknown,ill severe,Fall,No
dog,14,Male,ill moderatete,Fall,No
dog,2,Neutered,normal,Summer,Yes
cat,7,Male,normal,Winter,No
dog,2,Spayed,ill severe,Fall,No
cat,0,Neutered,under age/weight,Summer,Yes
cat,7,Male,under age/weight,Fall,No
cat,0,Female,under age/weight,Fall,No
cat,20,Spayed,normal,Winter,Yes
cat,7,Spayed,injured  mild,Fall,No
wild,4,Female,injured  moderate,Summer,No
cat,10,Unknown,injured  severe,Summer,No
other,10,Male,ill severe,Winter,No
dog,6,Female,normal,Summer,No
cat,8,Male,normal,Winter,No
cat,7,Male,under age/weight,Fall,No
cat,6,Unknown,ill moderatete,Winter,No
wild,7,Unknown,injured  severe,Summer,No
dog,2,Spayed,behavior  moderate,Summer,No
cat,6,Unknown,under age/weight,Fall,No
dog,9,Spayed,normal,Summer,No
cat,1,Spayed,i/i report,Summer,Yes
cat,0,Unknown,under age/weight,Fall,No
dog,1,Spayed,normal,Spring,Yes
cat,6,Neutered,normal,Winter,No
cat,5,Male,under age/weight,Summer,No
cat,8,Neutered,ill severe,Fall,No
cat,2,Male,under age/weight,Summer,No
cat,0,Female,under age/weight,Fall,No
cat,9,Neutered,normal,Winter,No
dog,4,Male,normal,Fall,No
cat,6,Male,under age/weight,Spring,No
other,7,Unknown,under age/weight,Spring,No
cat,7,Male,under age/weight,Fall,No
other,4,Unknown,under age/weight,Summer,No
cat,8,Neutered,fractious,Summer,No
cat,6,Female,under age/weight,Spring,No
cat,7,Neutered,normal,Fall,No
dog,15,Neutered,normal,Summer,No
cat,8,Spayed,normal,Fall,No
dog,14,Neutered,normal,Summer,Yes
cat,7,Spayed,normal,Fall,No
cat,9,Neutered,normal,Winter,Yes
dog,17,Spayed,normal,Fall,No
dog,2,Neutered,injured  mild,Spring,Yes
other,3,Unknown,ill severe,Fall,No
cat,3,Female,Other,Fall,No
cat,0,Spayed,normal,Fall,Yes
dog,10,Male,normal,Winter,No
dog,7,Neutered,normal,Spring,Yes
cat,5,Neutered,normal,Fall,Yes
cat,0,Neutered,normal,Fall,Yes
cat,0,Neutered,normal,Fall,Yes
cat,3,Spayed,fractious,Winter,Yes
cat,7,Unknown,normal,Summer,No
dog,8,Female,normal,Summer,No
cat,0,Female,ill mild,Summer,No
cat,14,Male,normal,Summer,Yes
dog,5,Spayed,ill mild,Spring,Yes
dog,12,Neutered,normal,Summer,Yes
cat,5,Female,under age/weight,Summer,No
cat,6,Spayed,fractious,Winter,Yes
dog,9,Neutered,normal,Fall,Yes
cat,11,Spayed,feral,Winter,No
cat,7,Neutered,normal,Summer,Yes
bird,7,Unknown,injured  mild,Summer,No
dog,9,Female,normal,Fall,No
wild,6,Unknown,injured  moderate,Fall,No
dog,7,Male,ill severe,Fall,No
dog,5,Neutered,Other,Fall,Yes
cat,8,Male,ill severe,Winter,No
other,0,Unknown,under age/weight,Spring,No
cat,4,Spayed,under age/weight,Spring,Yes
other,0,Unknown,under age/weight,Spring,No
cat,4,Neutered,normal,Spring,Yes
cat,4,Male,under age/weight,Summer,No
cat,4,Neutered,under age/weight,Spring,Yes
dog,10,Female,normal,Summer,No
Other,6,Female,normal,Spring,No
dog,6,Female,normal,Summer,No
cat,2,Female,normal,Summer,Yes
cat,2,Female,normal,Spring,Yes
dog,7,Male,normal,Winter,No
cat,14,Female,normal,Summer,No
cat,6,Female,normal,Winter,No
cat,1,Neutered,normal,Spring,Yes
cat,8,Male,normal,Summer,No
cat,11,Male,ill mild,Fall,No
dog,10,Neutered,normal,Summer,No
cat,4,Male,under age/weight,Fall,No
cat,4,Male,under age/weight,Fall,No
cat,7,Spayed,ill moderatete,Spring,Yes
wild,5,Unknown,injured  moderate,Fall,No
cat,7,Neutered,normal,Summer,No
cat,4,Male,ill mild,Summer,No
dog,4,Male,normal,Summer,No
dog,3,Spayed,ill moderatete,Fall,Yes
cat,0,Unknown,under age/weight,Fall,No
dog,16,Neutered,normal,Fall,No
dog,15,Male,i/i report,Winter,No
dog,3,Neutered,normal,Winter,No
dog,17,Female,normal,Summer,No
cat,7,Unknown,injured  severe,Winter,No
dog,6,Male,normal,Summer,No
dog,7,Spayed,normal,Winter,Yes
dog,3,Male,Other,Summer,No
cat,6,Male,normal,Summer,No
cat,2,Female,normal,Summer,Yes
cat,13,Spayed,normal,Fall,No
cat,1,Neutered,under age/weight,Winter,No
cat,6,Male,under age/weight,Summer,No
Other,5,Male,ill moderatete,Spring,No
wild,1,Unknown,under age/weight,Summer,No
cat,6,Female,under age/weight,Summer,No
cat,0,Female,ill moderatete,Summer,No
cat,3,Spayed,normal,Winter,Yes
cat,7,Spayed,normal,Summer,Yes
dog,10,Spayed,normal,Spring,No
other,7,Male,injured  moderate,Fall,No
cat,9,Spayed,ill moderatete,Spring,Yes
cat,2,Male,ill mild,Spring,No
cat,2,Male,ill moderatete,Fall,No
dog,7,Male,ill mild,Summer,Yes
Other,7,Unknown,normal,Fall,No
other,2,Unknown,ill mild,Fall,No
dog,10,Male,Other,Fall,No
dog,2,Spayed,normal,Summer,No
cat,6,Unknown,ill severe,Winter,No
cat,1,Male,normal,Summer,No
bird,5,Unknown,normal,Summer,No
wild,5,Unknown,under age/weight,Winter,No
cat,7,Spayed,normal,Winter,No
cat,2,Neutered,under age/weight,Summer,Yes
dog,9,Female,injured  moderate,Summer,Yes
dog,8,Spayed,normal,Spring,No
other,6,Unknown,injured  severe,Summer,No
cat,2,Spayed,under age/weight,Summer,No
dog,9,Male,normal,Summer,No
cat,10,Female,normal,Spring,No
cat,6,Male,injured  severe,Summer,No
cat,2,Male,injured  severe,Fall,No
cat,4,Spayed,normal,Spring,No
other,5,Unknown,injured  mild,Summer,No
cat,10,Spayed,normal,Summer,No
dog,10,Female,normal,Winter,No
wild,3,Unknown,injured  severe,Spring,No
dog,16,Neutered,normal,Winter,No
dog,2,Neutered,normal,Summer,Yes
dog,18,Neutered,normal,Summer,No
cat,2,Spayed,ill moderatete,Spring,No
cat,8,Spayed,normal,Fall,No
cat,1,Neutered,under age/weight,Summer,No
dog,15,Male,normal,Spring,No
cat,0,Spayed,normal,Summer,Yes
dog,16,Neutered,normal,Spring,No
cat,7,Spayed,fractious,Fall,No
cat,8,Neutered,normal,Fall,No
cat,9,Neutered,normal,Fall,No
bird,8,Unknown,injured  moderate,Summer,No
cat,1,Neutered,under age/weight,Fall,No
cat,7,Spayed,normal,Fall,No
cat,0,Spayed,under age/weight,Summer,Yes
cat,8,Spayed,fractious,Fall,No
cat,0,Female,under age/weight,Spring,No
dog,4,Neutered,normal,Winter,Yes
other,3,Unknown,under age/weight,Spring,No
dog,10,Spayed,normal,Spring,Yes
bird,3,Unknown,injured  severe,Spring,No
dog,0,Spayed,normal,Fall,No
dog,0,Spayed,normal,Fall,No
cat,9,Spayed,feral,Winter,No
dog,11,Female,normal,Summer,No
dog,12,Female,normal,Winter,No
cat,5,Spayed,under age/weight,Winter,Yes
dog,18,Spayed,normal,Winter,No
cat,5,Female,under age/weight,Summer,No
cat,5,Female,under age/weight,Summer,No
cat,5,Female,under age/weight,Summer,No
cat,4,Male,normal,Spring,No
dog,10,Female,normal,Spring,No
dog,27,Male,normal,Fall,No
dog,1,Male,normal,Spring,No
dog,11,Male,normal,Winter,Yes
cat,5,Spayed,normal,Winter,No
dog,2,Spayed,normal,Summer,Yes
cat,0,Spayed,under age/weight,Fall,Yes
bird,8,Unknown,ill severe,Fall,No
cat,0,Male,under age/weight,Fall,No
dog,8,Male,normal,Spring,No
cat,10,Male,injured  severe,Winter,No
bird,5,Unknown,ill severe,Fall,No
cat,6,Female,under age/weight,Summer,No
cat,9,Neutered,injured  mild,Summer,No
cat,6,Male,injured  severe,Fall,No
cat,13,Neutered,normal,Spring,Yes
dog,6,Neutered,behavior  moderate,Winter,No
cat,6,Male,injured  severe,Fall,No
cat,5,Male,injured  severe,Fall,No
dog,10,Female,normal,Summer,No
bird,2,Unknown,ill severe,Summer,No
cat,2,Female,under age/weight,Spring,No
cat,4,Female,normal,Spring,No
dog,3,Neutered,normal,Fall,Yes
cat,4,Neutered,injured  moderate,Winter,Yes
cat,3,Male,under age/weight,Fall,No
cat,3,Female,under age/weight,Fall,No
dog,4,Male,behavior  mild,Spring,Yes
dog,7,Unknown,normal,Fall,No
Other,10,Unknown,normal,Fall,No
dog,10,Spayed,normal,Summer,No
Other,13,Unknown,normal,Spring,No
dog,7,Neutered,behavior  moderate,Winter,No
dog,6,Spayed,normal,Winter,No
dog,12,Female,injured  severe,Summer,No
cat,7,Spayed,fractious,Fall,No
dog,9,Male,normal,Summer,No
dog,3,Male,normal,Spring,No
cat,2,Female,normal,Winter,No
dog,17,Neutered,Other,Summer,No
cat,6,Female,ill severe,Summer,No
cat,8,Unknown,under age/weight,Spring,No
cat,7,Unknown,under age/weight,Summer,No
cat,6,Spayed,normal,Winter,Yes
cat,7,Unknown,under age/weight,Summer,No
cat,7,Male,under age/weight,Summer,No
wild,11,Unknown,ill moderatete,Winter,No
dog,9,Male,normal,Spring,No
dog,17,Female,ill mild,Spring,No
dog,5,Spayed,normal,Summer,No
cat,8,Spayed,normal,Summer,No
dog,3,Neutered,normal,Fall,Yes
cat,5,Neutered,normal,Winter,Yes
dog,17,Neutered,normal,Winter,No
cat,5,Spayed,normal,Winter,No
cat,2,Female,ill mild,Winter,No
dog,16,Neutered,normal,Winter,No
cat,5,Spayed,fractious,Fall,No
cat,8,Neutered,fractious,Fall,No
cat,4,Female,ill severe,Summer,No
cat,5,Neutered,normal,Summer,Yes
cat,5,Male,normal,Summer,Yes
cat,5,Neutered,normal,Summer,Yes
dog,3,Spayed,normal,Summer,Yes
bird,2,Unknown,injured  severe,Fall,No
cat,7,Male,normal,Spring,No
dog,2,Female,normal,Summer,No
dog,5,Male,behavior  moderate,Summer,No
cat,1,Neutered,under age/weight,Summer,Yes
rabbit,12,Spayed,normal,Winter,No
cat,3,Unknown,under age/weight,Spring,No
cat,7,Female,normal,Winter,No
cat,5,Male,under age/weight,Summer,Yes
dog,15,Neutered,normal,Winter,No
cat,5,Female,under age/weight,Fall,No
dog,5,Spayed,normal,Spring,Yes
cat,5,Female,under age/weight,Summer,Yes
rabbit,7,Neutered,normal,Fall,No
cat,5,Female,normal,Fall,No
cat,11,Male,ill severe,Summer,No
wild,8,Female,injured  mild,Spring,No
dog,1,Male,normal,Summer,No
dog,7,Male,normal,Winter,No
other,7,Unknown,under age/weight,Fall,No
dog,3,Female,behavior  severe,Summer,No
cat,7,Female,injured  severe,Winter,No
dog,5,Male,normal,Fall,No
dog,13,Neutered,normal,Winter,Yes
cat,3,Spayed,behavior  mild,Summer,Yes
dog,3,Female,i/i report,Summer,No
cat,2,Female,normal,Winter,Yes
dog,8,Spayed,normal,Spring,Yes
cat,7,Unknown,under age/weight,Spring,No
dog,7,Male,normal,Spring,No
cat,7,Unknown,under age/weight,Spring,No
cat,1,Female,under age/weight,Spring,No
cat,1,Spayed,under age/weight,Winter,Yes
cat,1,Spayed,under age/weight,Winter,Yes
wild,2,Unknown,injured  severe,Summer,No
cat,7,Neutered,injured  moderate,Spring,No
dog,10,Male,normal,Spring,No
wild,2,Unknown,injured  severe,Summer,No
dog,7,Neutered,behavior  mild,Winter,No
cat,10,Female,normal,Summer,No
dog,10,Neutered,normal,Spring,No
dog,14,Neutered,normal,Spring,No
dog,10,Neutered,injured  moderate,Summer,No
dog,10,Male,normal,Summer,No
dog,4,Male,normal,Summer,No
dog,7,Female,normal,Fall,No
dog,10,Male,normal,Fall,No
cat,2,Spayed,under age/weight,Fall,No
dog,10,Neutered,normal,Summer,Yes
cat,6,Female,under age/weight,Spring,No
cat,3,Neutered,normal,Winter,Yes
cat,2,Neutered,normal,Fall,Yes
dog,23,Neutered,Other,Fall,No
cat,4,Male,injured  moderate,Fall,No
cat,3,Spayed,injured  mild,Winter,No
cat,1,Female,under age/weight,Summer,Yes
bird,7,Unknown,injured  severe,Summer,No
cat,4,Male,normal,Fall,No
wild,4,Unknown,injured  severe,Spring,No
other,7,Unknown,injured  severe,Spring,No
Other,3,Male,normal,Spring,No
Other,3,Male,normal,Summer,No
dog,9,Spayed,injured  severe,Winter,No
Other,3,Male,normal,Spring,No
cat,5,Male,normal,Summer,No
dog,11,Neutered,normal,Fall,No
wild,5,Unknown,ill severe,Fall,No
dog,8,Male,normal,Fall,No
other,2,Unknown,injured  severe,Spring,No
cat,11,Spayed,normal,Fall,Yes
dog,13,Neutered,normal,Summer,No
dog,3,Male,normal,Winter,No
dog,16,Neutered,normal,Winter,No
cat,1,Female,under age/weight,Fall,No
cat,8,Spayed,feral,Fall,No
dog,3,Neutered,normal,Fall,No
cat,1,Female,i/i report,Fall,No
dog,7,Neutered,normal,Summer,No
wild,4,Unknown,under age/weight,Summer,No
other,5,Unknown,injured  severe,Spring,No
cat,6,Male,injured  mild,Spring,No
dog,2,Male,normal,Winter,No
dog,2,Male,normal,Winter,No
dog,2,Female,normal,Winter,No
cat,6,Unknown,under age/weight,Spring,No
cat,4,Unknown,injured  severe,Spring,No
cat,3,Male,injured  mild,Spring,No
other,6,Male,injured  severe,Summer,No
bird,0,Unknown,under age/weight,Summer,No
dog,5,Female,ill mild,Winter,No
dog,6,Male,injured  moderate,Spring,No
cat,5,Spayed,behavior  moderate,Fall,No
dog,6,Neutered,injured  severe,Winter,No
dog,14,Spayed,behavior  severe,Fall,No
cat,6,Neutered,ill mild,Fall,No
cat,2,Spayed,normal,Fall,Yes
cat,6,Spayed,ill mild,Fall,No
cat,5,Male,under age/weight,Summer,No
cat,5,Spayed,normal,Spring,No
wild,2,Unknown,under age/weight,Spring,No
wild,2,Unknown,ill severe,Spring,No
wild,2,Unknown,under age/weight,Spring,No
cat,5,Unknown,under age/weight,Fall,No
cat,5,Unknown,under age/weight,Fall,No
cat,5,Spayed,normal,Spring,No
other,6,Male,ill severe,Fall,No
cat,2,Male,behavior  moderate,Spring,No
Other,2,Male,normal,Summer,Yes
cat,4,Spayed,behavior  moderate,Summer,Yes
dog,2,Spayed,normal,Spring,Yes
cat,6,Spayed,fractious,Summer,No
cat,1,Neutered,under age/weight,Winter,Yes
cat,2,Unknown,behavior  moderate,Spring,No
cat,1,Spayed,ill mild,Fall,No
cat,2,Neutered,normal,Summer,Yes
cat,6,Spayed,normal,Winter,Yes
cat,5,Female,ill mild,Spring,No
cat,10,Neutered,normal,Spring,Yes
cat,11,Neutered,normal,Spring,No
cat,4,Neutered,normal,Spring,Yes
cat,10,Female,normal,Spring,No
cat,4,Neutered,normal,Spring,Yes
Other,2,Male,normal,Spring,No
cat,4,Spayed,normal,Spring,Yes
dog,18,Male,ill severe,Summer,No
cat,4,Spayed,normal,Winter,Yes
cat,5,Neutered,normal,Fall,No
cat,11,Male,ill severe,Fall,No
cat,6,Unknown,under age/weight,Spring,No
cat,6,Female,normal,Summer,Yes
dog,7,Spayed,normal,Summer,Yes
dog,7,Neutered,normal,Fall,No
dog,14,Neutered,normal,Summer,Yes
cat,10,Male,normal,Fall,No
dog,8,Spayed,normal,Fall,Yes
cat,5,Female,ill severe,Summer,No
cat,8,Male,normal,Summer,No
dog,2,Spayed,normal,Fall,Yes
dog,9,Spayed,normal,Spring,No
cat,10,Male,ill severe,Fall,No
dog,3,Male,normal,Winter,No
dog,14,Male,behavior  mild,Spring,No
rabbit,7,Neutered,normal,Summer,No
dog,17,Spayed,normal,Summer,No
cat,9,Neutered,normal,Summer,Yes
cat,5,Female,injured  severe,Summer,No
cat,5,Female,fractious,Summer,No
cat,11,Spayed,fractious,Summer,No
cat,1,Female,under age/weight,Fall,No
cat,1,Female,under age/weight,Fall,No
cat,5,Spayed,normal,Fall,No
cat,1,Male,under age/weight,Fall,No
other,4,Unknown,under age/weight,Summer,No
cat,1,Female,under age/weight,Fall,No
cat,4,Female,under age/weight,Spring,No
dog,13,Neutered,normal,Spring,No
dog,16,Male,normal,Spring,No
dog,10,Neutered,ill mild,Summer,Yes
cat,4,Spayed,injured  moderate,Fall,Yes
cat,6,Neutered,fractious,Fall,No
dog,7,Male,normal,Fall,No
bird,3,Unknown,injured  moderate,Spring,No
cat,7,Unknown,under age/weight,Summer,No
cat,4,Female,normal,Fall,No
cat,4,Female,normal,Summer,No
dog,1,Spayed,normal,Summer,Yes
cat,8,Neutered,normal,Fall,No
other,6,Unknown,under age/weight,Spring,No
cat,7,Neutered,normal,Winter,Yes
dog,6,Neutered,normal,Summer,No
cat,2,Neutered,under age/weight,Summer,No
dog,4,Male,i/i report,Summer,Yes
cat,2,Female,ill mild,Fall,No
dog,9,Spayed,normal,Winter,No
cat,2,Female,ill mild,Summer,Yes
cat,4,Male,under age/weight,Fall,No
cat,2,Neutered,under age/weight,Fall,Yes
wild,2,Unknown,ill severe,Summer,No
Other,15,Female,normal,Spring,No
cat,9,Spayed,normal,Winter,No
dog,16,Female,normal,Winter,No
cat,3,Neutered,injured  mild,Winter,Yes
dog,4,Neutered,normal,Fall,Yes
dog,11,Spayed,normal,Summer,No
Other,22,Female,ill severe,Summer,No
cat,1,Neutered,under age/weight,Fall,Yes
dog,5,Spayed,normal,Spring,Yes
dog,1,Unknown,under age/weight,Fall,No
cat,2,Female,normal,Fall,Yes
cat,1,Male,normal,Summer,No
dog,10,Spayed,normal,Summer,No
cat,2,Male,under age/weight,Fall,Yes
cat,6,Male,normal,Summer,No
cat,4,Unknown,under age/weight,Spring,No
cat,0,Neutered,normal,Summer,Yes
cat,3,Spayed,normal,Fall,No
cat,1,Male,under age/weight,Spring,No
cat,0,Spayed,normal,Summer,Yes
dog,19,Female,Other,Winter,No
cat,0,Unknown,normal,Summer,No
dog,7,Female,normal,Summer,No
cat,0,Neutered,under age/weight,Summer,Yes
cat,3,Unknown,normal,Fall,No
cat,2,Male,ill severe,Winter,No
wild,8,Unknown,injured  severe,Spring,No
cat,2,Neutered,normal,Winter,No
rabbit,8,Neutered,normal,Winter,Yes
dog,6,Spayed,normal,Spring,Yes
cat,6,Male,under age/weight,Spring,No
cat,6,Male,under age/weight,Spring,No
cat,8,Neutered,normal,Winter,No
wild,5,Unknown,injured  severe,Winter,No
cat,2,Spayed,ill mild,Winter,Yes
dog,2,Male,i/i report,Winter,No
wild,0,Unknown,injured  moderate,Summer,No
dog,2,Neutered,normal,Winter,No
dog,4,Neutered,normal,Winter,Yes
cat,1,Spayed,under age/weight,Fall,Yes
cat,1,Female,under age/weight,Fall,Yes
dog,7,Neutered,normal,Winter,Yes
cat,1,Spayed,under age/weight,Fall,Yes
dog,6,Neutered,normal,Fall,Yes
cat,2,Spayed,normal,Fall,No
dog,5,Spayed,normal,Summer,Yes
dog,0,Neutered,normal,Summer,Yes
dog,4,Spayed,normal,Spring,Yes
cat,6,Unknown,fractious,Summer,No
cat,8,Spayed,normal,Summer,No
dog,5,Male,normal,Summer,No
bird,7,Unknown,injured  severe,Spring,No
cat,5,Female,normal,Summer,No
cat,6,Unknown,ill severe,Fall,No
bird,7,Female,ill severe,Winter,No
dog,5,Male,normal,Winter,No
cat,7,Spayed,normal,Summer,Yes
cat,4,Male,ill moderatete,Fall,No
cat,17,Spayed,injured  moderate,Spring,No
dog,18,Spayed,normal,Fall,No
dog,4,Male,normal,Fall,No
bird,8,Unknown,injured  moderate,Spring,No
other,3,Male,injured  severe,Summer,No
cat,10,Spayed,normal,Spring,No
other,4,Male,injured  mild,Summer,No
dog,17,Neutered,normal,Spring,No
cat,5,Spayed,under age/weight,Summer,Yes
dog,16,Female,ill moderatete,Fall,No
dog,7,Spayed,normal,Winter,Yes
dog,5,Spayed,injured  moderate,Summer,No
cat,10,Female,normal,Spring,No
cat,1,Neutered,under age/weight,Fall,Yes
wild,9,Unknown,injured  severe,Fall,No
dog,9,Male,normal,Winter,No
wild,9,Unknown,injured  severe,Fall,No
cat,2,Male,normal,Summer,No
cat,3,Male,under age/weight,Fall,No
cat,2,Female,normal,Summer,Yes
cat,2,Male,normal,Summer,Yes
cat,9,Neutered,fractious,Summer,No
cat,2,Male,normal,Summer,No
cat,6,Neutered,fractious,Winter,Yes
cat,2,Neutered,normal,Summer,Yes
cat,6,Unknown,fractious,Summer,No
bird,3,Unknown,injured  moderate,Spring,No
dog,5,Neutered,normal,Winter,No
cat,2,Spayed,under age/weight,Summer,Yes
dog,11,Spayed,normal,Summer,No
cat,2,Male,injured  moderate,Spring,No
dog,14,Male,normal,Winter,No
Other,10,Male,normal,Summer,No
Other,8,Female,normal,Summer,Yes
dog,9,Spayed,normal,Summer,No
dog,8,Neutered,normal,Spring,No
cat,2,Spayed,ill mild,Fall,Yes
cat,6,Unknown,under age/weight,Fall,No
dog,8,Neutered,normal,Winter,Yes
cat,6,Unknown,under age/weight,Fall,No
cat,1,Spayed,under age/weight,Spring,No
cat,1,Male,under age/weight,Spring,No
cat,6,Neutered,fractious,Fall,No
cat,1,Spayed,under age/weight,Spring,No
cat,2,Male,injured  severe,Fall,No
dog,20,Neutered,Other,Winter,No
dog,7,Female,normal,Winter,No
cat,2,Spayed,under age/weight,Summer,Yes
dog,11,Female,injured  mild,Fall,No
cat,7,Male,normal,Spring,No
cat,7,Spayed,normal,Fall,No
cat,16,Female,ill severe,Winter,No
bird,6,Unknown,ill severe,Fall,No
rabbit,6,Male,normal,Winter,No
cat,2,Male,ill mild,Fall,No
dog,2,Female,normal,Summer,No
bird,3,Male,injured  mild,Winter,No
bird,2,Female,normal,Fall,No
wild,6,Male,injured  severe,Winter,No
cat,6,Female,normal,Winter,Yes
cat,1,Female,ill mild,Fall,No
dog,6,Neutered,behavior  mild,Summer,Yes
cat,1,Female,under age/weight,Summer,No
cat,7,Female,normal,Winter,No
rabbit,1,Neutered,normal,Winter,No
cat,4,Female,normal,Fall,No
rabbit,1,Spayed,normal,Winter,No
rabbit,1,Female,normal,Fall,No
rabbit,1,Neutered,normal,Winter,Yes
other,6,Unknown,under age/weight,Spring,No
rabbit,1,Neutered,normal,Fall,No
rabbit,1,Spayed,normal,Winter,Yes
bird,7,Unknown,injured  severe,Summer,No
cat,5,Male,injured  severe,Summer,No
cat,5,Female,injured  severe,Summer,No
dog,12,Neutered,normal,Summer,No
cat,2,Neutered,under age/weight,Fall,Yes
cat,2,Female,under age/weight,Fall,Yes
cat,2,Spayed,under age/weight,Summer,No
cat,6,Unknown,under age/weight,Fall,No
dog,18,Spayed,normal,Fall,No
other,4,Unknown,injured  moderate,Spring,No
other,4,Unknown,injured  moderate,Spring,No
cat,3,Male,normal,Fall,No
dog,6,Male,normal,Summer,No
bird,8,Unknown,ill moderatete,Winter,No
cat,6,Spayed,fractious,Winter,No
cat,11,Neutered,normal,Fall,Yes
cat,6,Female,under age/weight,Spring,No
Other,2,Unknown,normal,Summer,No
cat,6,Female,under age/weight,Spring,No
cat,7,Male,normal,Fall,No
other,5,Unknown,injured  moderate,Summer,No
cat,7,Female,under age/weight,Summer,No
cat,9,Neutered,normal,Summer,No
dog,5,Female,normal,Fall,No
dog,8,Female,normal,Spring,No
dog,9,Male,normal,Fall,No
dog,4,Spayed,normal,Fall,Yes
cat,2,Male,normal,Summer,No
bird,5,Unknown,injured  mild,Fall,No
cat,9,Unknown,ill severe,Summer,No
cat,4,Spayed,under age/weight,Fall,Yes
cat,4,Female,under age/weight,Fall,Yes
dog,15,Neutered,normal,Spring,Yes
cat,4,Spayed,under age/weight,Winter,Yes
dog,9,Male,normal,Winter,No
bird,9,Unknown,injured  moderate,Winter,No
dog,4,Neutered,normal,Summer,Yes
cat,5,Neutered,ill mild,Spring,Yes
dog,11,Male,injured  mild,Spring,No
dog,5,Male,normal,Winter,Yes
cat,8,Unknown,feral,Summer,No
cat,8,Female,normal,Summer,No
cat,1,Neutered,normal,Fall,Yes
dog,6,Neutered,normal,Fall,Yes
cat,3,Male,injured  mild,Spring,No
cat,1,Spayed,under age/weight,Spring,Yes
cat,1,Spayed,under age/weight,Winter,Yes
dog,3,Spayed,normal,Winter,No
cat,8,Spayed,ill mild,Winter,No
bird,5,Unknown,normal,Spring,No
dog,5,Male,normal,Winter,No
cat,0,Male,under age/weight,Spring,No
dog,15,Spayed,normal,Summer,Yes
cat,0,Male,under age/weight,Spring,No
dog,10,Male,normal,Spring,No
cat,0,Spayed,under age/weight,Summer,Yes
bird,6,Unknown,injured  severe,Fall,No
dog,1,Spayed,normal,Spring,Yes
dog,4,Spayed,normal,Spring,Yes
dog,1,Male,normal,Winter,No
dog,12,Neutered,normal,Winter,Yes
cat,12,Neutered,normal,Spring,No
dog,3,Male,normal,Summer,Yes
cat,12,Spayed,normal,Spring,No
cat,14,Female,normal,Winter,Yes
other,2,Unknown,under age/weight,Spring,No
cat,0,Spayed,under age/weight,Summer,No
cat,9,Neutered,injured  mild,Summer,No
dog,0,Spayed,normal,Fall,Yes
cat,8,Spayed,normal,Fall,No
cat,8,Unknown,ill severe,Fall,No
dog,5,Male,normal,Summer,No
dog,9,Neutered,normal,Summer,No
cat,1,Female,ill moderatete,Summer,No
other,6,Unknown,under age/weight,Summer,No
dog,12,Male,behavior  severe,Summer,No
other,6,Unknown,under age/weight,Summer,No
dog,6,Spayed,normal,Winter,Yes
other,6,Unknown,ill severe,Fall,No
bird,7,Unknown,injured  severe,Summer,No
cat,4,Neutered,ill mild,Fall,Yes
rabbit,3,Male,normal,Winter,No
cat,6,Male,under age/weight,Spring,No
cat,6,Female,under age/weight,Spring,No
cat,12,Neutered,ill severe,Summer,No
dog,8,Male,normal,Winter,No
dog,8,Male,normal,Winter,No
other,2,Unknown,injured  severe,Fall,No
cat,4,Male,injured  severe,Fall,No
cat,8,Unknown,under age/weight,Spring,No
wild,7,Unknown,injured  moderate,Summer,No
dog,8,Male,normal,Winter,Yes
dog,9,Male,normal,Summer,No
dog,8,Male,normal,Winter,Yes
dog,16,Male,injured  moderate,Fall,No
cat,2,Male,under age/weight,Summer,Yes
cat,7,Spayed,normal,Winter,Yes
cat,1,Female,under age/weight,Summer,Yes
cat,1,Male,under age/weight,Summer,Yes
cat,8,Female,ill severe,Fall,No
cat,8,Male,ill severe,Fall,No
dog,11,Neutered,normal,Spring,No
wild,2,Unknown,under age/weight,Summer,No
cat,14,Spayed,ill moderatete,Spring,No
cat,1,Female,ill mild,Fall,No
cat,0,Spayed,under age/weight,Fall,Yes
cat,5,Neutered,normal,Fall,No
cat,3,Unknown,injured  severe,Summer,No
cat,0,Spayed,under age/weight,Fall,Yes
cat,5,Male,under age/weight,Summer,No
dog,1,Spayed,normal,Fall,Yes
cat,5,Female,under age/weight,Summer,Yes
cat,8,Spayed,normal,Summer,Yes
dog,5,Spayed,normal,Summer,Yes
cat,7,Neutered,normal,Summer,No
dog,10,Male,injured  severe,Winter,No
cat,6,Male,under age/weight,Fall,No
bird,8,Unknown,injured  severe,Winter,No
cat,6,Female,under age/weight,Fall,No
cat,11,Neutered,injured  mild,Winter,Yes
bird,7,Unknown,ill severe,Summer,No
cat,3,Male,ill severe,Winter,No
cat,7,Spayed,normal,Fall,No
cat,12,Spayed,normal,Winter,No
cat,5,Male,injured  severe,Summer,No
dog,9,Female,normal,Summer,No
cat,11,Spayed,normal,Fall,No
wild,4,Male,injured  severe,Fall,No
cat,4,Male,ill mild,Fall,No
dog,3,Male,normal,Spring,No
wild,0,Unknown,ill moderatete,Summer,No
dog,5,Male,injured  moderate,Spring,No
dog,12,Male,Other,Fall,No
dog,7,Neutered,normal,Winter,No
dog,13,Spayed,normal,Fall,Yes
cat,14,Neutered,fractious,Fall,Yes
cat,14,Male,ill moderatete,Fall,No
cat,7,Female,under age/weight,Fall,No
cat,4,Spayed,normal,Summer,Yes
dog,7,Male,normal,Fall,No
cat,5,Female,under age/weight,Spring,No
cat,2,Neutered,ill moderatete,Fall,Yes
dog,3,Neutered,normal,Summer,Yes
cat,6,Unknown,ill severe,Winter,No
cat,7,Neutered,normal,Summer,Yes
cat,5,Female,under age/weight,Spring,No
cat,6,Unknown,under age/weight,Summer,No
cat,4,Male,under age/weight,Fall,No
cat,1,Neutered,normal,Fall,No
cat,11,Male,ill mild,Fall,No
dog,3,Neutered,normal,Spring,Yes
cat,11,Spayed,injured  mild,Winter,Yes
cat,2,Female,under age/weight,Summer,Yes
cat,0,Male,under age/weight,Fall,No
cat,2,Female,under age/weight,Summer,Yes
cat,5,Spayed,normal,Winter,Yes
cat,5,Spayed,normal,Winter,Yes
cat,0,Male,under age/weight,Fall,No
dog,3,Spayed,ill moderatete,Winter,Yes
dog,1,Neutered,normal,Spring,Yes
dog,1,Spayed,normal,Summer,Yes
other,8,Unknown,normal,Summer,No
cat,1,Neutered,injured  mild,Winter,Yes
cat,3,Male,fractious,Fall,No
cat,13,Neutered,normal,Spring,No
cat,10,Unknown,injured  severe,Fall,No
dog,8,Spayed,normal,Summer,Yes
cat,13,Neutered,normal,Spring,No
dog,10,Neutered,normal,Summer,No
cat,11,Female,ill mild,Fall,No
cat,6,Spayed,fractious,Fall,No
dog,6,Female,normal,Fall,No
dog,0,Spayed,normal,Fall,Yes
dog,0,Spayed,normal,Winter,Yes
cat,9,Spayed,normal,Fall,No
cat,2,Spayed,normal,Summer,No
dog,16,Neutered,normal,Fall,No
cat,1,Neutered,normal,Summer,Yes
cat,7,Female,under age/weight,Fall,No
dog,19,Male,normal,Spring,Yes
dog,10,Neutered,injured  mild,Summer,No
cat,10,Male,normal,Winter,Yes
dog,10,Spayed,injured  mild,Fall,No
dog,7,Female,normal,Spring,No
dog,11,Neutered,normal,Winter,No
cat,7,Unknown,under age/weight,Summer,No
cat,5,Male,normal,Fall,No
cat,5,Male,normal,Fall,No
cat,5,Unknown,under age/weight,Summer,No
cat,8,Male,normal,Winter,No
dog,8,Female,normal,Fall,No
dog,12,Neutered,normal,Summer,No
dog,13,Male,Other,Summer,No
cat,4,Spayed,under age/weight,Spring,Yes
wild,6,Unknown,ill severe,Spring,No
rabbit,6,Spayed,normal,Winter,Yes
dog,16,Neutered,normal,Spring,No
cat,9,Neutered,ill mild,Spring,Yes
cat,6,Male,normal,Winter,No
dog,11,Male,ill mild,Fall,No
cat,6,Female,normal,Winter,No
cat,5,Female,normal,Fall,No
cat,6,Male,normal,Winter,Yes
cat,5,Female,normal,Fall,No
dog,4,Neutered,normal,Winter,No
rabbit,3,Spayed,normal,Summer,No
cat,2,Neutered,injured  moderate,Fall,No
dog,7,Male,normal,Summer,Yes
cat,5,Spayed,fractious,Fall,No
cat,13,Neutered,normal,Winter,Yes
cat,4,Male,under age/weight,Fall,No
cat,0,Neutered,normal,Fall,Yes
cat,4,Female,under age/weight,Fall,No
cat,0,Female,under age/weight,Summer,No
cat,0,Female,under age/weight,Summer,No
cat,6,Spayed,normal,Winter,Yes
cat,0,Male,under age/weight,Summer,No
dog,9,Male,normal,Spring,No
dog,6,Male,normal,Summer,No
cat,3,Female,ill mild,Spring,No
wild,0,Male,under age/weight,Summer,No
cat,3,Female,ill mild,Spring,No
wild,0,Male,under age/weight,Summer,No
dog,15,Neutered,injured  severe,Spring,No
wild,0,Male,under age/weight,Summer,No
other,1,Male,ill mild,Spring,No
wild,0,Male,under age/weight,Summer,No
cat,1,Male,under age/weight,Fall,Yes
bird,1,Unknown,normal,Fall,Yes
dog,11,Female,normal,Spring,No
dog,9,Spayed,injured  mild,Fall,No
cat,0,Unknown,under age/weight,Fall,No
cat,1,Male,injured  mild,Fall,No
cat,2,Female,under age/weight,Summer,No
rabbit,5,Spayed,normal,Summer,No
cat,3,Male,injured  moderate,Spring,No
cat,2,Male,under age/weight,Summer,No
dog,1,Neutered,normal,Spring,Yes
dog,14,Male,normal,Spring,No
dog,6,Female,fractious,Summer,No
cat,5,Neutered,normal,Winter,Yes
cat,3,Neutered,under age/weight,Fall,Yes
cat,0,Neutered,under age/weight,Fall,Yes
dog,4,Male,normal,Winter,No
dog,13,Spayed,Other,Spring,No
Other,10,Female,normal,Winter,No
dog,6,Female,normal,Summer,No
cat,4,Unknown,injured  severe,Summer,No
cat,9,Female,normal,Spring,No
bird,4,Unknown,injured  severe,Fall,No
cat,3,Neutered,normal,Fall,Yes
cat,1,Neutered,under age/weight,Summer,Yes
dog,1,Neutered,normal,Summer,Yes
bird,5,Unknown,ill moderatete,Summer,No
cat,6,Unknown,ill moderatete,Fall,No
dog,7,Spayed,normal,Fall,No
cat,6,Female,under age/weight,Winter,No
dog,2,Neutered,normal,Spring,No
cat,0,Spayed,i/i report,Fall,Yes
dog,3,Female,normal,Winter,No
cat,0,Spayed,injured  mild,Summer,No
cat,6,Male,normal,Summer,No
cat,6,Female,normal,Summer,No
cat,0,Neutered,under age/weight,Summer,No
cat,1,Neutered,under age/weight,Winter,No
cat,1,Neutered,under age/weight,Winter,No
cat,10,Neutered,injured  moderate,Fall,Yes
dog,7,Male,fractious,Summer,No
cat,3,Neutered,normal,Summer,Yes
cat,5,Spayed,normal,Fall,No
cat,5,Spayed,under age/weight,Winter,Yes
cat,4,Unknown,normal,Winter,No
cat,4,Female,normal,Winter,No
cat,6,Female,normal,Winter,No
cat,4,Female,normal,Winter,No
dog,7,Female,ill mild,Summer,No
cat,4,Male,normal,Winter,No
cat,2,Female,normal,Fall,Yes
dog,11,Neutered,injured  mild,Winter,No
cat,3,Male,under age/weight,Fall,No
cat,1,Female,normal,Summer,No
cat,1,Male,normal,Summer,No
dog,1,Neutered,normal,Winter,No
cat,5,Spayed,normal,Winter,Yes
bird,8,Female,normal,Fall,No
cat,1,Neutered,under age/weight,Spring,Yes
cat,1,Unknown,under age/weight,Spring,No
dog,8,Female,normal,Spring,No
cat,1,Female,under age/weight,Spring,No
cat,1,Unknown,under age/weight,Spring,No
cat,9,Spayed,normal,Fall,No
dog,4,Female,normal,Fall,No
cat,6,Neutered,injured  severe,Summer,No
bird,0,Unknown,under age/weight,Summer,No
cat,3,Spayed,normal,Spring,No
dog,6,Neutered,normal,Winter,No
cat,5,Neutered,normal,Spring,No
dog,2,Neutered,normal,Summer,Yes
cat,3,Spayed,normal,Spring,No
cat,12,Neutered,normal,Spring,No
dog,19,Spayed,normal,Summer,No
dog,5,Neutered,normal,Fall,Yes
cat,7,Spayed,normal,Fall,No
dog,12,Spayed,injured  mild,Spring,Yes
cat,0,Neutered,under age/weight,Summer,Yes
dog,15,Neutered,normal,Spring,No
cat,0,Spayed,under age/weight,Summer,Yes
bird,7,Unknown,under age/weight,Spring,No
cat,0,Spayed,under age/weight,Summer,Yes
dog,16,Neutered,ill severe,Winter,No
cat,0,Male,under age/weight,Summer,Yes
cat,10,Neutered,normal,Spring,Yes
cat,2,Female,under age/weight,Spring,No
dog,1,Female,normal,Spring,No
dog,3,Neutered,normal,Summer,Yes
dog,1,Male,normal,Spring,No
cat,7,Male,ill severe,Winter,No
cat,8,Unknown,injured  severe,Winter,No
dog,6,Male,normal,Winter,No
dog,11,Male,normal,Winter,No
cat,8,Neutered,normal,Spring,No
dog,6,Spayed,normal,Winter,Yes
dog,7,Female,normal,Fall,No
dog,2,Neutered,normal,Spring,Yes
dog,2,Neutered,normal,Fall,Yes
cat,0,Female,under age/weight,Fall,No
dog,4,Neutered,under age/weight,Fall,Yes
other,8,Male,normal,Summer,No
cat,4,Female,normal,Fall,No
dog,7,Male,i/i report,Summer,No
dog,2,Male,ill severe,Summer,No
dog,7,Female,normal,Summer,No
dog,16,Female,normal,Fall,No
cat,7,Unknown,under age/weight,Fall,No
cat,5,Male,under age/weight,Summer,No
dog,13,Spayed,normal,Spring,Yes
dog,18,Male,injured  mild,Summer,No
dog,14,Female,ill mild,Spring,No
dog,9,Spayed,fractious,Winter,No
cat,9,Spayed,normal,Fall,No
cat,6,Neutered,ill moderatete,Winter,Yes
cat,3,Female,under age/weight,Fall,No
dog,17,Neutered,ill moderatete,Winter,No
cat,7,Neutered,normal,Summer,No
cat,5,Spayed,normal,Fall,Yes
dog,9,Male,normal,Fall,No
cat,19,Female,ill moderatete,Spring,No
cat,1,Male,ill severe,Fall,No
dog,9,Female,normal,Winter,No
bird,7,Unknown,injured  mild,Fall,No
dog,3,Male,normal,Fall,Yes
dog,18,Neutered,normal,Fall,No
cat,1,Female,ill mild,Fall,No
cat,1,Neutered,normal,Fall,Yes
cat,0,Female,under age/weight,Summer,No
cat,6,Unknown,normal,Fall,No
cat,1,Spayed,under age/weight,Fall,Yes
dog,2,Neutered,normal,Summer,Yes
dog,13,Spayed,normal,Fall,No
dog,16,Neutered,injured  mild,Fall,No
cat,12,Neutered,normal,Fall,Yes
cat,1,Spayed,normal,Summer,No
dog,12,Neutered,normal,Fall,No
bird,7,Female,normal,Summer,No
bird,7,Female,normal,Summer,No
dog,2,Male,normal,Fall,No
cat,7,Spayed,ill severe,Summer,No
dog,2,Spayed,normal,Winter,Yes
other,3,Unknown,ill severe,Fall,No
dog,10,Male,normal,Summer,No
cat,12,Female,feral,Winter,No
bird,6,Unknown,under age/weight,Summer,No
cat,13,Male,injured  moderate,Summer,No
other,5,Unknown,injured  severe,Summer,No
cat,7,Neutered,injured  mild,Summer,No
cat,7,Female,under age/weight,Fall,No
cat,6,Neutered,injured  mild,Spring,No
cat,7,Female,under age/weight,Fall,No
dog,9,Male,normal,Spring,No
cat,1,Neutered,under age/weight,Winter,Yes
cat,5,Female,under age/weight,Spring,No
cat,1,Female,under age/weight,Spring,Yes
cat,5,Female,under age/weight,Spring,No
dog,15,Spayed,normal,Winter,No
cat,5,Neutered,normal,Winter,No
cat,11,Neutered,fractious,Summer,No
cat,11,Neutered,normal,Spring,No
dog,10,Neutered,normal,Summer,Yes
dog,9,Neutered,normal,Spring,No
dog,13,Male,normal,Fall,No
other,2,Unknown,under age/weight,Summer,No
cat,6,Neutered,normal,Fall,Yes
dog,12,Male,normal,Spring,No
dog,1,Neutered,normal,Fall,Yes
dog,12,Male,normal,Spring,No
cat,2,Male,behavior  mild,Summer,No
cat,2,Male,behavior  mild,Summer,No
cat,13,Neutered,normal,Spring,No
cat,2,Female,behavior  mild,Summer,No
dog,10,Male,normal,Winter,No
cat,2,Male,behavior  mild,Summer,No
bird,2,Unknown,injured  severe,Winter,No
cat,2,Male,behavior  mild,Summer,No
dog,5,Male,behavior  severe,Winter,No
cat,14,Neutered,ill severe,Spring,No
cat,5,Female,under age/weight,Spring,No
wild,2,Unknown,injured  severe,Summer,No
cat,8,Spayed,fractious,Spring,No
cat,8,Female,normal,Winter,No
wild,2,Unknown,injured  severe,Summer,No
cat,1,Neutered,normal,Fall,Yes
cat,4,Female,normal,Summer,No
dog,7,Neutered,normal,Fall,No
wild,7,Unknown,injured  moderate,Spring,No
wild,3,Unknown,injured  moderate,Fall,No
cat,9,Male,ill severe,Summer,No
cat,4,Female,normal,Fall,No
cat,12,Female,ill severe,Spring,No
cat,7,Female,under age/weight,Spring,No
cat,4,Neutered,normal,Fall,Yes
cat,4,Neutered,normal,Fall,Yes
cat,4,Female,normal,Fall,No
dog,2,Spayed,normal,Summer,No
bird,5,Unknown,under age/weight,Spring,No
dog,11,Neutered,normal,Summer,No
dog,15,Spayed,normal,Winter,Yes
cat,5,Female,injured  mild,Summer,No
Other,2,Female,normal,Spring,Yes
other,8,Unknown,normal,Winter,No
Other,3,Female,normal,Spring,Yes
other,8,Unknown,normal,Winter,No
Other,3,Female,normal,Fall,Yes
Other,3,Female,normal,Fall,Yes
dog,7,Male,injured  mild,Fall,No
dog,17,Female,normal,Winter,No
other,8,Unknown,normal,Winter,No
cat,1,Neutered,under age/weight,Summer,Yes
cat,6,Spayed,normal,Summer,No
cat,7,Unknown,ill severe,Summer,No
other,11,Female,normal,Fall,No
dog,6,Neutered,normal,Spring,No
cat,8,Spayed,normal,Spring,Yes
dog,16,Female,Other,Fall,Yes
cat,8,Neutered,feral,Winter,No
cat,16,Spayed,normal,Spring,Yes
Other,1,Unknown,normal,Summer,No
dog,10,Male,normal,Fall,No
dog,9,Male,behavior  severe,Spring,No
dog,12,Female,normal,Fall,No
cat,1,Spayed,normal,Summer,No
dog,2,Neutered,normal,Fall,Yes
cat,5,Female,under age/weight,Summer,No
Other,6,Female,normal,Spring,No
cat,1,Spayed,normal,Winter,Yes
cat,5,Neutered,normal,Summer,No
cat,6,Spayed,fractious,Fall,No
wild,0,Unknown,injured  severe,Fall,No
cat,6,Spayed,injured  severe,Winter,No
dog,2,Male,normal,Winter,No
wild,7,Male,under age/weight,Fall,No
rabbit,6,Spayed,under age/weight,Fall,No
rabbit,6,Neutered,under age/weight,Fall,No
rabbit,6,Spayed,under age/weight,Winter,No
dog,13,Spayed,normal,Spring,No
rabbit,6,Neutered,under age/weight,Fall,No
dog,12,Neutered,normal,Fall,Yes
cat,9,Spayed,normal,Summer,Yes
dog,11,Neutered,normal,Spring,No
cat,2,Spayed,normal,Summer,Yes
cat,19,Neutered,ill severe,Spring,No
cat,2,Male,normal,Spring,Yes
dog,6,Neutered,behavior  mild,Summer,No
cat,5,Female,under age/weight,Summer,No
dog,9,Female,normal,Fall,No
cat,8,Male,normal,Fall,No
cat,6,Unknown,under age/weight,Fall,No
cat,6,Male,under age/weight,Fall,No
cat,6,Female,under age/weight,Winter,No
cat,5,Female,under age/weight,Spring,Yes
dog,0,Male,under age/weight,Summer,No
cat,5,Male,under age/weight,Spring,Yes
cat,5,Female,under age/weight,Spring,Yes
dog,0,Male,under age/weight,Summer,No
cat,5,Male,under age/weight,Spring,Yes
dog,13,Male,injured  severe,Fall,No
cat,6,Unknown,under age/weight,Fall,No
dog,9,Male,normal,Winter,No
dog,15,Neutered,normal,Fall,Yes
cat,7,Unknown,under age/weight,Winter,No
rabbit,5,Unknown,normal,Summer,No
wild,3,Unknown,injured  severe,Winter,No
cat,7,Unknown,under age/weight,Winter,No
dog,2,Male,normal,Spring,Yes
dog,10,Neutered,normal,Winter,No
cat,6,Female,under age/weight,Spring,No
cat,0,Spayed,ill severe,Summer,No
cat,4,Male,normal,Winter,No
cat,0,Female,under age/weight,Summer,No
cat,0,Spayed,under age/weight,Summer,Yes
cat,0,Neutered,under age/weight,Summer,Yes
dog,1,Spayed,normal,Fall,Yes
cat,0,Male,under age/weight,Summer,No
dog,1,Neutered,normal,Fall,Yes
dog,2,Female,ill mild,Summer,Yes
cat,12,Spayed,normal,Winter,Yes
cat,8,Male,normal,Spring,No
cat,5,Female,under age/weight,Summer,No
cat,6,Female,under age/weight,Summer,No
cat,8,Female,normal,Spring,No
cat,4,Male,normal,Summer,No
dog,10,Neutered,normal,Fall,No
dog,5,Male,injured  severe,Summer,No
Other,3,Male,normal,Winter,Yes
dog,3,Male,normal,Summer,No
dog,12,Spayed,normal,Winter,Yes
cat,6,Spayed,normal,Spring,No
cat,0,Neutered,normal,Fall,Yes
dog,3,Neutered,normal,Spring,Yes
dog,1,Neutered,injured  mild,Summer,Yes
cat,11,Male,normal,Winter,No
cat,9,Female,normal,Fall,Yes
dog,6,Male,normal,Spring,No
cat,9,Male,ill severe,Spring,No
dog,13,Neutered,normal,Spring,Yes
rabbit,7,Spayed,normal,Summer,Yes
cat,7,Female,under age/weight,Summer,No
cat,7,Male,under age/weight,Summer,No
cat,8,Spayed,normal,Summer,No
cat,7,Spayed,normal,Summer,No
cat,6,Male,normal,Summer,Yes
cat,6,Spayed,normal,Summer,Yes
cat,7,Male,under age/weight,Summer,No
cat,5,Spayed,under age/weight,Summer,Yes
cat,7,Male,normal,Summer,No
dog,3,Male,normal,Fall,No
cat,13,Neutered,ill severe,Summer,No
cat,9,Neutered,normal,Fall,No
dog,10,Neutered,injured  severe,Summer,No
cat,8,Spayed,feral,Fall,No
dog,6,Neutered,normal,Spring,No
wild,8,Unknown,injured  severe,Winter,No
cat,8,Neutered,normal,Summer,No
cat,7,Male,normal,Winter,No
bird,7,Unknown,ill severe,Summer,No
dog,3,Female,normal,Summer,No
cat,7,Male,normal,Winter,No
dog,10,Neutered,injured  mild,Winter,No
dog,15,Female,normal,Fall,No
cat,10,Female,normal,Spring,No
cat,7,Neutered,normal,Fall,No
dog,3,Male,behavior  severe,Winter,No
Other,5,Male,ill moderatete,Fall,Yes
dog,8,Neutered,normal,Summer,Yes
cat,9,Male,normal,Summer,Yes
cat,1,Spayed,ill severe,Spring,No
cat,14,Spayed,normal,Winter,No
cat,6,Male,ill severe,Summer,No
cat,7,Neutered,normal,Winter,Yes
dog,8,Male,normal,Winter,No
dog,12,Spayed,normal,Winter,No
bird,7,Unknown,injured  severe,Fall,No
cat,4,Spayed,normal,Fall,Yes
cat,4,Spayed,normal,Fall,Yes
wild,6,Unknown,under age/weight,Spring,No
cat,5,Female,under age/weight,Summer,No
dog,6,Female,normal,Summer,No
cat,5,Male,under age/weight,Summer,No
dog,7,Female,behavior  moderate,Winter,No
dog,9,Male,normal,Winter,Yes
cat,5,Spayed,normal,Fall,No
bird,4,Unknown,injured  mild,Fall,No
dog,14,Spayed,normal,Winter,No
cat,6,Spayed,normal,Winter,Yes
bird,2,Unknown,injured  severe,Winter,No
dog,7,Neutered,normal,Spring,Yes
Other,4,Unknown,normal,Fall,No
bird,5,Unknown,injured  severe,Winter,No
cat,3,Female,normal,Spring,No
bird,6,Unknown,ill severe,Fall,No
cat,2,Male,ill mild,Summer,No
cat,5,Spayed,normal,Fall,Yes
cat,5,Spayed,normal,Winter,Yes
cat,2,Female,ill mild,Summer,No
cat,2,Female,ill mild,Fall,No
cat,4,Unknown,normal,Spring,No
cat,4,Unknown,normal,Spring,No
bird,4,Unknown,injured  moderate,Summer,No
cat,8,Female,normal,Summer,No
rabbit,6,Male,injured  mild,Spring,No
cat,2,Female,under age/weight,Summer,No
cat,1,Neutered,under age/weight,Summer,Yes
dog,7,Neutered,ill moderatete,Summer,Yes
dog,4,Female,injured  mild,Summer,No
cat,0,Male,under age/weight,Fall,No
dog,4,Female,normal,Summer,No
bird,8,Unknown,injured  severe,Summer,No
dog,8,Male,normal,Spring,No
dog,7,Spayed,ill moderatete,Fall,Yes
dog,3,Spayed,normal,Spring,Yes
cat,1,Spayed,under age/weight,Spring,No
cat,8,Neutered,normal,Spring,No
dog,4,Spayed,normal,Spring,Yes
cat,1,Neutered,normal,Spring,No
other,3,Unknown,injured  severe,Winter,No
cat,1,Unknown,under age/weight,Winter,No
dog,3,Male,normal,Summer,Yes
cat,11,Unknown,ill severe,Fall,No
cat,0,Female,under age/weight,Fall,No
cat,1,Male,injured  moderate,Spring,No
cat,8,Neutered,fractious,Summer,No
bird,9,Unknown,injured  severe,Fall,No
wild,8,Unknown,under age/weight,Spring,No
cat,7,Male,ill moderatete,Summer,No
cat,3,Spayed,ill moderatete,Summer,Yes
cat,6,Female,normal,Summer,No
dog,19,Neutered,normal,Summer,No
dog,12,Neutered,normal,Spring,No
bird,7,Unknown,injured  moderate,Fall,No
dog,9,Male,injured  moderate,Fall,No
dog,4,Male,normal,Winter,Yes
cat,9,Male,feral,Winter,No
cat,4,Female,normal,Fall,No
cat,3,Unknown,normal,Fall,No
cat,6,Male,under age/weight,Fall,No
cat,3,Unknown,normal,Fall,No
cat,6,Male,under age/weight,Spring,No
dog,8,Spayed,normal,Spring,No
dog,1,Neutered,normal,Winter,Yes
cat,8,Male,injured  severe,Fall,No
rabbit,2,Neutered,normal,Summer,Yes
rabbit,2,Neutered,normal,Summer,No
cat,1,Spayed,under age/weight,Fall,Yes
Other,2,Unknown,Other,Fall,No
cat,1,Neutered,under age/weight,Fall,Yes
dog,9,Neutered,normal,Summer,Yes
dog,9,Neutered,normal,Summer,Yes
cat,3,Neutered,injured  severe,Spring,No
dog,2,Spayed,normal,Summer,Yes
dog,1,Female,normal,Fall,No
cat,3,Unknown,injured  severe,Fall,No
dog,4,Spayed,normal,Winter,No
dog,4,Female,normal,Fall,Yes
rabbit,2,Spayed,normal,Winter,No
cat,1,Spayed,injured  moderate,Summer,Yes
cat,5,Female,ill mild,Summer,Yes
bird,7,Unknown,under age/weight,Summer,No
other,6,Unknown,ill severe,Winter,No
cat,8,Spayed,fractious,Summer,Yes
cat,1,Spayed,ill mild,Spring,Yes
cat,1,Spayed,ill mild,Spring,Yes
cat,0,Neutered,under age/weight,Winter,Yes
other,10,Unknown,ill severe,Spring,No
cat,12,Neutered,normal,Spring,No
dog,2,Female,normal,Spring,No
dog,6,Female,normal,Winter,No
dog,9,Neutered,normal,Summer,No
cat,14,Neutered,normal,Spring,Yes
wild,8,Male,injured  moderate,Winter,No
cat,14,Unknown,ill severe,Spring,No
cat,5,Female,ill moderatete,Winter,No
cat,11,Female,normal,Summer,No
other,2,Unknown,under age/weight,Spring,No
dog,21,Spayed,Other,Spring,No
Other,4,Female,normal,Spring,No
dog,2,Neutered,normal,Summer,No
cat,13,Neutered,fractious,Spring,No
dog,3,Male,normal,Summer,No
cat,1,Neutered,normal,Fall,Yes
dog,1,Male,under age/weight,Fall,No
cat,1,Neutered,normal,Fall,Yes
cat,0,Unknown,ill severe,Summer,No
dog,15,Neutered,ill mild,Fall,No
dog,7,Female,normal,Fall,No
dog,19,Spayed,injured  moderate,Spring,No
dog,7,Male,injured  moderate,Winter,No
dog,1,Spayed,normal,Summer,Yes
Other,4,Male,normal,Fall,No
Other,2,Male,normal,Fall,No
cat,0,Neutered,under age/weight,Fall,Yes
wild,7,Unknown,injured  severe,Fall,No
wild,5,Unknown,injured  moderate,Spring,No
wild,5,Unknown,injured  moderate,Spring,No
wild,9,Female,injured  severe,Fall,No
wild,9,Unknown,injured  severe,Fall,No
cat,6,Female,under age/weight,Summer,No
dog,15,Male,normal,Fall,No
cat,7,Female,normal,Summer,No
cat,6,Female,under age/weight,Summer,No
cat,4,Female,under age/weight,Fall,No
cat,6,Male,normal,Summer,No
dog,8,Neutered,normal,Fall,Yes
cat,3,Neutered,under age/weight,Fall,Yes
cat,7,Male,injured  severe,Winter,No
cat,6,Spayed,normal,Winter,Yes
Other,4,Female,normal,Fall,Yes
cat,7,Neutered,normal,Summer,Yes
dog,5,Neutered,normal,Winter,No
cat,6,Spayed,normal,Winter,Yes
cat,6,Spayed,normal,Spring,No
cat,4,Spayed,under age/weight,Winter,Yes
dog,10,Female,normal,Summer,No
cat,4,Neutered,normal,Fall,Yes
wild,2,Unknown,injured  mild,Summer,No
cat,0,Neutered,under age/weight,Summer,Yes
wild,7,Male,under age/weight,Spring,No
dog,10,Spayed,normal,Spring,Yes
cat,3,Male,normal,Summer,Yes
Other,8,Female,normal,Summer,Yes
cat,4,Spayed,normal,Summer,No
cat,8,Neutered,normal,Spring,No
cat,4,Spayed,ill moderatete,Spring,No
cat,2,Male,normal,Summer,No
dog,9,Neutered,behavior  mild,Winter,No
cat,2,Male,normal,Summer,Yes
cat,2,Female,normal,Summer,No
cat,10,Neutered,normal,Spring,No
dog,21,Female,normal,Summer,No
cat,0,Male,under age/weight,Summer,No
cat,0,Female,under age/weight,Summer,No
cat,0,Spayed,under age/weight,Fall,Yes
cat,1,Spayed,under age/weight,Spring,No
dog,18,Spayed,ill severe,Summer,No
dog,8,Male,normal,Summer,No
dog,7,Neutered,normal,Spring,Yes
wild,6,Unknown,under age/weight,Summer,No
other,1,Unknown,ill severe,Spring,No
cat,7,Male,normal,Summer,No
wild,2,Unknown,injured  severe,Winter,No
dog,17,Neutered,normal,Winter,No
cat,1,Male,under age/weight,Spring,Yes
cat,2,Female,ill moderatete,Fall,Yes
cat,2,Female,ill moderatete,Summer,Yes
cat,2,Neutered,ill moderatete,Fall,Yes
bird,2,Unknown,injured  moderate,Spring,No
dog,8,Neutered,normal,Fall,Yes
dog,3,Spayed,normal,Summer,Yes
bird,7,Unknown,injured  severe,Summer,No
dog,1,Neutered,injured  mild,Summer,Yes
dog,4,Female,injured  moderate,Summer,No
dog,4,Neutered,normal,Fall,Yes
dog,1,Female,normal,Summer,No
dog,3,Neutered,normal,Spring,Yes
dog,5,Spayed,normal,Fall,Yes
cat,5,Spayed,normal,Winter,No
wild,6,Unknown,injured  severe,Fall,No
other,6,Unknown,injured  severe,Fall,No
cat,4,Female,fractious,Fall,No
wild,5,Unknown,under age/weight,Spring,No
cat,6,Neutered,normal,Fall,No
cat,4,Neutered,injured  mild,Fall,Yes
rabbit,1,Spayed,normal,Spring,No
cat,12,Neutered,ill severe,Spring,No
other,6,Unknown,normal,Summer,No
dog,11,Spayed,normal,Fall,No
dog,5,Male,normal,Spring,No
dog,5,Neutered,injured  mild,Spring,Yes
dog,5,Female,normal,Spring,No
dog,9,Male,normal,Fall,Yes
dog,11,Male,normal,Winter,No
cat,6,Neutered,normal,Fall,Yes
cat,7,Unknown,under age/weight,Fall,No
cat,7,Spayed,fractious,Summer,No
cat,7,Spayed,fractious,Spring,No
cat,3,Male,normal,Fall,No
cat,4,Unknown,under age/weight,Winter,No
cat,4,Unknown,under age/weight,Winter,No
dog,5,Neutered,normal,Spring,Yes
cat,4,Unknown,under age/weight,Winter,No
cat,1,Neutered,ill mild,Winter,No
cat,4,Unknown,under age/weight,Winter,No
other,5,Unknown,under age/weight,Winter,No
dog,3,Neutered,normal,Spring,No
dog,0,Male,under age/weight,Summer,No
other,7,Unknown,under age/weight,Spring,No
bird,6,Unknown,under age/weight,Summer,No
cat,7,Male,normal,Fall,Yes
dog,3,Male,normal,Winter,No
cat,3,Male,under age/weight,Spring,No
cat,5,Spayed,under age/weight,Summer,Yes
dog,11,Spayed,normal,Spring,No
cat,1,Male,ill mild,Fall,Yes
cat,2,Male,normal,Summer,No
cat,2,Male,normal,Summer,No
dog,14,Neutered,injured  severe,Fall,No
cat,2,Female,under age/weight,Summer,No
other,7,Unknown,under age/weight,Spring,No
bird,5,Unknown,normal,Spring,No
cat,4,Male,under age/weight,Winter,Yes
cat,7,Female,normal,Fall,No
cat,7,Female,normal,Fall,No
cat,4,Male,under age/weight,Winter,Yes
cat,6,Male,under age/weight,Fall,No
other,4,Unknown,injured  severe,Fall,No
dog,12,Male,normal,Winter,No
dog,5,Neutered,normal,Fall,Yes
cat,0,Unknown,ill moderatete,Fall,No
dog,5,Neutered,normal,Winter,Yes
cat,6,Spayed,injured  moderate,Summer,No
cat,0,Female,under age/weight,Summer,No
cat,5,Male,under age/weight,Winter,No
wild,1,Unknown,injured  severe,Summer,No
cat,6,Spayed,fractious,Summer,No
dog,4,Spayed,normal,Spring,Yes
cat,2,Male,under age/weight,Fall,No
cat,5,Neutered,normal,Winter,Yes
rabbit,8,Spayed,normal,Spring,Yes
dog,1,Male,ill moderatete,Fall,No
cat,2,Female,injured  severe,Fall,No
dog,3,Spayed,normal,Summer,No
rabbit,8,Spayed,normal,Fall,Yes
other,3,Male,injured  severe,Fall,No
cat,0,Spayed,under age/weight,Summer,No
dog,3,Male,injured  mild,Fall,No
cat,9,Neutered,normal,Winter,No
dog,2,Neutered,normal,Winter,No
dog,3,Male,normal,Summer,No
dog,9,Male,normal,Winter,No
dog,6,Neutered,normal,Spring,Yes
cat,6,Neutered,normal,Fall,No
dog,20,Male,normal,Fall,No
cat,2,Neutered,ill moderatete,Fall,Yes
cat,9,Spayed,normal,Spring,No
cat,19,Spayed,ill moderatete,Summer,No
dog,10,Female,normal,Spring,Yes
dog,3,Neutered,behavior  moderate,Winter,No
cat,16,Male,fractious,Fall,No
dog,8,Male,normal,Winter,No
cat,11,Male,fractious,Fall,No
cat,1,Neutered,under age/weight,Summer,Yes
dog,4,Female,normal,Fall,No
cat,6,Spayed,normal,Winter,Yes
dog,16,Male,normal,Winter,No
cat,6,Female,under age/weight,Summer,No
cat,25,Neutered,injured  severe,Summer,No
dog,8,Neutered,normal,Winter,No
wild,1,Unknown,injured  severe,Winter,No
cat,4,Neutered,under age/weight,Spring,Yes
wild,2,Female,injured  moderate,Spring,No
cat,7,Female,fractious,Winter,No
cat,5,Neutered,normal,Fall,Yes
cat,4,Male,normal,Fall,No
Other,9,Female,injured  moderate,Winter,No
dog,8,Neutered,normal,Winter,No
cat,9,Female,normal,Fall,No
cat,6,Neutered,fractious,Fall,No
dog,11,Male,normal,Winter,No
cat,5,Female,normal,Fall,No
dog,13,Female,Other,Spring,No
cat,5,Spayed,ill mild,Fall,No
cat,5,Unknown,under age/weight,Spring,No
cat,1,Neutered,injured  severe,Winter,Yes
cat,13,Neutered,normal,Winter,No
cat,10,Spayed,fractious,Winter,No
dog,4,Male,normal,Fall,Yes
cat,8,Spayed,fractious,Fall,No
dog,3,Neutered,injured  severe,Winter,No
dog,10,Female,normal,Spring,No
cat,6,Neutered,injured  moderate,Spring,No
rabbit,7,Neutered,normal,Winter,Yes
cat,6,Unknown,under age/weight,Summer,No
dog,17,Male,ill mild,Spring,No
bird,5,Unknown,under age/weight,Spring,No
cat,5,Male,ill moderatete,Winter,No
cat,5,Unknown,under age/weight,Winter,No
cat,5,Unknown,under age/weight,Winter,No
cat,6,Spayed,ill severe,Spring,Yes
rabbit,7,Neutered,ill mild,Winter,Yes
cat,6,Male,under age/weight,Spring,No
cat,2,Neutered,normal,Summer,Yes
bird,6,Unknown,injured  severe,Fall,No
dog,6,Male,normal,Spring,No
cat,8,Neutered,fractious,Fall,No
cat,5,Unknown,under age/weight,Spring,No
wild,6,Unknown,normal,Spring,No
cat,5,Unknown,under age/weight,Spring,No
cat,6,Spayed,normal,Fall,No
cat,5,Unknown,under age/weight,Spring,No
cat,11,Unknown,fractious,Fall,No
cat,5,Unknown,under age/weight,Spring,No
cat,6,Female,under age/weight,Summer,No
cat,6,Unknown,under age/weight,Fall,No
cat,8,Neutered,ill moderatete,Spring,No
cat,6,Male,under age/weight,Summer,No
cat,7,Neutered,normal,Spring,No
cat,4,Spayed,injured  severe,Fall,Yes
dog,10,Neutered,normal,Summer,No
cat,6,Male,under age/weight,Fall,No
dog,2,Male,ill moderatete,Winter,No
cat,10,Neutered,fractious,Spring,No
cat,13,Neutered,feral,Summer,No
cat,10,Neutered,feral,Winter,No
cat,10,Neutered,normal,Spring,No
cat,7,Neutered,fractious,Winter,No
cat,11,Neutered,feral,Spring,No
cat,9,Spayed,feral,Winter,No
other,3,Unknown,under age/weight,Summer,No
cat,9,Neutered,fractious,Spring,No
dog,4,Male,normal,Spring,No
cat,9,Spayed,normal,Spring,Yes
dog,7,Spayed,ill mild,Spring,Yes
dog,12,Male,normal,Winter,No
dog,6,Neutered,normal,Winter,No
cat,7,Spayed,normal,Summer,Yes
other,3,Female,normal,Winter,No
cat,22,Female,ill mild,Summer,No
cat,9,Male,normal,Winter,No
cat,2,Male,ill mild,Summer,Yes
dog,10,Male,injured  mild,Winter,Yes
cat,1,Spayed,ill mild,Winter,Yes
dog,10,Female,normal,Winter,No
cat,3,Spayed,under age/weight,Summer,Yes
wild,3,Female,injured  severe,Summer,No
cat,11,Neutered,ill severe,Summer,No
cat,3,Neutered,injured  moderate,Fall,No
cat,8,Spayed,normal,Winter,Yes
dog,6,Neutered,normal,Fall,No
wild,2,Female,injured  severe,Summer,No
cat,0,Female,under age/weight,Summer,No
dog,9,Neutered,normal,Fall,No
dog,7,Female,normal,Spring,No
dog,4,Neutered,normal,Summer,No
dog,6,Female,normal,Fall,No
cat,8,Spayed,normal,Summer,No
dog,7,Male,injured  severe,Fall,No
cat,4,Female,normal,Summer,No
dog,7,Spayed,normal,Spring,Yes
wild,1,Unknown,under age/weight,Winter,No
wild,1,Unknown,under age/weight,Winter,No
wild,8,Unknown,ill severe,Fall,No
dog,16,Neutered,normal,Fall,No
dog,10,Male,injured  severe,Winter,No
dog,6,Spayed,behavior  mild,Spring,Yes
bird,3,Unknown,injured  mild,Summer,No
cat,5,Female,normal,Spring,No
dog,14,Male,normal,Spring,No
dog,8,Male,normal,Fall,No
dog,3,Neutered,normal,Fall,No
dog,15,Male,normal,Summer,No
dog,7,Spayed,injured  moderate,Spring,Yes
cat,2,Neutered,normal,Spring,Yes
cat,2,Spayed,normal,Winter,Yes
dog,3,Male,under age/weight,Winter,No
dog,10,Female,normal,Summer,No
dog,4,Spayed,normal,Spring,Yes
dog,6,Neutered,normal,Winter,Yes
dog,9,Female,normal,Winter,No
cat,0,Spayed,normal,Fall,Yes
cat,5,Female,under age/weight,Fall,No
cat,0,Female,under age/weight,Summer,No
dog,7,Male,normal,Fall,No
dog,9,Female,normal,Spring,No
dog,6,Female,normal,Summer,No
cat,5,Spayed,normal,Fall,Yes
cat,1,Female,ill mild,Summer,No
cat,6,Neutered,normal,Winter,Yes
cat,6,Female,under age/weight,Spring,No
cat,6,Female,under age/weight,Spring,No
dog,3,Neutered,normal,Fall,Yes
cat,6,Male,under age/weight,Spring,No
cat,5,Male,normal,Winter,No
dog,6,Spayed,behavior  moderate,Fall,No
dog,1,Male,normal,Spring,No
dog,12,Male,normal,Fall,No
other,1,Unknown,under age/weight,Spring,No
dog,4,Spayed,normal,Fall,Yes
cat,7,Neutered,normal,Summer,Yes
dog,8,Female,behavior  mild,Winter,No
cat,7,Unknown,under age/weight,Summer,No
cat,7,Unknown,under age/weight,Summer,No
other,9,Unknown,normal,Summer,No
rabbit,5,Neutered,normal,Summer,No
cat,3,Male,ill mild,Fall,No
bird,3,Unknown,ill severe,Spring,No
dog,4,Neutered,normal,Winter,Yes
wild,4,Unknown,injured  severe,Winter,No
cat,0,Spayed,normal,Winter,Yes
cat,0,Spayed,under age/weight,Fall,Yes
cat,0,Neutered,under age/weight,Fall,Yes
cat,0,Spayed,under age/weight,Fall,Yes
dog,3,Male,ill mild,Fall,No
cat,0,Neutered,under age/weight,Fall,Yes
dog,10,Spayed,normal,Winter,Yes
cat,2,Spayed,injured  moderate,Spring,Yes
cat,8,Male,normal,Winter,No
dog,5,Spayed,Other,Winter,Yes
cat,6,Unknown,injured  severe,Summer,No
cat,6,Male,under age/weight,Spring,No
cat,2,Neutered,normal,Winter,Yes
dog,9,Male,normal,Winter,No
cat,0,Neutered,injured  mild,Summer,Yes
cat,0,Spayed,i/i report,Winter,Yes
dog,13,Male,injured  moderate,Winter,No
cat,2,Neutered,injured  moderate,Fall,Yes
cat,6,Spayed,normal,Winter,No
dog,1,Male,ill mild,Fall,No
cat,1,Neutered,normal,Winter,Yes
dog,1,Female,ill mild,Fall,No
cat,1,Spayed,normal,Fall,Yes
dog,1,Male,ill mild,Fall,No
dog,1,Male,ill mild,Fall,No
dog,7,Female,normal,Fall,No
cat,5,Male,ill moderatete,Summer,No
dog,8,Male,normal,Fall,No
dog,11,Male,normal,Spring,No
dog,5,Male,normal,Winter,No
cat,8,Unknown,ill moderatete,Spring,No
dog,7,Spayed,normal,Fall,Yes
dog,12,Spayed,normal,Winter,No
dog,1,Neutered,normal,Fall,Yes
dog,3,Neutered,normal,Summer,Yes
dog,9,Female,normal,Spring,No
dog,2,Male,normal,Summer,Yes
cat,10,Neutered,normal,Summer,Yes
bird,8,Female,normal,Fall,No
cat,1,Male,under age/weight,Spring,Yes
cat,1,Male,under age/weight,Spring,Yes
other,5,Unknown,ill severe,Fall,No
cat,1,Female,under age/weight,Spring,No
dog,9,Male,normal,Winter,No
cat,0,Neutered,under age/weight,Fall,No
dog,16,Spayed,normal,Summer,No
dog,2,Neutered,normal,Winter,Yes
dog,5,Male,injured  moderate,Summer,No
other,2,Unknown,ill severe,Spring,No
other,2,Unknown,ill severe,Spring,No
dog,10,Female,normal,Fall,No
cat,0,Spayed,under age/weight,Fall,Yes
cat,3,Neutered,normal,Spring,Yes
cat,4,Spayed,normal,Spring,No
cat,2,Male,under age/weight,Spring,No
cat,7,Unknown,under age/weight,Fall,No
cat,6,Unknown,under age/weight,Spring,No
cat,16,Spayed,normal,Fall,Yes
dog,8,Neutered,normal,Winter,No
dog,11,Male,injured  severe,Fall,No
other,4,Unknown,ill severe,Winter,No
cat,7,Spayed,normal,Summer,Yes
cat,11,Spayed,normal,Spring,No
cat,8,Neutered,normal,Fall,Yes
dog,12,Female,ill severe,Fall,No
dog,5,Neutered,normal,Winter,Yes
dog,5,Neutered,normal,Spring,Yes
dog,5,Neutered,normal,Winter,Yes
dog,3,Spayed,normal,Summer,Yes
cat,1,Male,injured  mild,Spring,No
cat,9,Spayed,injured  mild,Winter,Yes
other,2,Unknown,injured  severe,Fall,No
cat,1,Female,under age/weight,Fall,No
dog,6,Spayed,normal,Summer,No
cat,1,Spayed,under age/weight,Summer,Yes
cat,4,Spayed,injured  mild,Spring,Yes
dog,21,Male,normal,Winter,No
cat,2,Spayed,under age/weight,Summer,Yes
dog,3,Neutered,normal,Spring,Yes
cat,2,Female,ill mild,Summer,Yes
cat,10,Female,normal,Spring,No
cat,7,Neutered,normal,Winter,Yes
dog,7,Neutered,normal,Winter,No
dog,5,Neutered,normal,Winter,Yes
dog,4,Female,normal,Winter,No
cat,5,Neutered,normal,Fall,Yes
cat,3,Spayed,normal,Winter,No
cat,5,Male,normal,Winter,No
dog,10,Male,normal,Summer,No
dog,2,Female,normal,Spring,No
dog,14,Female,ill mild,Spring,No
cat,8,Neutered,normal,Spring,No
cat,4,Neutered,normal,Spring,No
dog,2,Spayed,injured  mild,Spring,Yes
cat,1,Female,ill mild,Fall,No
dog,6,Female,normal,Winter,No
cat,1,Spayed,ill mild,Fall,Yes
dog,2,Male,normal,Fall,No
wild,1,Male,injured  severe,Fall,No
cat,2,Neutered,ill mild,Summer,No
dog,2,Neutered,normal,Fall,Yes
cat,7,Female,normal,Summer,No
dog,9,Spayed,normal,Spring,Yes
cat,7,Male,normal,Summer,No
cat,10,Spayed,normal,Spring,Yes
cat,1,Spayed,normal,Spring,No
dog,2,Female,normal,Fall,No
cat,7,Male,under age/weight,Fall,No
dog,2,Male,ill severe,Spring,Yes
cat,5,Neutered,behavior  severe,Fall,No
dog,13,Neutered,injured  mild,Summer,No
dog,2,Spayed,injured  severe,Summer,Yes
dog,8,Male,normal,Winter,No
dog,9,Male,normal,Fall,No
cat,1,Neutered,normal,Winter,No
cat,5,Male,under age/weight,Spring,No
cat,5,Unknown,under age/weight,Spring,No
other,2,Female,normal,Summer,No
dog,2,Male,normal,Summer,No
cat,6,Male,under age/weight,Fall,No
cat,3,Unknown,under age/weight,Spring,No
other,2,Female,under age/weight,Summer,No
cat,13,Neutered,feral,Spring,No
other,2,Female,normal,Summer,No
cat,0,Female,under age/weight,Winter,No
other,2,Female,normal,Summer,No
cat,0,Female,under age/weight,Winter,No
other,2,Female,normal,Summer,No
wild,9,Unknown,ill severe,Winter,No
dog,3,Male,normal,Winter,No
cat,9,Spayed,normal,Summer,No
cat,10,Spayed,normal,Spring,No
cat,2,Female,ill moderatete,Summer,No
cat,12,Spayed,normal,Winter,No
other,2,Female,normal,Summer,No
dog,4,Spayed,injured  severe,Winter,Yes
other,2,Male,normal,Summer,Yes
cat,5,Male,under age/weight,Spring,No
dog,10,Female,injured  severe,Fall,No
cat,0,Spayed,normal,Fall,Yes
dog,12,Spayed,normal,Winter,No
bird,0,Unknown,under age/weight,Summer,No
other,6,Unknown,injured  mild,Spring,No
dog,6,Female,normal,Winter,No
cat,5,Male,under age/weight,Summer,No
cat,5,Spayed,normal,Winter,Yes
cat,7,Female,injured  mild,Fall,No
cat,4,Female,ill severe,Summer,No
cat,4,Male,normal,Summer,No
cat,0,Neutered,normal,Fall,Yes
cat,4,Spayed,ill mild,Summer,Yes
cat,0,Neutered,injured  mild,Winter,Yes
cat,2,Male,under age/weight,Winter,No
dog,8,Male,normal,Winter,No
dog,0,Spayed,normal,Fall,Yes
dog,3,Female,normal,Winter,No
cat,8,Male,normal,Spring,No
dog,8,Male,injured  mild,Summer,No
dog,9,Female,normal,Fall,No
dog,10,Female,normal,Summer,No
cat,4,Male,ill mild,Spring,No
cat,1,Neutered,normal,Fall,No
dog,2,Female,normal,Fall,No
cat,3,Spayed,injured  mild,Spring,Yes
dog,11,Neutered,fractious,Fall,Yes
dog,9,Female,normal,Fall,No
other,8,Unknown,normal,Winter,No
other,8,Unknown,normal,Winter,Yes
other,8,Unknown,normal,Winter,No
dog,5,Spayed,normal,Spring,Yes
rabbit,3,Spayed,normal,Spring,Yes
dog,2,Male,ill severe,Summer,No
cat,4,Neutered,normal,Fall,No
wild,6,Unknown,injured  severe,Winter,No
cat,5,Neutered,normal,Summer,Yes
dog,6,Male,injured  mild,Summer,No
cat,1,Female,normal,Winter,No
cat,7,Neutered,normal,Summer,Yes
dog,1,Male,under age/weight,Summer,No
cat,1,Female,normal,Summer,No
cat,0,Spayed,normal,Summer,Yes
cat,5,Female,under age/weight,Summer,No
cat,0,Neutered,normal,Summer,Yes
cat,5,Female,under age/weight,Summer,No
cat,5,Male,under age/weight,Summer,No
cat,1,Neutered,normal,Winter,Yes
cat,5,Male,under age/weight,Summer,No
dog,10,Male,injured  moderate,Fall,No
cat,5,Female,under age/weight,Summer,No
cat,13,Male,ill moderatete,Winter,No
rabbit,6,Neutered,under age/weight,Winter,No
bird,8,Unknown,injured  severe,Winter,No
dog,15,Female,injured  moderate,Spring,No
cat,7,Male,normal,Summer,No
dog,12,Male,normal,Winter,No
cat,5,Spayed,under age/weight,Winter,No
cat,1,Neutered,normal,Fall,Yes
cat,6,Female,under age/weight,Winter,No
cat,1,Male,normal,Fall,Yes
dog,7,Female,normal,Spring,No
cat,1,Male,normal,Spring,Yes
cat,7,Female,under age/weight,Summer,No
cat,0,Unknown,under age/weight,Summer,No
other,3,Unknown,ill severe,Summer,No
cat,0,Unknown,under age/weight,Summer,No
cat,0,Unknown,under age/weight,Summer,No
dog,0,Male,under age/weight,Summer,No
dog,7,Female,normal,Summer,No
bird,3,Unknown,injured  severe,Fall,No
dog,17,Neutered,normal,Summer,No
dog,9,Female,normal,Spring,No
dog,18,Neutered,normal,Summer,No
dog,8,Spayed,normal,Fall,No
cat,7,Unknown,under age/weight,Winter,No
Other,10,Female,normal,Fall,No
bird,6,Unknown,injured  moderate,Spring,No
cat,2,Male,ill mild,Fall,No
cat,2,Male,ill mild,Fall,No
dog,10,Neutered,normal,Winter,No
cat,2,Female,ill mild,Winter,Yes
dog,6,Male,normal,Spring,No
dog,7,Male,normal,Fall,No
cat,5,Spayed,normal,Summer,No
dog,7,Male,normal,Summer,No
dog,8,Female,normal,Spring,No
cat,6,Neutered,normal,Summer,No
cat,1,Neutered,ill moderatete,Summer,No
cat,3,Spayed,ill moderatete,Summer,No
dog,7,Neutered,injured  mild,Fall,No
dog,13,Spayed,injured  mild,Summer,No
rabbit,3,Neutered,normal,Winter,No
cat,5,Spayed,fractious,Fall,No
dog,8,Male,injured  mild,Fall,No
cat,8,Neutered,normal,Spring,No
dog,2,Female,normal,Fall,No
cat,8,Neutered,fractious,Winter,No
dog,2,Spayed,i/i report,Fall,Yes
cat,4,Female,normal,Fall,No
dog,2,Male,normal,Spring,Yes
cat,10,Female,normal,Winter,No
dog,1,Female,i/i report,Summer,No
cat,5,Neutered,injured  moderate,Winter,Yes
dog,8,Male,normal,Fall,No
cat,7,Spayed,ill mild,Fall,Yes
dog,5,Neutered,behavior  moderate,Summer,No
dog,7,Male,normal,Fall,No
cat,7,Spayed,feral,Fall,Yes
bird,3,Male,normal,Fall,No
cat,7,Male,normal,Summer,No
dog,5,Neutered,behavior  moderate,Spring,No
cat,7,Female,normal,Winter,No
dog,6,Neutered,normal,Fall,Yes
dog,12,Male,injured  severe,Spring,No
dog,6,Male,normal,Fall,No
bird,1,Unknown,under age/weight,Spring,No
cat,7,Unknown,normal,Spring,No
bird,1,Unknown,under age/weight,Spring,No
cat,7,Unknown,normal,Spring,No
bird,1,Unknown,under age/weight,Spring,No
cat,7,Unknown,normal,Spring,No
dog,4,Neutered,normal,Spring,No
dog,8,Male,normal,Winter,No
dog,2,Neutered,normal,Spring,Yes
dog,6,Spayed,normal,Spring,Yes
cat,6,Spayed,normal,Winter,No
cat,4,Neutered,injured  moderate,Winter,Yes
cat,5,Spayed,normal,Summer,No
bird,7,Unknown,under age/weight,Spring,No
cat,4,Neutered,normal,Winter,No
rabbit,7,Spayed,normal,Spring,Yes
dog,11,Spayed,normal,Fall,No
dog,3,Spayed,normal,Spring,Yes
dog,4,Neutered,injured  mild,Fall,Yes
bird,5,Unknown,injured  moderate,Fall,No
cat,2,Neutered,under age/weight,Summer,Yes
cat,2,Spayed,under age/weight,Summer,Yes
wild,6,Unknown,under age/weight,Spring,No
dog,8,Spayed,normal,Summer,No
Other,7,Female,normal,Winter,Yes
other,4,Unknown,normal,Summer,No
cat,2,Male,under age/weight,Summer,Yes
other,4,Unknown,normal,Summer,No
dog,12,Male,normal,Winter,No
other,4,Unknown,normal,Summer,No
bird,6,Unknown,under age/weight,Summer,No
other,5,Unknown,under age/weight,Spring,No
other,5,Unknown,under age/weight,Spring,No
other,5,Unknown,under age/weight,Spring,No
bird,8,Unknown,injured  moderate,Summer,No
dog,7,Neutered,injured  mild,Spring,No
dog,16,Spayed,fractious,Spring,No
dog,8,Spayed,normal,Spring,No
dog,1,Spayed,i/i report,Spring,Yes
dog,4,Male,normal,Winter,No
cat,11,Neutered,fractious,Summer,No
cat,8,Neutered,feral,Fall,No
cat,0,Male,under age/weight,Fall,No
wild,5,Unknown,ill mild,Summer,No
cat,0,Female,under age/weight,Fall,No
cat,0,Female,under age/weight,Fall,No
dog,5,Spayed,normal,Spring,Yes
dog,5,Spayed,normal,Winter,Yes
cat,4,Male,under age/weight,Winter,No
dog,9,Female,normal,Spring,Yes
dog,3,Female,normal,Summer,No
cat,0,Neutered,normal,Winter,Yes
other,3,Unknown,ill severe,Fall,No
cat,2,Male,under age/weight,Summer,No
cat,14,Neutered,injured  severe,Winter,No
cat,0,Spayed,fractious,Summer,Yes
dog,3,Spayed,normal,Summer,Yes
cat,4,Male,injured  severe,Spring,No
bird,6,Unknown,injured  severe,Summer,No
bird,2,Unknown,injured  moderate,Summer,No
cat,6,Male,under age/weight,Fall,No
dog,10,Neutered,normal,Winter,No
rabbit,1,Spayed,normal,Summer,Yes
bird,0,Unknown,ill moderatete,Summer,No
cat,4,Neutered,normal,Summer,Yes
dog,3,Spayed,normal,Spring,Yes
bird,6,Unknown,under age/weight,Spring,No
cat,1,Neutered,normal,Spring,No
bird,6,Unknown,under age/weight,Spring,No
cat,4,Male,injured  moderate,Spring,No
dog,10,Spayed,normal,Fall,No
cat,1,Unknown,under age/weight,Winter,No
cat,7,Unknown,ill severe,Summer,No
cat,4,Spayed,normal,Spring,Yes
cat,0,Male,under age/weight,Fall,No
cat,11,Female,normal,Winter,No
dog,9,Male,normal,Fall,No
bird,6,Unknown,injured  severe,Summer,No
dog,8,Male,normal,Spring,No
dog,14,Neutered,normal,Spring,No
cat,8,Male,normal,Spring,No
dog,2,Neutered,i/i report,Spring,Yes
wild,8,Unknown,under age/weight,Spring,No
cat,2,Spayed,normal,Fall,No
wild,8,Unknown,under age/weight,Spring,No
cat,7,Male,injured  moderate,Spring,No
dog,3,Neutered,normal,Spring,Yes
cat,9,Female,injured  severe,Fall,No
cat,5,Neutered,under age/weight,Fall,Yes
cat,5,Neutered,under age/weight,Fall,Yes
cat,5,Neutered,fractious,Fall,Yes
cat,5,Spayed,normal,Fall,Yes
cat,5,Neutered,normal,Fall,Yes
dog,4,Male,Other,Spring,No
dog,3,Male,Other,Spring,No
rabbit,2,Neutered,normal,Summer,No
rabbit,5,Spayed,normal,Summer,Yes
cat,1,Spayed,under age/weight,Winter,Yes
cat,1,Male,ill moderatete,Summer,No
cat,1,Neutered,under age/weight,Fall,No
dog,6,Male,normal,Summer,No
dog,7,Neutered,normal,Spring,No
other,4,Unknown,ill moderatete,Winter,No
dog,12,Spayed,normal,Winter,Yes
wild,5,Unknown,injured  severe,Winter,No
cat,4,Male,under age/weight,Fall,No
cat,1,Male,under age/weight,Winter,No
dog,4,Spayed,normal,Summer,Yes
cat,1,Male,under age/weight,Winter,No
dog,17,Spayed,normal,Spring,No
cat,7,Male,ill severe,Summer,No
cat,3,Neutered,normal,Fall,Yes
cat,3,Male,normal,Fall,Yes
dog,3,Female,normal,Summer,Yes
dog,9,Neutered,normal,Fall,No
dog,1,Female,injured  severe,Fall,No
dog,5,Neutered,normal,Spring,Yes
bird,8,Unknown,ill severe,Fall,No
bird,2,Unknown,injured  moderate,Winter,No
cat,2,Neutered,normal,Winter,No
cat,7,Male,normal,Fall,No
cat,2,Spayed,normal,Summer,Yes
cat,2,Female,normal,Winter,No
cat,3,Spayed,normal,Summer,Yes
cat,6,Male,ill mild,Summer,No
cat,4,Neutered,normal,Spring,Yes
dog,15,Male,normal,Summer,No
dog,9,Neutered,normal,Summer,No
cat,6,Male,ill mild,Summer,No
dog,7,Spayed,normal,Summer,No
dog,4,Male,normal,Summer,No
cat,2,Male,Other,Summer,Yes
dog,3,Spayed,ill moderatete,Summer,No
Other,5,Unknown,normal,Winter,No
cat,0,Female,under age/weight,Winter,No
dog,4,Male,normal,Spring,No
cat,3,Neutered,ill moderatete,Summer,No
cat,3,Spayed,ill mild,Summer,Yes
cat,17,Male,injured  severe,Fall,No
cat,8,Male,normal,Winter,No
cat,7,Female,normal,Fall,No
cat,7,Neutered,normal,Fall,Yes
Other,3,Male,normal,Fall,No
bird,2,Unknown,injured  moderate,Fall,No
wild,5,Unknown,injured  moderate,Spring,No
dog,1,Female,under age/weight,Winter,No
wild,5,Unknown,injured  moderate,Spring,No
cat,6,Female,normal,Fall,No
cat,6,Male,under age/weight,Summer,No
dog,7,Spayed,normal,Winter,No
cat,8,Spayed,normal,Fall,No
cat,2,Neutered,normal,Fall,No
cat,5,Male,under age/weight,Summer,No
cat,2,Male,normal,Fall,No
dog,1,Neutered,normal,Winter,Yes
other,4,Unknown,under age/weight,Fall,No
dog,10,Male,normal,Winter,No
cat,1,Male,ill moderatete,Fall,No
Other,4,Female,normal,Fall,Yes
cat,1,Male,normal,Fall,No
cat,1,Female,normal,Winter,No
cat,0,Neutered,ill moderatete,Winter,Yes
dog,8,Male,injured  mild,Fall,No
dog,2,Male,normal,Fall,No
dog,4,Neutered,normal,Summer,Yes
other,1,Unknown,ill severe,Summer,No
dog,7,Spayed,injured  mild,Spring,Yes
dog,9,Male,normal,Summer,No
cat,7,Neutered,normal,Winter,Yes
dog,10,Spayed,ill mild,Fall,Yes
cat,3,Female,normal,Spring,No
cat,3,Male,normal,Spring,No
cat,12,Neutered,feral,Spring,No
dog,7,Neutered,normal,Spring,No
cat,4,Neutered,normal,Fall,No
cat,3,Spayed,normal,Winter,Yes
dog,4,Male,injured  severe,Winter,No
cat,3,Male,normal,Spring,No
dog,3,Unknown,ill severe,Fall,No
dog,3,Unknown,ill severe,Fall,No
dog,3,Female,ill severe,Fall,No
cat,3,Unknown,under age/weight,Spring,No
cat,6,Male,injured  severe,Winter,No
dog,8,Male,normal,Spring,No
dog,6,Female,normal,Fall,No
dog,8,Male,normal,Winter,No
cat,3,Spayed,normal,Spring,Yes
cat,0,Female,injured  severe,Fall,No
dog,7,Female,normal,Summer,No
cat,7,Male,normal,Summer,No
dog,5,Neutered,normal,Spring,No
dog,10,Female,ill mild,Summer,No
cat,5,Female,under age/weight,Fall,No
cat,5,Female,under age/weight,Fall,No
dog,5,Neutered,normal,Fall,Yes
cat,7,Unknown,ill severe,Spring,No
bird,3,Unknown,ill severe,Fall,No
dog,8,Female,normal,Winter,No
dog,6,Neutered,normal,Spring,Yes
bird,6,Unknown,ill severe,Summer,No
cat,8,Spayed,fractious,Fall,No
dog,1,Male,normal,Fall,No
dog,5,Female,normal,Spring,No
cat,6,Female,normal,Winter,No
dog,5,Male,normal,Spring,No
cat,6,Female,normal,Winter,No
cat,6,Neutered,normal,Fall,Yes
rabbit,4,Neutered,normal,Spring,No
dog,18,Female,ill moderatete,Winter,No
dog,7,Female,normal,Summer,No
cat,6,Spayed,normal,Fall,Yes
dog,1,Neutered,normal,Fall,Yes
cat,0,Neutered,under age/weight,Summer,No
cat,4,Unknown,under age/weight,Winter,No
dog,4,Female,normal,Fall,No
dog,9,Spayed,normal,Summer,No
cat,12,Neutered,normal,Spring,No
cat,0,Spayed,normal,Summer,Yes
cat,0,Spayed,normal,Summer,Yes
dog,0,Neutered,normal,Winter,Yes
dog,7,Neutered,normal,Spring,Yes
cat,4,Spayed,normal,Winter,No
dog,4,Neutered,normal,Summer,Yes
dog,13,Male,normal,Summer,No
dog,5,Spayed,normal,Winter,Yes
cat,2,Spayed,normal,Fall,Yes
cat,2,Neutered,normal,Fall,Yes
dog,3,Female,normal,Spring,No
rabbit,11,Unknown,normal,Winter,Yes
dog,2,Male,injured  moderate,Winter,No
cat,16,Spayed,normal,Winter,Yes
other,7,Unknown,under age/weight,Spring,No
cat,16,Spayed,normal,Summer,No
dog,3,Neutered,normal,Winter,Yes
dog,12,Male,normal,Winter,No
cat,12,Female,feral,Spring,No
dog,10,Spayed,normal,Winter,No
cat,5,Spayed,normal,Fall,No
dog,8,Male,normal,Fall,No
cat,8,Spayed,fractious,Fall,No
dog,5,Neutered,ill mild,Fall,Yes
cat,7,Female,normal,Fall,No
dog,5,Neutered,normal,Summer,Yes
cat,7,Male,normal,Fall,No
dog,2,Male,normal,Winter,No
bird,7,Unknown,under age/weight,Spring,No
dog,16,Neutered,normal,Summer,No
cat,6,Spayed,fractious,Fall,No
dog,13,Spayed,normal,Winter,No
cat,6,Spayed,fractious,Summer,No
cat,15,Neutered,ill mild,Fall,No
cat,4,Neutered,ill mild,Spring,No
dog,10,Neutered,behavior  mild,Fall,Yes
dog,7,Male,normal,Spring,No
dog,16,Male,normal,Fall,No
dog,11,Spayed,normal,Spring,No
cat,7,Female,injured  severe,Fall,No
dog,6,Neutered,normal,Summer,Yes
cat,7,Male,normal,Summer,No
Other,2,Female,normal,Winter,No
cat,7,Spayed,normal,Fall,No
dog,11,Neutered,normal,Fall,No
cat,5,Male,ill mild,Spring,No
cat,5,Neutered,normal,Spring,No
cat,6,Male,under age/weight,Spring,No
cat,6,Male,under age/weight,Spring,No
cat,5,Male,ill mild,Spring,No
cat,5,Male,ill mild,Spring,No
cat,4,Spayed,normal,Summer,Yes
bird,3,Unknown,under age/weight,Fall,No
bird,3,Unknown,normal,Spring,No
other,1,Unknown,under age/weight,Spring,No
cat,4,Spayed,normal,Spring,Yes
cat,8,Neutered,fractious,Spring,No
wild,0,Male,under age/weight,Spring,No
other,6,Unknown,under age/weight,Spring,No
dog,8,Spayed,normal,Spring,Yes
other,6,Unknown,under age/weight,Spring,No
dog,12,Neutered,normal,Spring,No
dog,4,Neutered,normal,Spring,No
dog,1,Neutered,normal,Winter,Yes
dog,6,Male,behavior  mild,Fall,No
cat,3,Male,under age/weight,Spring,No
cat,0,Neutered,under age/weight,Spring,Yes
cat,6,Male,injured  moderate,Winter,No
dog,7,Spayed,normal,Fall,No
cat,6,Male,normal,Summer,No
dog,4,Neutered,injured  mild,Summer,Yes
cat,4,Female,normal,Fall,No
dog,5,Spayed,normal,Fall,Yes
dog,16,Spayed,ill moderatete,Summer,No
Other,6,Male,normal,Spring,No
wild,4,Unknown,under age/weight,Spring,No
wild,4,Unknown,under age/weight,Spring,No
Other,6,Male,normal,Spring,No
dog,8,Female,normal,Summer,No
wild,2,Unknown,ill moderatete,Spring,No
dog,6,Female,normal,Spring,No
dog,2,Spayed,normal,Summer,Yes
dog,5,Male,normal,Winter,No
cat,5,Unknown,under age/weight,Spring,No
cat,6,Male,under age/weight,Spring,No
dog,5,Spayed,injured  mild,Summer,Yes
dog,8,Male,normal,Spring,No
dog,1,Spayed,normal,Fall,Yes
dog,13,Neutered,Other,Fall,No
wild,8,Unknown,under age/weight,Spring,No
cat,6,Spayed,normal,Fall,Yes
cat,5,Female,normal,Summer,No
dog,7,Spayed,normal,Winter,No
cat,0,Neutered,under age/weight,Fall,Yes
cat,8,Spayed,fractious,Fall,No
dog,2,Neutered,normal,Summer,Yes
cat,8,Spayed,normal,Fall,No
dog,3,Male,normal,Summer,Yes
cat,6,Male,under age/weight,Summer,No
cat,6,Male,under age/weight,Summer,No
cat,0,Spayed,injured  moderate,Fall,Yes
dog,14,Male,normal,Spring,No
cat,5,Spayed,normal,Winter,Yes
cat,6,Spayed,normal,Winter,Yes
dog,14,Neutered,ill severe,Fall,No
dog,11,Neutered,normal,Spring,Yes
cat,8,Male,normal,Summer,Yes
dog,3,Female,behavior  moderate,Spring,No
dog,1,Neutered,i/i report,Spring,Yes
dog,1,Female,normal,Summer,No
dog,3,Neutered,normal,Spring,Yes
dog,17,Neutered,injured  mild,Fall,No
dog,1,Neutered,normal,Spring,Yes
cat,1,Spayed,under age/weight,Fall,Yes
other,4,Unknown,under age/weight,Summer,No
dog,8,Female,normal,Spring,No
cat,1,Male,normal,Spring,No
cat,6,Male,under age/weight,Spring,No
cat,6,Male,under age/weight,Spring,No
dog,17,Female,normal,Summer,No
cat,10,Neutered,normal,Spring,No
cat,7,Male,under age/weight,Summer,No
other,4,Unknown,ill moderatete,Spring,No
cat,7,Male,normal,Summer,No
other,6,Male,normal,Winter,No
cat,8,Female,normal,Winter,No
cat,4,Spayed,normal,Summer,Yes
wild,4,Unknown,ill severe,Fall,No
dog,7,Male,normal,Spring,No
dog,13,Spayed,normal,Winter,No
dog,10,Spayed,normal,Summer,No
dog,22,Neutered,injured  mild,Spring,No
dog,10,Male,normal,Fall,No
cat,4,Spayed,normal,Fall,Yes
cat,4,Neutered,normal,Fall,Yes
dog,11,Female,normal,Winter,No
cat,9,Neutered,ill moderatete,Summer,No
bird,3,Unknown,injured  moderate,Summer,No
dog,13,Male,normal,Summer,Yes
dog,4,Neutered,normal,Spring,Yes
cat,11,Neutered,fractious,Spring,No
dog,7,Male,normal,Fall,No
wild,1,Unknown,under age/weight,Winter,No
bird,7,Unknown,injured  severe,Summer,No
wild,1,Unknown,under age/weight,Winter,No
dog,11,Male,ill mild,Summer,No
cat,7,Male,normal,Summer,Yes
cat,8,Spayed,normal,Spring,Yes
other,1,Male,under age/weight,Summer,No
dog,10,Male,normal,Fall,No
dog,7,Female,normal,Fall,No
cat,6,Neutered,ill moderatete,Spring,No
cat,19,Male,ill severe,Summer,No
other,6,Unknown,under age/weight,Spring,No
cat,1,Male,injured  mild,Fall,No
dog,1,Spayed,under age/weight,Spring,Yes
dog,15,Male,ill severe,Fall,No
cat,1,Spayed,ill mild,Fall,No
wild,5,Male,injured  severe,Winter,No
cat,1,Male,i/i report,Summer,No
dog,2,Male,normal,Summer,No
bird,8,Unknown,injured  moderate,Spring,No
dog,12,Spayed,normal,Summer,No
dog,2,Spayed,normal,Winter,Yes
dog,6,Neutered,normal,Fall,No
cat,1,Male,normal,Summer,No
dog,6,Female,normal,Winter,No
dog,8,Neutered,normal,Winter,No
cat,16,Female,ill moderatete,Winter,No
cat,8,Spayed,feral,Fall,No
dog,2,Neutered,normal,Fall,Yes
cat,5,Unknown,under age/weight,Summer,No
cat,5,Female,under age/weight,Summer,No
dog,9,Neutered,behavior  moderate,Fall,Yes
dog,3,Male,normal,Fall,Yes
dog,10,Neutered,injured  severe,Fall,No
other,7,Unknown,normal,Summer,No
cat,2,Spayed,normal,Winter,No
cat,6,Male,normal,Summer,No
cat,4,Spayed,normal,Spring,Yes
dog,5,Male,normal,Winter,Yes
cat,6,Male,normal,Spring,No
dog,8,Male,normal,Winter,No
dog,12,Female,normal,Summer,Yes
dog,13,Female,normal,Spring,Yes
cat,6,Female,normal,Fall,No
cat,1,Male,ill mild,Summer,No
cat,6,Female,under age/weight,Spring,No
cat,6,Female,under age/weight,Spring,No
dog,5,Female,normal,Winter,Yes
wild,5,Unknown,normal,Fall,No
dog,3,Female,normal,Fall,No
cat,6,Neutered,normal,Fall,No
cat,6,Unknown,normal,Summer,No
dog,8,Female,normal,Winter,No
dog,15,Neutered,normal,Summer,No
dog,4,Male,normal,Winter,No
cat,3,Spayed,under age/weight,Winter,Yes
cat,19,Female,normal,Summer,Yes
dog,3,Neutered,normal,Fall,Yes
cat,2,Neutered,normal,Fall,Yes
cat,7,Unknown,under age/weight,Summer,No
cat,10,Spayed,normal,Summer,Yes
cat,7,Unknown,under age/weight,Summer,No
wild,9,Unknown,ill severe,Winter,No
cat,3,Male,normal,Spring,Yes
cat,2,Neutered,normal,Summer,Yes
cat,0,Neutered,ill mild,Summer,Yes
cat,14,Unknown,ill severe,Summer,No
dog,0,Female,ill moderatete,Winter,No
dog,1,Neutered,ill mild,Fall,Yes
bird,2,Female,injured  moderate,Summer,No
other,2,Unknown,injured  severe,Winter,No
dog,3,Neutered,normal,Fall,Yes
cat,4,Male,under age/weight,Fall,No
dog,1,Neutered,normal,Winter,No
dog,2,Neutered,normal,Summer,Yes
cat,0,Neutered,under age/weight,Fall,Yes
cat,4,Male,normal,Fall,No
cat,0,Neutered,under age/weight,Fall,Yes
cat,3,Spayed,normal,Summer,Yes
cat,10,Female,normal,Summer,No
dog,1,Male,ill mild,Fall,No
cat,4,Spayed,injured  mild,Fall,Yes
dog,1,Male,ill mild,Fall,No
dog,18,Spayed,behavior  mild,Spring,No
wild,6,Unknown,under age/weight,Winter,No
rabbit,8,Neutered,normal,Winter,No
dog,10,Spayed,normal,Fall,No
cat,3,Male,normal,Fall,No
wild,6,Unknown,under age/weight,Winter,No
dog,7,Female,normal,Winter,No
cat,5,Female,under age/weight,Summer,No
cat,5,Female,under age/weight,Summer,No
dog,5,Neutered,normal,Fall,Yes
dog,7,Female,normal,Fall,No
dog,4,Neutered,normal,Spring,Yes
dog,3,Male,normal,Summer,Yes
dog,8,Spayed,normal,Fall,Yes
cat,0,Male,under age/weight,Summer,No
dog,12,Male,normal,Fall,No
cat,8,Spayed,normal,Spring,No
dog,7,Spayed,normal,Fall,No
cat,5,Female,under age/weight,Summer,No
dog,10,Male,normal,Fall,No
cat,5,Male,under age/weight,Summer,No
cat,5,Male,under age/weight,Summer,No
cat,5,Male,under age/weight,Summer,No
dog,9,Neutered,normal,Winter,Yes
cat,5,Female,under age/weight,Fall,No
dog,4,Male,ill severe,Fall,No
cat,3,Female,under age/weight,Summer,No
cat,3,Female,under age/weight,Winter,No
cat,5,Male,normal,Fall,No
dog,5,Spayed,normal,Summer,Yes
dog,13,Male,injured  moderate,Fall,No
dog,8,Male,normal,Spring,No
cat,4,Female,under age/weight,Summer,No
cat,4,Spayed,normal,Fall,Yes
dog,4,Spayed,normal,Fall,Yes
dog,4,Male,behavior  severe,Spring,No
dog,7,Neutered,normal,Summer,No
cat,12,Neutered,normal,Fall,No
cat,0,Spayed,under age/weight,Fall,No
cat,5,Unknown,under age/weight,Spring,No
cat,0,Neutered,under age/weight,Fall,No
other,2,Unknown,ill mild,Summer,No
dog,1,Spayed,normal,Spring,Yes
dog,15,Neutered,normal,Winter,No
cat,5,Neutered,under age/weight,Fall,Yes
wild,7,Unknown,ill severe,Fall,No
cat,5,Neutered,under age/weight,Fall,Yes
dog,2,Male,normal,Summer,No
cat,2,Male,under age/weight,Spring,Yes
cat,2,Neutered,under age/weight,Spring,No
dog,2,Spayed,normal,Fall,Yes
other,2,Unknown,ill severe,Spring,No
cat,3,Neutered,ill moderatete,Summer,No
other,2,Unknown,ill severe,Spring,No
cat,7,Male,normal,Fall,Yes
cat,10,Spayed,normal,Summer,No
dog,9,Male,normal,Spring,No
cat,3,Neutered,normal,Spring,No
cat,7,Female,normal,Fall,No
bird,0,Unknown,under age/weight,Summer,No
cat,4,Female,normal,Spring,No
bird,0,Unknown,under age/weight,Summer,No
dog,3,Neutered,normal,Winter,Yes
dog,6,Female,normal,Summer,No
dog,9,Neutered,normal,Summer,Yes
other,9,Unknown,ill moderatete,Spring,No
dog,7,Female,normal,Fall,No
dog,11,Neutered,normal,Fall,No
dog,8,Male,normal,Winter,No
dog,3,Female,normal,Winter,No
dog,9,Neutered,injured  mild,Spring,Yes
dog,3,Male,normal,Winter,No
dog,7,Male,normal,Winter,No
cat,4,Female,injured  severe,Winter,No
cat,2,Female,normal,Spring,No
dog,8,Female,normal,Winter,No
wild,2,Male,injured  severe,Fall,No
dog,8,Spayed,normal,Winter,Yes
dog,19,Male,normal,Winter,No
cat,6,Unknown,under age/weight,Winter,No
cat,6,Female,under age/weight,Winter,No
bird,4,Unknown,ill mild,Spring,No
cat,7,Male,under age/weight,Fall,No
cat,1,Male,under age/weight,Fall,No
cat,1,Female,ill moderatete,Summer,No
cat,7,Female,normal,Fall,No
cat,1,Unknown,under age/weight,Summer,No
cat,0,Neutered,under age/weight,Summer,Yes
dog,6,Male,normal,Winter,No
dog,5,Spayed,injured  moderate,Winter,No
cat,8,Spayed,normal,Spring,No
dog,5,Unknown,under age/weight,Spring,No
dog,14,Male,normal,Summer,Yes
cat,0,Male,under age/weight,Fall,No
bird,5,Male,injured  severe,Winter,No
dog,17,Male,normal,Summer,No
dog,12,Male,normal,Winter,No
cat,1,Neutered,normal,Summer,No
dog,13,Spayed,normal,Summer,No
dog,1,Male,normal,Summer,No
bird,4,Unknown,injured  severe,Winter,No
cat,0,Spayed,under age/weight,Fall,Yes
cat,2,Male,normal,Summer,Yes
cat,0,Spayed,under age/weight,Fall,Yes
bird,8,Unknown,injured  severe,Summer,No
cat,1,Spayed,normal,Spring,No
cat,7,Unknown,under age/weight,Spring,No
dog,9,Male,normal,Fall,No
dog,13,Female,Other,Fall,No
cat,7,Spayed,normal,Winter,Yes
cat,0,Spayed,normal,Fall,Yes
bird,6,Unknown,ill severe,Fall,No
cat,0,Neutered,normal,Fall,Yes
cat,4,Spayed,normal,Summer,Yes
cat,12,Unknown,ill moderatete,Spring,No
cat,6,Female,injured  severe,Winter,No
dog,2,Female,injured  severe,Summer,Yes
cat,2,Spayed,ill mild,Winter,Yes
cat,0,Male,injured  mild,Fall,No
cat,6,Unknown,injured  severe,Summer,No
cat,2,Female,normal,Summer,No
cat,6,Female,under age/weight,Summer,No
cat,7,Female,under age/weight,Summer,No
other,2,Female,under age/weight,Summer,No
rabbit,3,Spayed,normal,Spring,No
other,2,Unknown,under age/weight,Spring,No
other,2,Female,under age/weight,Summer,No
cat,4,Neutered,fractious,Winter,Yes
dog,1,Spayed,injured  moderate,Fall,Yes
dog,8,Male,ill severe,Winter,No
bird,6,Unknown,under age/weight,Summer,No
cat,3,Spayed,injured  severe,Summer,Yes
cat,7,Female,ill moderatete,Winter,No
other,2,Female,under age/weight,Summer,No
cat,15,Spayed,normal,Spring,No
other,2,Female,under age/weight,Summer,No
dog,8,Neutered,normal,Winter,Yes
bird,6,Unknown,under age/weight,Summer,No
cat,0,Neutered,under age/weight,Fall,Yes
dog,8,Neutered,behavior  severe,Spring,No
cat,5,Female,normal,Summer,No
cat,11,Unknown,injured  severe,Winter,No
bird,6,Unknown,injured  severe,Fall,No
cat,0,Spayed,injured  moderate,Winter,No
dog,4,Male,normal,Winter,No
dog,1,Neutered,normal,Fall,Yes
cat,7,Male,normal,Summer,Yes
wild,5,Unknown,injured  severe,Summer,No
dog,12,Neutered,normal,Winter,No
bird,1,Unknown,normal,Spring,No
dog,4,Male,i/i report,Summer,No
dog,9,Male,normal,Spring,No
cat,14,Neutered,ill severe,Spring,No
bird,6,Unknown,injured  moderate,Spring,No
cat,6,Neutered,normal,Spring,No
dog,2,Spayed,normal,Spring,Yes
dog,9,Spayed,normal,Winter,Yes
cat,1,Spayed,ill mild,Fall,No
wild,9,Unknown,injured  moderate,Spring,No
cat,12,Neutered,fractious,Winter,No
cat,10,Male,ill severe,Summer,No
cat,1,Spayed,injured  mild,Winter,Yes
cat,0,Neutered,normal,Fall,Yes
dog,7,Male,normal,Summer,No
cat,2,Female,under age/weight,Winter,No
Other,6,Unknown,normal,Summer,No
cat,4,Female,normal,Winter,No
rabbit,5,Spayed,normal,Winter,No
cat,1,Spayed,normal,Summer,Yes
dog,4,Female,normal,Fall,No
dog,2,Male,normal,Fall,No
cat,8,Spayed,normal,Summer,No
cat,6,Female,normal,Winter,Yes
dog,11,Male,ill mild,Winter,Yes
cat,6,Female,normal,Winter,Yes
cat,15,Neutered,normal,Fall,No
cat,8,Neutered,feral,Summer,No
cat,1,Male,under age/weight,Summer,No
cat,10,Female,normal,Winter,No
dog,6,Neutered,i/i report,Fall,Yes
dog,1,Male,injured  severe,Fall,No
Other,8,Unknown,normal,Summer,No
dog,4,Neutered,injured  moderate,Fall,Yes
dog,7,Neutered,injured  severe,Fall,Yes
dog,10,Female,normal,Summer,No
cat,6,Male,injured  severe,Summer,No
dog,10,Neutered,injured  mild,Summer,No
cat,7,Male,ill severe,Summer,No
dog,8,Male,normal,Fall,No
bird,7,Unknown,injured  moderate,Summer,No
dog,5,Neutered,normal,Spring,Yes
dog,4,Neutered,normal,Spring,Yes
dog,13,Female,injured  severe,Summer,No
dog,8,Neutered,normal,Fall,Yes
wild,1,Female,under age/weight,Summer,No
dog,12,Spayed,normal,Summer,No
wild,1,Male,under age/weight,Summer,No
cat,5,Female,under age/weight,Summer,No
cat,5,Spayed,under age/weight,Winter,Yes
other,7,Unknown,Other,Summer,No
cat,5,Female,under age/weight,Summer,No
cat,8,Spayed,fractious,Fall,No
cat,6,Spayed,normal,Winter,No
dog,12,Neutered,ill mild,Fall,Yes
cat,6,Female,fractious,Winter,No
wild,9,Unknown,injured  severe,Winter,No
cat,1,Spayed,normal,Fall,Yes
cat,2,Male,ill moderatete,Fall,Yes
cat,1,Spayed,normal,Fall,Yes
other,5,Unknown,normal,Spring,No
cat,1,Neutered,normal,Fall,Yes
dog,3,Spayed,normal,Winter,Yes
cat,6,Male,under age/weight,Summer,No
cat,5,Male,under age/weight,Summer,Yes
cat,7,Male,under age/weight,Summer,No
cat,11,Neutered,fractious,Winter,No
dog,2,Spayed,normal,Summer,No
wild,5,Unknown,ill severe,Spring,No
cat,0,Unknown,under age/weight,Summer,No
cat,0,Unknown,under age/weight,Summer,No
cat,1,Spayed,injured  mild,Winter,Yes
cat,0,Male,under age/weight,Summer,No
rabbit,7,Neutered,normal,Summer,No
cat,0,Male,under age/weight,Summer,No
dog,5,Male,normal,Winter,No
dog,9,Male,normal,Winter,No
dog,13,Neutered,normal,Summer,No
dog,8,Male,normal,Fall,Yes
dog,13,Neutered,Other,Summer,No
cat,2,Female,injured  moderate,Summer,No
dog,14,Spayed,injured  mild,Fall,No
cat,0,Spayed,under age/weight,Summer,No
dog,0,Female,under age/weight,Summer,No
cat,1,Spayed,ill mild,Fall,No
cat,1,Spayed,normal,Spring,Yes
wild,5,Unknown,injured  severe,Spring,No
cat,13,Neutered,ill severe,Winter,Yes
cat,7,Spayed,feral,Summer,No
cat,8,Spayed,injured  severe,Winter,No
cat,8,Neutered,feral,Summer,No
dog,5,Spayed,normal,Fall,Yes
cat,10,Spayed,fractious,Fall,No
cat,7,Neutered,feral,Summer,No
other,7,Unknown,under age/weight,Summer,No
other,7,Unknown,under age/weight,Summer,No
other,7,Unknown,under age/weight,Summer,No
cat,2,Male,normal,Summer,Yes
cat,2,Female,normal,Summer,Yes
cat,5,Spayed,normal,Winter,No
cat,8,Neutered,injured  moderate,Summer,No
dog,1,Spayed,normal,Summer,Yes
cat,3,Neutered,normal,Fall,Yes
dog,16,Male,ill mild,Spring,No
dog,6,Male,normal,Summer,Yes
cat,12,Male,ill severe,Summer,No
cat,3,Neutered,normal,Fall,Yes
cat,1,Neutered,injured  moderate,Summer,Yes
dog,8,Male,normal,Spring,No
other,1,Unknown,injured  severe,Summer,No
other,6,Unknown,under age/weight,Summer,No
cat,13,Neutered,feral,Winter,No
wild,6,Unknown,under age/weight,Summer,No
cat,11,Neutered,normal,Winter,No
dog,16,Spayed,normal,Spring,Yes
cat,6,Spayed,normal,Spring,No
cat,0,Male,under age/weight,Spring,No
cat,6,Spayed,normal,Spring,No
cat,2,Male,under age/weight,Summer,Yes
cat,12,Unknown,feral,Summer,No
bird,2,Unknown,ill severe,Fall,No
dog,0,Spayed,normal,Fall,Yes
bird,1,Unknown,under age/weight,Spring,No
dog,12,Female,behavior  moderate,Winter,No
dog,8,Female,normal,Spring,No
dog,3,Spayed,normal,Summer,Yes
dog,13,Male,normal,Summer,No
dog,7,Male,injured  mild,Winter,No
bird,5,Unknown,ill mild,Summer,No
dog,16,Neutered,normal,Fall,No
cat,6,Female,normal,Spring,No
dog,8,Female,injured  severe,Winter,No
bird,7,Unknown,under age/weight,Spring,No
dog,3,Female,normal,Winter,No
cat,1,Unknown,injured  severe,Spring,No
bird,5,Unknown,injured  severe,Spring,No
cat,10,Neutered,injured  mild,Summer,No
cat,5,Female,normal,Fall,No
other,1,Unknown,injured  mild,Summer,No
cat,8,Spayed,ill mild,Summer,No
cat,6,Neutered,normal,Winter,No
dog,2,Spayed,i/i report,Winter,Yes
bird,1,Unknown,under age/weight,Spring,No
dog,2,Spayed,normal,Spring,Yes
cat,4,Neutered,injured  severe,Spring,Yes
cat,2,Female,injured  severe,Fall,No
cat,11,Female,normal,Winter,No
cat,6,Unknown,ill severe,Fall,No
cat,3,Male,under age/weight,Spring,No
cat,11,Male,ill severe,Spring,No
dog,2,Neutered,normal,Summer,Yes
cat,0,Female,ill moderatete,Summer,No
rabbit,3,Neutered,normal,Spring,Yes
dog,10,Female,normal,Fall,No
dog,6,Male,normal,Winter,No
dog,5,Male,normal,Summer,No
cat,6,Female,normal,Summer,No
dog,2,Neutered,normal,Summer,No
dog,17,Neutered,normal,Summer,No
cat,6,Spayed,ill mild,Fall,Yes
dog,4,Spayed,normal,Spring,Yes
dog,10,Male,normal,Fall,No
cat,0,Female,ill moderatete,Fall,No
cat,1,Male,under age/weight,Summer,No
dog,6,Female,normal,Spring,No
cat,13,Spayed,normal,Winter,Yes
cat,3,Female,normal,Spring,No
dog,6,Spayed,normal,Spring,No
cat,8,Spayed,normal,Spring,No
dog,8,Male,normal,Summer,No
dog,9,Neutered,normal,Fall,No
dog,4,Spayed,normal,Fall,Yes
dog,5,Neutered,normal,Winter,Yes
cat,13,Male,ill severe,Fall,No
dog,10,Neutered,normal,Fall,No
cat,0,Male,under age/weight,Fall,No
cat,21,Female,ill moderatete,Fall,No
cat,4,Male,under age/weight,Winter,No
cat,5,Female,under age/weight,Spring,No
cat,10,Neutered,normal,Summer,Yes
cat,13,Spayed,normal,Winter,No
cat,0,Neutered,ill mild,Fall,Yes
dog,11,Female,normal,Winter,No
dog,2,Spayed,normal,Summer,No
cat,10,Female,normal,Fall,No
cat,10,Spayed,normal,Fall,Yes
dog,4,Male,behavior  moderate,Winter,No
cat,2,Female,injured  severe,Winter,No
dog,3,Male,normal,Winter,No
dog,12,Neutered,normal,Summer,No
dog,11,Spayed,injured  mild,Fall,No
dog,12,Female,normal,Summer,No
Other,6,Unknown,normal,Spring,No
bird,8,Unknown,injured  severe,Spring,No
dog,11,Spayed,normal,Winter,No
cat,4,Neutered,normal,Fall,Yes
dog,9,Neutered,normal,Summer,No
cat,1,Neutered,under age/weight,Winter,Yes
cat,8,Female,normal,Spring,No
cat,5,Neutered,normal,Fall,No
cat,11,Neutered,i/i report,Winter,No
cat,4,Female,under age/weight,Fall,No
cat,4,Male,under age/weight,Fall,No
bird,9,Unknown,normal,Winter,No
cat,1,Male,under age/weight,Winter,No
dog,14,Neutered,injured  mild,Winter,No
other,2,Unknown,under age/weight,Summer,No
dog,12,Neutered,normal,Spring,No
dog,9,Spayed,Other,Winter,No
cat,3,Spayed,normal,Fall,Yes
cat,2,Male,ill severe,Spring,No
dog,18,Female,normal,Summer,No
dog,3,Male,Other,Spring,No
cat,7,Spayed,injured  mild,Winter,No
cat,9,Female,normal,Spring,No
cat,7,Neutered,fractious,Fall,Yes
dog,8,Female,normal,Fall,No
dog,7,Spayed,normal,Winter,Yes
cat,2,Male,normal,Winter,Yes
cat,3,Neutered,normal,Summer,Yes
cat,7,Male,under age/weight,Spring,No
cat,6,Male,normal,Winter,No
dog,9,Female,normal,Spring,No
cat,12,Neutered,normal,Fall,Yes
dog,12,Male,normal,Spring,No
dog,15,Neutered,normal,Spring,No
dog,15,Male,normal,Spring,No
dog,12,Female,ill mild,Winter,No
cat,6,Neutered,injured  moderate,Spring,No
cat,0,Spayed,ill severe,Summer,Yes
cat,8,Spayed,normal,Winter,Yes
cat,0,Spayed,ill severe,Summer,Yes
cat,2,Neutered,injured  mild,Summer,No
cat,2,Female,injured  severe,Winter,No
cat,5,Male,under age/weight,Fall,No
cat,6,Neutered,fractious,Summer,No
dog,10,Female,normal,Fall,No
bird,2,Unknown,injured  moderate,Fall,No
cat,2,Unknown,ill moderatete,Summer,No
dog,17,Female,normal,Spring,No
dog,12,Neutered,normal,Fall,No
wild,7,Unknown,under age/weight,Summer,No
cat,8,Unknown,injured  severe,Winter,No
dog,6,Male,injured  mild,Summer,Yes
dog,13,Spayed,normal,Spring,No
cat,4,Male,normal,Summer,No
cat,1,Spayed,ill moderatete,Winter,Yes
cat,7,Female,normal,Summer,No
rabbit,6,Female,normal,Summer,Yes
dog,9,Spayed,normal,Fall,No
cat,6,Neutered,normal,Spring,No
cat,0,Male,under age/weight,Fall,No
dog,6,Spayed,normal,Winter,Yes
cat,3,Male,ill severe,Winter,No
cat,6,Spayed,normal,Winter,Yes
other,6,Unknown,under age/weight,Summer,No
cat,10,Neutered,injured  mild,Winter,Yes
dog,7,Spayed,normal,Summer,No
cat,12,Neutered,ill mild,Spring,No
dog,9,Male,normal,Fall,No
wild,3,Unknown,injured  moderate,Fall,No
Other,1,Unknown,normal,Fall,Yes
other,6,Unknown,injured  severe,Spring,No
cat,1,Neutered,ill moderatete,Winter,Yes
cat,1,Neutered,ill moderatete,Winter,Yes
cat,2,Spayed,normal,Winter,Yes
dog,4,Female,normal,Spring,No
cat,1,Neutered,normal,Winter,No
wild,7,Unknown,injured  severe,Fall,No
cat,0,Neutered,ill moderatete,Winter,Yes
dog,8,Male,under age/weight,Fall,No
cat,0,Spayed,ill moderatete,Winter,Yes
cat,2,Male,under age/weight,Summer,No
dog,17,Female,normal,Summer,No
cat,5,Spayed,normal,Summer,Yes
dog,7,Male,normal,Spring,Yes
cat,10,Male,ill moderatete,Fall,No
cat,7,Female,normal,Summer,Yes
dog,7,Spayed,normal,Summer,Yes
cat,9,Neutered,normal,Summer,No
cat,10,Female,normal,Fall,No
dog,9,Male,normal,Spring,No
cat,5,Spayed,normal,Summer,Yes
cat,3,Neutered,normal,Spring,Yes
rabbit,4,Neutered,normal,Fall,No
cat,5,Spayed,normal,Spring,No
dog,8,Female,normal,Summer,No
dog,9,Spayed,injured  severe,Fall,Yes
bird,7,Unknown,under age/weight,Spring,No
dog,4,Neutered,normal,Spring,Yes
dog,2,Neutered,injured  moderate,Fall,Yes
rabbit,2,Neutered,normal,Spring,No
cat,7,Unknown,under age/weight,Fall,No
cat,3,Female,i/i report,Summer,Yes
cat,1,Spayed,i/i report,Summer,Yes
cat,5,Unknown,under age/weight,Spring,No
cat,9,Spayed,fractious,Summer,No
cat,5,Unknown,under age/weight,Summer,No
cat,5,Unknown,under age/weight,Summer,No
cat,2,Female,under age/weight,Summer,No
cat,5,Spayed,normal,Winter,Yes
cat,2,Male,under age/weight,Summer,No
cat,3,Male,injured  severe,Summer,No
dog,19,Female,normal,Fall,No
dog,3,Neutered,normal,Fall,No
dog,3,Male,injured  severe,Spring,No
dog,8,Female,normal,Fall,No
cat,5,Neutered,normal,Winter,Yes
cat,13,Female,injured  moderate,Fall,No
cat,5,Spayed,normal,Winter,Yes
dog,10,Female,normal,Summer,Yes
rabbit,6,Spayed,normal,Spring,No
cat,6,Spayed,normal,Spring,Yes
cat,3,Female,injured  moderate,Summer,No
dog,12,Male,injured  moderate,Spring,No
cat,2,Male,under age/weight,Summer,No
cat,4,Neutered,ill moderatete,Spring,No
bird,1,Unknown,injured  severe,Summer,No
cat,0,Male,under age/weight,Fall,No
cat,0,Spayed,under age/weight,Summer,No
other,3,Male,normal,Fall,Yes
cat,5,Spayed,normal,Fall,Yes
dog,14,Neutered,injured  mild,Winter,No
cat,5,Spayed,normal,Fall,Yes
dog,17,Neutered,ill severe,Summer,No
dog,11,Male,normal,Fall,No
dog,3,Female,normal,Winter,No
dog,7,Spayed,injured  severe,Summer,Yes
dog,3,Female,normal,Winter,No
cat,13,Spayed,ill severe,Fall,No
dog,0,Male,ill moderatete,Fall,No
dog,10,Female,injured  mild,Spring,No
dog,4,Male,normal,Fall,No
dog,13,Female,normal,Winter,No
cat,0,Spayed,under age/weight,Fall,Yes
cat,6,Female,normal,Spring,No
cat,2,Male,under age/weight,Winter,Yes
cat,2,Male,ill mild,Summer,No
dog,7,Male,behavior  severe,Summer,No
cat,1,Male,under age/weight,Fall,Yes
cat,1,Neutered,injured  severe,Winter,Yes
bird,6,Unknown,injured  severe,Summer,No
dog,5,Spayed,normal,Winter,Yes
dog,6,Neutered,normal,Summer,Yes
bird,1,Unknown,injured  severe,Summer,No
cat,3,Male,ill moderatete,Spring,No
other,5,Unknown,injured  moderate,Fall,No
dog,3,Male,normal,Spring,Yes
other,11,Unknown,ill severe,Fall,No
dog,7,Male,normal,Winter,No
cat,11,Spayed,normal,Winter,Yes
cat,7,Female,normal,Summer,No
rabbit,9,Neutered,normal,Spring,No
cat,14,Neutered,ill mild,Fall,Yes
dog,8,Neutered,normal,Winter,No
other,3,Unknown,under age/weight,Fall,No
other,3,Unknown,under age/weight,Fall,No
dog,6,Female,normal,Spring,No
dog,7,Male,normal,Fall,No
cat,11,Female,normal,Fall,No
dog,4,Male,normal,Spring,No
dog,1,Female,normal,Spring,No
dog,13,Neutered,normal,Winter,No
cat,2,Female,normal,Spring,No
cat,1,Female,under age/weight,Spring,No
cat,10,Spayed,feral,Spring,No
cat,6,Male,under age/weight,Spring,No
cat,6,Male,normal,Spring,No
cat,7,Male,under age/weight,Summer,No
dog,2,Spayed,injured  mild,Fall,Yes
dog,21,Male,Other,Winter,No
cat,4,Male,normal,Spring,No
dog,12,Spayed,normal,Spring,No
cat,12,Neutered,normal,Spring,No
cat,6,Unknown,normal,Fall,No
dog,6,Male,normal,Winter,Yes
cat,6,Unknown,normal,Fall,No
cat,9,Neutered,normal,Spring,No
cat,7,Male,normal,Fall,No
cat,7,Neutered,injured  severe,Spring,No
cat,7,Spayed,fractious,Spring,No
cat,7,Female,under age/weight,Summer,No
dog,4,Spayed,normal,Summer,No
dog,4,Female,under age/weight,Summer,No
dog,20,Neutered,normal,Spring,No
dog,6,Neutered,injured  mild,Winter,Yes
dog,8,Male,normal,Fall,No
dog,2,Male,normal,Fall,Yes
dog,2,Neutered,normal,Fall,Yes
cat,6,Neutered,normal,Summer,Yes
other,5,Unknown,injured  severe,Spring,No
bird,8,Unknown,injured  severe,Spring,No
cat,0,Neutered,under age/weight,Spring,Yes
Other,11,Female,normal,Spring,No
bird,2,Unknown,injured  severe,Spring,No
cat,2,Spayed,ill mild,Winter,Yes
cat,7,Female,under age/weight,Summer,No
dog,11,Neutered,normal,Spring,No
cat,5,Male,under age/weight,Fall,No
dog,9,Male,normal,Spring,No
cat,5,Female,under age/weight,Fall,No
dog,10,Neutered,injured  mild,Winter,Yes
cat,7,Unknown,under age/weight,Spring,No
cat,8,Spayed,normal,Summer,No
cat,1,Female,under age/weight,Summer,No
wild,8,Unknown,ill severe,Winter,No
cat,2,Male,under age/weight,Summer,No
cat,2,Male,under age/weight,Summer,No
cat,6,Male,under age/weight,Spring,No
dog,9,Male,ill mild,Spring,No
cat,10,Male,normal,Spring,No
dog,12,Male,ill mild,Spring,No
cat,4,Unknown,under age/weight,Summer,No
cat,6,Female,under age/weight,Spring,No
cat,8,Unknown,ill severe,Summer,No
rabbit,3,Unknown,under age/weight,Spring,No
other,1,Unknown,under age/weight,Summer,No
cat,8,Neutered,injured  severe,Summer,No
dog,7,Female,injured  severe,Fall,No
dog,1,Male,under age/weight,Fall,No
cat,3,Spayed,injured  mild,Fall,No
cat,1,Neutered,normal,Summer,No
dog,6,Neutered,injured  moderate,Winter,No
dog,6,Female,normal,Fall,No
dog,8,Spayed,injured  mild,Spring,Yes
cat,0,Female,under age/weight,Fall,No
dog,11,Spayed,normal,Winter,No
dog,3,Spayed,normal,Spring,Yes
dog,7,Male,normal,Fall,No
dog,13,Spayed,normal,Fall,No
dog,19,Neutered,injured  mild,Spring,No
dog,12,Male,Other,Summer,No
cat,1,Neutered,normal,Summer,Yes
cat,1,Neutered,normal,Summer,Yes
cat,1,Neutered,ill moderatete,Winter,Yes
dog,3,Female,normal,Fall,No
cat,2,Neutered,ill mild,Summer,No
cat,1,Unknown,under age/weight,Summer,No
cat,1,Unknown,under age/weight,Summer,No
dog,5,Male,injured  severe,Summer,No
dog,9,Female,normal,Spring,No
cat,10,Unknown,injured  severe,Fall,No
cat,6,Male,under age/weight,Spring,No
dog,11,Male,normal,Summer,No
cat,6,Female,under age/weight,Spring,No
cat,6,Unknown,under age/weight,Spring,No
cat,6,Spayed,normal,Spring,Yes
dog,11,Female,normal,Winter,No
cat,7,Male,normal,Summer,No
cat,7,Female,normal,Summer,No
cat,5,Spayed,normal,Fall,Yes
cat,7,Male,normal,Summer,No
dog,7,Spayed,injured  severe,Summer,Yes
cat,5,Neutered,normal,Fall,Yes
cat,7,Male,normal,Fall,Yes
cat,0,Neutered,under age/weight,Summer,Yes
cat,0,Neutered,under age/weight,Fall,Yes
dog,11,Spayed,normal,Winter,No
cat,1,Spayed,normal,Fall,No
dog,7,Male,normal,Summer,No
cat,0,Spayed,under age/weight,Summer,Yes
cat,4,Neutered,normal,Fall,Yes
dog,6,Male,injured  mild,Winter,No
dog,1,Male,normal,Fall,No
dog,1,Male,normal,Fall,No
dog,13,Spayed,normal,Spring,Yes
bird,5,Unknown,injured  mild,Summer,No
dog,14,Neutered,normal,Winter,No
bird,8,Unknown,normal,Spring,No
dog,11,Male,normal,Fall,No
cat,9,Spayed,normal,Winter,Yes
dog,4,Male,normal,Spring,No
dog,12,Male,normal,Fall,No
dog,13,Spayed,normal,Winter,Yes
bird,3,Unknown,injured  moderate,Fall,No
dog,15,Neutered,normal,Summer,No
dog,9,Female,normal,Winter,No
dog,14,Male,normal,Spring,No
dog,7,Male,injured  severe,Fall,No
dog,2,Female,normal,Summer,No
cat,10,Neutered,feral,Fall,No
cat,6,Female,normal,Summer,No
dog,15,Male,ill moderatete,Winter,No
rabbit,6,Neutered,normal,Winter,Yes
dog,13,Male,normal,Winter,No
cat,7,Female,under age/weight,Fall,No
cat,7,Female,under age/weight,Fall,No
dog,5,Neutered,normal,Spring,No
cat,3,Female,under age/weight,Fall,No
Other,5,Female,normal,Fall,Yes
dog,11,Male,normal,Spring,No
cat,6,Male,under age/weight,Spring,No
cat,6,Female,under age/weight,Spring,No
dog,15,Spayed,normal,Summer,Yes
dog,10,Male,normal,Fall,Yes
dog,8,Female,normal,Fall,No
cat,6,Male,under age/weight,Spring,No
dog,14,Neutered,normal,Winter,No
dog,8,Female,normal,Summer,No
cat,6,Female,normal,Fall,No
cat,4,Neutered,normal,Winter,No
cat,6,Male,normal,Fall,No
cat,6,Male,normal,Summer,No
cat,3,Unknown,ill mild,Fall,No
cat,4,Male,injured  moderate,Spring,No
cat,6,Male,ill severe,Spring,No
dog,5,Spayed,normal,Fall,No
rabbit,2,Neutered,normal,Winter,Yes
bird,10,Unknown,injured  severe,Fall,No
dog,13,Female,normal,Fall,No
cat,5,Male,under age/weight,Summer,Yes
dog,15,Female,normal,Fall,No
dog,19,Neutered,normal,Spring,No
cat,15,Female,normal,Summer,No
dog,11,Neutered,normal,Winter,Yes
cat,6,Female,under age/weight,Spring,No
other,3,Male,ill moderatete,Spring,No
cat,5,Female,normal,Spring,No
cat,6,Male,under age/weight,Winter,No
cat,10,Female,ill mild,Winter,Yes
dog,4,Female,normal,Spring,No
dog,9,Neutered,normal,Summer,No
dog,13,Female,injured  severe,Summer,No
wild,8,Unknown,ill severe,Fall,No
cat,2,Male,ill moderatete,Summer,No
other,6,Unknown,ill severe,Spring,No
cat,2,Male,ill moderatete,Summer,No
dog,7,Female,normal,Summer,No
cat,2,Spayed,under age/weight,Summer,Yes
cat,3,Female,ill moderatete,Summer,No
cat,1,Female,normal,Fall,Yes
cat,10,Neutered,normal,Winter,No
cat,3,Neutered,normal,Spring,Yes
dog,3,Neutered,normal,Summer,No
cat,9,Female,normal,Winter,No
dog,9,Male,normal,Fall,No
cat,17,Neutered,normal,Winter,No
cat,6,Unknown,normal,Summer,No
dog,0,Male,under age/weight,Fall,No
cat,8,Neutered,normal,Winter,No
dog,12,Neutered,ill moderatete,Fall,No
cat,5,Unknown,under age/weight,Spring,No
dog,0,Spayed,under age/weight,Fall,Yes
cat,10,Unknown,ill severe,Spring,No
dog,12,Female,Other,Winter,No
cat,1,Unknown,under age/weight,Fall,No
cat,3,Spayed,normal,Summer,Yes
cat,1,Unknown,under age/weight,Fall,No
dog,2,Male,normal,Summer,Yes
dog,2,Spayed,normal,Spring,No
dog,1,Neutered,normal,Spring,Yes
dog,8,Female,normal,Winter,No
cat,15,Spayed,ill mild,Spring,Yes
cat,4,Male,under age/weight,Summer,No
cat,9,Neutered,normal,Summer,No
wild,6,Unknown,under age/weight,Winter,No
cat,0,Male,under age/weight,Fall,No
wild,6,Unknown,under age/weight,Winter,No
dog,12,Neutered,normal,Summer,Yes
cat,1,Unknown,under age/weight,Fall,No
cat,6,Neutered,injured  moderate,Summer,No
cat,5,Female,under age/weight,Summer,No
dog,3,Neutered,normal,Winter,Yes
cat,6,Female,normal,Fall,Yes
dog,9,Neutered,ill moderatete,Summer,No
dog,6,Neutered,normal,Fall,No
cat,6,Female,under age/weight,Summer,No
bird,8,Unknown,injured  moderate,Summer,No
cat,5,Spayed,under age/weight,Winter,Yes
bird,8,Female,injured  moderate,Spring,No
cat,5,Male,normal,Fall,No
dog,3,Spayed,i/i report,Summer,No
cat,4,Neutered,under age/weight,Summer,Yes
dog,8,Spayed,normal,Winter,No
dog,13,Spayed,normal,Winter,No
cat,1,Male,under age/weight,Spring,No
cat,4,Male,under age/weight,Summer,No
cat,4,Male,under age/weight,Summer,No
cat,4,Male,under age/weight,Spring,No
cat,5,Female,normal,Summer,No
dog,4,Neutered,normal,Spring,Yes
dog,5,Spayed,normal,Spring,Yes
dog,6,Male,normal,Spring,No
cat,6,Female,under age/weight,Summer,No
cat,6,Male,normal,Spring,No
dog,13,Neutered,normal,Spring,No
cat,7,Spayed,normal,Spring,No
dog,8,Male,normal,Winter,No
cat,8,Spayed,fractious,Fall,No
cat,2,Neutered,ill mild,Summer,No
cat,2,Neutered,ill mild,Summer,No
cat,5,Neutered,under age/weight,Winter,Yes
dog,2,Female,injured  moderate,Fall,Yes
dog,7,Neutered,normal,Spring,Yes
cat,9,Neutered,normal,Summer,No
cat,6,Spayed,normal,Spring,Yes
dog,1,Female,under age/weight,Winter,Yes
dog,15,Neutered,ill moderatete,Winter,No
dog,7,Male,normal,Fall,No
dog,10,Spayed,normal,Winter,No
cat,2,Spayed,under age/weight,Spring,No
dog,10,Male,normal,Spring,No
cat,1,Female,ill mild,Summer,No
cat,0,Spayed,injured  mild,Fall,Yes
dog,3,Neutered,injured  moderate,Fall,Yes
cat,4,Female,normal,Summer,No
cat,0,Male,under age/weight,Spring,No
cat,4,Female,normal,Summer,No
cat,7,Male,normal,Summer,No
dog,0,Female,under age/weight,Spring,No
cat,7,Female,normal,Fall,Yes
cat,8,Neutered,normal,Summer,No
dog,12,Male,normal,Winter,No
dog,3,Spayed,injured  moderate,Summer,Yes
cat,3,Spayed,normal,Winter,Yes
cat,7,Neutered,injured  mild,Summer,Yes
dog,8,Male,injured  mild,Summer,No
cat,7,Male,normal,Fall,No
dog,10,Male,injured  mild,Summer,No
bird,6,Female,injured  moderate,Fall,No
cat,8,Male,injured  severe,Spring,No
dog,7,Female,normal,Winter,No
cat,6,Male,normal,Fall,No
cat,0,Unknown,injured  severe,Fall,No
dog,18,Spayed,normal,Fall,No
dog,2,Female,normal,Summer,No
bird,0,Unknown,under age/weight,Summer,No
dog,7,Male,normal,Summer,No
dog,1,Male,normal,Winter,No
cat,4,Spayed,ill mild,Winter,No
dog,3,Female,normal,Winter,No
cat,2,Male,normal,Spring,No
cat,4,Male,normal,Fall,No
dog,11,Neutered,Other,Winter,No
dog,12,Male,normal,Spring,Yes
cat,7,Male,under age/weight,Fall,No
dog,5,Male,normal,Fall,No
Other,2,Unknown,normal,Fall,No
dog,12,Spayed,normal,Fall,Yes
dog,2,Neutered,normal,Fall,Yes
cat,0,Unknown,under age/weight,Spring,No
dog,7,Spayed,normal,Fall,Yes
cat,6,Female,under age/weight,Spring,No
dog,1,Female,ill moderatete,Fall,No
dog,14,Spayed,normal,Summer,Yes
cat,5,Male,normal,Fall,No
dog,15,Male,normal,Spring,No
dog,5,Spayed,normal,Spring,Yes
cat,0,Neutered,under age/weight,Winter,Yes
cat,0,Neutered,under age/weight,Spring,Yes
cat,0,Neutered,under age/weight,Summer,Yes
dog,10,Female,normal,Fall,No
cat,0,Spayed,under age/weight,Summer,Yes
cat,0,Spayed,under age/weight,Summer,Yes
cat,7,Neutered,under age/weight,Summer,Yes
cat,7,Male,under age/weight,Summer,No
cat,1,Female,under age/weight,Fall,No
bird,5,Unknown,injured  moderate,Winter,No
dog,6,Male,normal,Fall,No
cat,7,Neutered,injured  mild,Summer,Yes
cat,12,Female,injured  mild,Fall,No
cat,15,Neutered,ill moderatete,Winter,No
cat,9,Male,normal,Winter,No
dog,8,Neutered,normal,Winter,Yes
cat,0,Neutered,under age/weight,Fall,Yes
other,5,Unknown,injured  severe,Spring,No
dog,4,Spayed,normal,Fall,Yes
cat,15,Neutered,normal,Fall,Yes
Other,7,Male,normal,Winter,No
dog,9,Male,normal,Spring,No
cat,2,Male,normal,Spring,No
bird,3,Unknown,injured  moderate,Winter,No
cat,5,Spayed,normal,Summer,Yes
Other,15,Unknown,normal,Summer,No
cat,13,Male,normal,Winter,No
cat,2,Neutered,ill mild,Winter,Yes
cat,6,Male,under age/weight,Summer,No
dog,2,Male,injured  mild,Winter,No
cat,7,Female,normal,Summer,Yes
cat,7,Female,normal,Summer,No
bird,10,Female,injured  moderate,Spring,No
dog,3,Spayed,normal,Spring,No
dog,2,Neutered,normal,Summer,Yes
dog,5,Spayed,normal,Fall,Yes
cat,8,Male,normal,Winter,No
cat,7,Unknown,feral,Summer,No
cat,6,Male,under age/weight,Spring,No
dog,10,Female,normal,Summer,No
cat,12,Neutered,normal,Spring,Yes
wild,1,Unknown,injured  severe,Summer,No
cat,3,Female,ill mild,Fall,No
dog,6,Female,normal,Summer,No
dog,0,Spayed,under age/weight,Fall,Yes
cat,2,Male,ill moderatete,Winter,No
dog,0,Spayed,under age/weight,Fall,Yes
cat,5,Spayed,injured  moderate,Winter,Yes
wild,11,Female,injured  moderate,Fall,No
cat,7,Spayed,fractious,Summer,No
dog,7,Female,normal,Summer,Yes
other,6,Unknown,under age/weight,Spring,No
Other,1,Unknown,normal,Summer,No
dog,7,Male,normal,Fall,No
other,6,Unknown,under age/weight,Spring,No
cat,10,Female,ill mild,Summer,No
dog,5,Female,normal,Summer,No
bird,2,Unknown,ill severe,Winter,No
cat,7,Female,under age/weight,Fall,No
cat,8,Male,normal,Winter,Yes
cat,5,Neutered,under age/weight,Fall,Yes
dog,2,Spayed,ill moderatete,Fall,Yes
cat,8,Female,normal,Winter,Yes
cat,9,Female,normal,Summer,No
dog,7,Female,normal,Spring,No
dog,9,Neutered,normal,Spring,Yes
dog,5,Female,normal,Spring,No
dog,7,Male,normal,Spring,No
dog,6,Female,normal,Winter,Yes
cat,7,Unknown,under age/weight,Fall,No
cat,1,Male,under age/weight,Summer,No
cat,10,Neutered,feral,Fall,No
cat,7,Unknown,under age/weight,Fall,No
cat,9,Spayed,normal,Summer,Yes
other,7,Female,injured  severe,Summer,No
dog,7,Male,normal,Winter,No
cat,7,Unknown,under age/weight,Fall,No
wild,1,Male,under age/weight,Summer,No
cat,9,Spayed,fractious,Summer,No
wild,1,Male,under age/weight,Summer,No
other,3,Unknown,under age/weight,Spring,No
dog,9,Female,normal,Summer,No
dog,6,Female,normal,Spring,No
other,11,Male,injured  severe,Fall,No
dog,5,Spayed,Other,Summer,No
bird,6,Unknown,injured  severe,Fall,No
dog,13,Neutered,normal,Spring,No
cat,2,Neutered,normal,Summer,No
cat,8,Neutered,normal,Fall,No
cat,6,Neutered,fractious,Winter,No
dog,9,Male,normal,Summer,No
cat,5,Female,normal,Fall,No
other,6,Unknown,injured  severe,Fall,No
bird,3,Unknown,injured  moderate,Fall,No
cat,2,Male,ill moderatete,Fall,No
cat,4,Spayed,normal,Fall,Yes
cat,5,Male,normal,Fall,No
bird,5,Unknown,injured  severe,Fall,No
cat,8,Female,normal,Fall,No
cat,8,Spayed,normal,Winter,Yes
cat,7,Female,normal,Summer,No
cat,6,Female,normal,Summer,No
cat,6,Female,normal,Summer,No
cat,8,Female,normal,Fall,No
cat,5,Male,normal,Fall,No
dog,5,Female,normal,Summer,No
cat,5,Spayed,normal,Winter,Yes
dog,1,Female,normal,Fall,No
cat,5,Neutered,normal,Winter,Yes
cat,14,Spayed,ill mild,Spring,No
rabbit,4,Male,normal,Fall,No
dog,6,Neutered,normal,Winter,Yes
dog,4,Male,normal,Spring,No
cat,7,Female,normal,Spring,No
wild,7,Unknown,injured  severe,Winter,No
cat,7,Male,normal,Spring,No
dog,9,Neutered,normal,Summer,Yes
bird,9,Unknown,injured  moderate,Winter,No
cat,5,Unknown,ill severe,Summer,No
dog,9,Female,normal,Fall,No
dog,15,Neutered,normal,Fall,No
dog,1,Neutered,normal,Fall,Yes
dog,6,Female,normal,Winter,No
dog,4,Spayed,injured  severe,Fall,Yes
cat,1,Male,under age/weight,Spring,No
wild,3,Unknown,under age/weight,Spring,No
cat,1,Female,under age/weight,Spring,No
cat,5,Female,under age/weight,Summer,Yes
dog,2,Neutered,normal,Fall,Yes
rabbit,0,Female,normal,Fall,No
bird,1,Unknown,injured  severe,Fall,No
cat,7,Spayed,feral,Summer,No
cat,18,Spayed,injured  moderate,Winter,No
cat,7,Unknown,feral,Summer,No
other,7,Unknown,under age/weight,Summer,No
dog,6,Neutered,Other,Summer,Yes
other,10,Female,injured  severe,Summer,No
cat,7,Male,normal,Winter,Yes
cat,5,Spayed,normal,Winter,No
dog,13,Male,Other,Spring,No
cat,9,Unknown,injured  severe,Spring,No
dog,10,Neutered,ill severe,Fall,No
dog,2,Neutered,normal,Winter,Yes
cat,2,Spayed,normal,Winter,No
dog,7,Spayed,normal,Winter,No
rabbit,5,Neutered,normal,Summer,No
dog,1,Neutered,normal,Winter,Yes
wild,6,Unknown,normal,Summer,No
dog,2,Neutered,normal,Spring,Yes
cat,5,Neutered,normal,Winter,No
dog,8,Female,Other,Fall,No
cat,14,Male,ill mild,Fall,No
wild,6,Unknown,under age/weight,Summer,No
cat,7,Unknown,under age/weight,Fall,No
dog,10,Neutered,normal,Spring,No
cat,7,Unknown,under age/weight,Summer,No
cat,1,Neutered,ill mild,Summer,Yes
rabbit,9,Spayed,normal,Summer,No
cat,5,Female,under age/weight,Summer,No
dog,8,Female,normal,Fall,No
cat,2,Male,ill moderatete,Summer,No
bird,1,Unknown,under age/weight,Spring,No
bird,1,Unknown,under age/weight,Spring,No
cat,8,Neutered,normal,Fall,No
bird,1,Unknown,under age/weight,Spring,No
bird,1,Unknown,under age/weight,Spring,No
dog,18,Male,normal,Spring,No
dog,16,Male,behavior  severe,Spring,No
dog,1,Female,under age/weight,Fall,No
dog,10,Male,normal,Spring,No
dog,11,Female,normal,Spring,No
cat,13,Spayed,ill severe,Summer,Yes
dog,15,Neutered,ill mild,Winter,Yes
cat,17,Spayed,ill severe,Spring,Yes
Other,8,Female,normal,Fall,No
Other,8,Female,normal,Fall,No
cat,3,Spayed,normal,Summer,No
cat,5,Male,injured  severe,Fall,No
cat,6,Male,under age/weight,Summer,No
dog,1,Male,normal,Summer,No
wild,5,Unknown,under age/weight,Summer,No
wild,5,Unknown,under age/weight,Summer,No
cat,2,Female,normal,Spring,No
Other,3,Female,normal,Winter,No
dog,2,Neutered,ill mild,Fall,Yes
dog,8,Male,normal,Fall,No
wild,2,Unknown,under age/weight,Summer,No
dog,28,Spayed,normal,Winter,No
cat,6,Unknown,under age/weight,Spring,No
wild,8,Unknown,ill severe,Spring,No
cat,6,Unknown,under age/weight,Spring,No
cat,5,Male,normal,Fall,No
bird,7,Unknown,ill severe,Spring,No
other,4,Unknown,under age/weight,Summer,No
cat,2,Spayed,normal,Fall,No
dog,7,Male,normal,Spring,No
dog,16,Male,Other,Winter,No
dog,16,Neutered,normal,Winter,Yes
cat,3,Unknown,injured  moderate,Summer,No
cat,9,Spayed,ill severe,Spring,Yes
cat,1,Male,under age/weight,Spring,No
cat,1,Male,under age/weight,Spring,No
cat,4,Spayed,under age/weight,Summer,Yes
bird,0,Unknown,under age/weight,Fall,No
dog,13,Spayed,normal,Winter,No
dog,3,Neutered,normal,Summer,Yes
cat,2,Male,under age/weight,Summer,No
cat,0,Spayed,ill mild,Fall,Yes
cat,0,Neutered,ill mild,Summer,Yes
cat,16,Female,ill mild,Summer,No
cat,0,Neutered,ill mild,Fall,Yes
dog,19,Neutered,normal,Winter,No
dog,3,Neutered,normal,Fall,No
cat,5,Unknown,ill severe,Summer,No
dog,12,Male,normal,Winter,No
dog,4,Neutered,normal,Summer,No
wild,10,Unknown,ill severe,Fall,No
dog,8,Male,normal,Spring,No
cat,4,Male,ill mild,Fall,No
cat,4,Male,ill mild,Fall,No
Other,3,Male,normal,Winter,Yes
cat,4,Neutered,normal,Fall,Yes
dog,9,Female,normal,Spring,Yes
bird,9,Unknown,normal,Winter,No
cat,2,Female,normal,Spring,No
bird,9,Unknown,normal,Winter,No
cat,3,Spayed,fractious,Spring,No
cat,2,Female,normal,Spring,No
other,2,Unknown,under age/weight,Summer,No
cat,5,Female,normal,Fall,No
dog,1,Neutered,normal,Spring,Yes
dog,2,Neutered,normal,Spring,Yes
cat,2,Female,ill severe,Fall,No
dog,17,Male,Other,Fall,No
dog,8,Male,normal,Fall,No
cat,6,Unknown,under age/weight,Summer,No
cat,6,Female,normal,Summer,No
dog,6,Male,normal,Winter,No
cat,6,Male,normal,Summer,No
dog,11,Neutered,injured  severe,Spring,No
dog,4,Male,normal,Winter,No
cat,10,Spayed,normal,Summer,No
dog,15,Spayed,normal,Winter,No
cat,7,Male,normal,Summer,No
dog,6,Neutered,normal,Winter,No
cat,1,Unknown,injured  moderate,Winter,No
dog,9,Male,normal,Spring,No
dog,1,Spayed,normal,Spring,Yes
dog,9,Male,normal,Spring,No
cat,1,Neutered,normal,Summer,Yes
dog,9,Male,normal,Spring,No
rabbit,3,Neutered,normal,Summer,No
dog,9,Female,normal,Spring,No
dog,3,Female,injured  severe,Fall,No
dog,9,Female,normal,Spring,No
dog,9,Male,normal,Spring,No
cat,6,Female,normal,Fall,No
dog,9,Male,normal,Spring,No
dog,3,Spayed,normal,Fall,Yes
dog,1,Neutered,normal,Summer,Yes
cat,1,Unknown,ill mild,Fall,No
dog,8,Spayed,normal,Fall,No
dog,12,Male,injured  severe,Winter,No
cat,0,Female,under age/weight,Fall,No
cat,1,Male,i/i report,Summer,No
cat,2,Male,injured  mild,Fall,No
cat,10,Unknown,injured  severe,Spring,No
dog,4,Neutered,fractious,Fall,Yes
cat,2,Spayed,normal,Winter,Yes
cat,7,Spayed,normal,Winter,No
wild,7,Unknown,under age/weight,Summer,No
cat,3,Male,normal,Summer,No
cat,3,Spayed,normal,Summer,Yes
cat,3,Female,normal,Summer,No
dog,12,Male,normal,Summer,No
cat,1,Male,ill mild,Fall,Yes
dog,9,Female,normal,Winter,No
cat,1,Female,ill mild,Fall,No
dog,12,Female,normal,Spring,No
dog,6,Female,normal,Summer,No
cat,6,Female,under age/weight,Spring,No
dog,2,Neutered,normal,Summer,No
cat,6,Unknown,under age/weight,Spring,No
cat,9,Spayed,feral,Fall,No
dog,3,Male,normal,Fall,Yes
rabbit,6,Unknown,normal,Summer,No
dog,11,Spayed,normal,Spring,No
dog,8,Male,normal,Spring,No
Other,2,Unknown,normal,Winter,No
cat,7,Male,under age/weight,Spring,No
cat,7,Female,normal,Winter,Yes
dog,12,Neutered,normal,Summer,No
dog,10,Spayed,normal,Fall,Yes
cat,5,Neutered,normal,Spring,Yes
cat,6,Female,normal,Fall,No
cat,5,Male,normal,Fall,No
cat,1,Male,under age/weight,Spring,No
cat,5,Female,under age/weight,Spring,No
cat,2,Unknown,injured  moderate,Winter,No
cat,5,Male,under age/weight,Spring,No
dog,9,Neutered,normal,Winter,Yes
dog,9,Female,normal,Fall,No
dog,7,Female,ill mild,Fall,No
cat,9,Spayed,feral,Winter,No
cat,6,Neutered,injured  severe,Spring,Yes
cat,7,Neutered,normal,Fall,Yes
cat,0,Female,under age/weight,Fall,No
cat,6,Spayed,ill moderatete,Fall,No
cat,8,Neutered,normal,Spring,No
cat,14,Female,normal,Spring,No
dog,1,Male,ill severe,Summer,No
other,3,Male,injured  severe,Fall,No
cat,6,Spayed,normal,Fall,No
cat,7,Unknown,under age/weight,Summer,No
cat,2,Male,under age/weight,Spring,No
dog,13,Neutered,normal,Spring,No
dog,6,Neutered,normal,Winter,No
dog,11,Male,ill severe,Summer,No
dog,10,Spayed,injured  moderate,Summer,Yes
cat,4,Neutered,injured  mild,Winter,No
cat,3,Spayed,fractious,Fall,No
cat,2,Neutered,under age/weight,Fall,Yes
cat,1,Female,under age/weight,Spring,No
dog,6,Neutered,normal,Summer,Yes
cat,1,Unknown,injured  severe,Winter,No
dog,9,Spayed,normal,Winter,No
dog,3,Male,normal,Summer,No
dog,2,Spayed,normal,Spring,Yes
dog,3,Female,behavior  severe,Spring,Yes
dog,9,Spayed,normal,Spring,Yes
cat,6,Unknown,under age/weight,Fall,No
cat,1,Neutered,under age/weight,Winter,Yes
cat,0,Unknown,under age/weight,Summer,No
cat,0,Female,under age/weight,Summer,No
cat,1,Neutered,under age/weight,Winter,Yes
cat,0,Unknown,under age/weight,Summer,No
dog,4,Neutered,injured  moderate,Summer,No
cat,0,Unknown,under age/weight,Summer,No
cat,1,Neutered,i/i report,Summer,Yes
cat,5,Male,normal,Summer,No
dog,5,Male,normal,Fall,No
dog,11,Male,ill moderatete,Spring,Yes
cat,7,Spayed,ill moderatete,Fall,No
cat,7,Male,under age/weight,Summer,No
rabbit,7,Neutered,normal,Spring,No
cat,7,Female,under age/weight,Summer,No
cat,7,Male,under age/weight,Summer,No
cat,3,Male,ill moderatete,Fall,No
dog,5,Neutered,normal,Fall,Yes
cat,5,Spayed,normal,Spring,Yes
cat,6,Male,normal,Summer,No
rabbit,7,Neutered,normal,Spring,No
dog,13,Spayed,normal,Winter,Yes
dog,3,Spayed,normal,Spring,Yes
dog,6,Spayed,behavior  moderate,Winter,No
dog,6,Neutered,normal,Spring,No
cat,2,Male,under age/weight,Summer,No
wild,8,Unknown,injured  severe,Winter,No
cat,4,Unknown,under age/weight,Fall,No
dog,18,Female,normal,Fall,No
dog,9,Spayed,normal,Fall,Yes
wild,8,Unknown,injured  severe,Winter,No
dog,5,Spayed,injured  mild,Summer,Yes
wild,8,Unknown,injured  severe,Winter,No
dog,3,Female,i/i report,Spring,Yes
cat,8,Neutered,normal,Fall,No
cat,4,Spayed,normal,Winter,Yes
cat,5,Spayed,normal,Fall,No
dog,12,Male,normal,Winter,No
cat,1,Male,ill mild,Summer,No
dog,8,Female,normal,Spring,No
cat,1,Male,ill mild,Spring,No
cat,3,Spayed,normal,Spring,Yes
dog,10,Female,injured  severe,Fall,No
cat,1,Male,under age/weight,Fall,Yes
cat,1,Spayed,under age/weight,Fall,Yes
dog,3,Spayed,normal,Fall,Yes
cat,2,Neutered,fractious,Winter,No
cat,1,Neutered,under age/weight,Winter,Yes
cat,1,Female,ill moderatete,Fall,No
dog,1,Spayed,normal,Summer,Yes
dog,5,Spayed,normal,Fall,Yes
other,6,Male,ill severe,Summer,No
dog,1,Neutered,normal,Winter,Yes
cat,10,Neutered,feral,Spring,No
cat,2,Spayed,fractious,Spring,No
cat,2,Spayed,fractious,Spring,No
cat,9,Neutered,injured  moderate,Fall,Yes
dog,5,Female,normal,Spring,No
cat,6,Male,under age/weight,Fall,No
cat,6,Spayed,normal,Winter,Yes
other,6,Unknown,under age/weight,Spring,No
dog,9,Male,normal,Spring,No
dog,11,Spayed,normal,Winter,Yes
cat,10,Female,injured  severe,Fall,No
dog,7,Female,normal,Spring,No
dog,11,Spayed,normal,Winter,No
dog,3,Male,normal,Spring,No
cat,7,Female,normal,Fall,No
cat,11,Neutered,normal,Winter,Yes
cat,5,Female,ill severe,Fall,No
other,3,Unknown,under age/weight,Fall,No
other,4,Unknown,under age/weight,Fall,No
dog,3,Neutered,normal,Summer,Yes
dog,6,Spayed,behavior  moderate,Fall,No
cat,6,Female,under age/weight,Fall,No
cat,5,Male,injured  moderate,Fall,No
dog,1,Female,normal,Spring,No
cat,17,Spayed,normal,Winter,No
dog,1,Male,normal,Spring,No
cat,1,Neutered,ill moderatete,Fall,Yes
Other,7,Female,normal,Spring,No
dog,5,Neutered,normal,Summer,No
cat,5,Neutered,under age/weight,Winter,Yes
cat,6,Female,normal,Spring,No
cat,5,Neutered,under age/weight,Winter,Yes
cat,5,Neutered,under age/weight,Fall,Yes
dog,9,Female,injured  moderate,Winter,No
dog,8,Male,normal,Winter,No
dog,4,Spayed,normal,Fall,No
cat,15,Female,injured  moderate,Fall,No
cat,3,Spayed,ill moderatete,Summer,Yes
cat,8,Female,normal,Fall,No
dog,5,Female,normal,Summer,No
cat,7,Male,under age/weight,Summer,No
cat,1,Spayed,under age/weight,Fall,Yes
dog,6,Neutered,normal,Spring,Yes
dog,2,Female,ill moderatete,Spring,No
cat,7,Male,normal,Fall,No
cat,6,Unknown,normal,Fall,No
cat,7,Male,normal,Fall,No
dog,10,Female,normal,Winter,No
wild,3,Female,ill severe,Winter,No
dog,11,Neutered,injured  moderate,Spring,Yes
cat,1,Unknown,ill moderatete,Spring,No
cat,6,Unknown,normal,Fall,No
cat,1,Neutered,under age/weight,Spring,Yes
dog,10,Female,normal,Winter,No
cat,1,Male,under age/weight,Winter,No
cat,1,Male,under age/weight,Winter,No
other,1,Unknown,injured  severe,Spring,No
cat,1,Male,under age/weight,Winter,No
cat,2,Male,normal,Spring,No
dog,4,Spayed,normal,Summer,No
dog,4,Female,under age/weight,Summer,No
dog,0,Male,under age/weight,Fall,No
cat,7,Spayed,fractious,Fall,No
cat,0,Male,under age/weight,Summer,No
dog,3,Spayed,normal,Winter,Yes
cat,5,Male,under age/weight,Summer,No
other,3,Male,injured  moderate,Summer,No
bird,2,Unknown,injured  severe,Summer,No
cat,1,Unknown,ill severe,Spring,No
cat,7,Female,under age/weight,Summer,No
other,2,Unknown,ill severe,Winter,No
dog,7,Spayed,normal,Spring,Yes
cat,13,Female,ill severe,Summer,No
cat,7,Female,normal,Summer,Yes
dog,14,Spayed,normal,Winter,No
cat,7,Male,normal,Fall,No
cat,6,Male,injured  severe,Fall,No
cat,7,Female,normal,Fall,No
cat,7,Male,normal,Fall,No
cat,7,Female,normal,Fall,No
cat,5,Female,under age/weight,Summer,No
cat,2,Female,ill mild,Fall,No
dog,2,Spayed,normal,Fall,Yes
cat,7,Neutered,injured  severe,Summer,No
dog,2,Neutered,normal,Fall,Yes
dog,8,Male,normal,Winter,No
rabbit,5,Unknown,ill severe,Fall,No
dog,12,Spayed,ill mild,Winter,No
cat,6,Male,normal,Spring,Yes
dog,9,Male,normal,Winter,No
other,6,Male,injured  severe,Winter,No
cat,7,Unknown,under age/weight,Spring,No
cat,7,Unknown,under age/weight,Spring,No
cat,6,Male,under age/weight,Spring,No
wild,4,Unknown,ill severe,Spring,No
cat,2,Male,under age/weight,Spring,Yes
dog,6,Neutered,normal,Fall,Yes
cat,3,Male,ill moderatete,Spring,No
cat,4,Female,under age/weight,Summer,No
cat,0,Female,under age/weight,Spring,No
dog,11,Male,normal,Summer,No
dog,18,Spayed,ill moderatete,Fall,No
cat,0,Neutered,normal,Fall,Yes
cat,5,Neutered,ill moderatete,Summer,No
cat,0,Unknown,under age/weight,Summer,No
cat,13,Female,ill moderatete,Fall,No
dog,8,Female,normal,Summer,No
dog,16,Female,normal,Summer,No
cat,4,Spayed,fractious,Fall,Yes
cat,1,Male,ill moderatete,Summer,No
dog,9,Male,normal,Fall,No
cat,3,Female,injured  moderate,Winter,No
cat,6,Female,under age/weight,Summer,No
cat,1,Neutered,normal,Summer,No
cat,5,Unknown,ill severe,Spring,No
bird,4,Unknown,ill moderatete,Spring,No
dog,12,Male,injured  severe,Fall,No
cat,9,Male,injured  severe,Winter,No
cat,3,Spayed,normal,Winter,No
cat,6,Unknown,under age/weight,Fall,No
dog,3,Neutered,normal,Spring,Yes
dog,16,Spayed,normal,Fall,No
dog,16,Spayed,normal,Spring,No
cat,6,Unknown,under age/weight,Fall,No
cat,1,Neutered,normal,Summer,Yes
cat,4,Neutered,under age/weight,Summer,Yes
cat,1,Neutered,normal,Summer,Yes
dog,13,Female,normal,Summer,No
dog,9,Male,normal,Winter,Yes
cat,1,Spayed,under age/weight,Winter,Yes
cat,6,Neutered,injured  severe,Fall,Yes
cat,3,Female,normal,Winter,No
dog,5,Male,injured  severe,Summer,No
cat,9,Neutered,feral,Fall,No
dog,8,Male,normal,Fall,No
cat,3,Male,normal,Winter,No
cat,2,Female,injured  moderate,Spring,No
cat,6,Spayed,normal,Spring,No
cat,0,Female,under age/weight,Summer,No
cat,9,Male,fractious,Winter,No
cat,0,Spayed,under age/weight,Summer,Yes
cat,0,Neutered,under age/weight,Fall,Yes
cat,0,Unknown,under age/weight,Spring,No
cat,0,Neutered,under age/weight,Fall,Yes
cat,4,Female,injured  severe,Spring,No
cat,4,Spayed,normal,Spring,Yes
dog,9,Female,normal,Summer,Yes
cat,1,Spayed,normal,Summer,Yes
bird,5,Unknown,normal,Fall,Yes
rabbit,7,Spayed,normal,Fall,Yes
cat,7,Male,normal,Fall,Yes
bird,6,Unknown,injured  severe,Fall,No
cat,9,Spayed,feral,Winter,No
dog,8,Male,normal,Winter,No
dog,8,Male,normal,Fall,No
cat,1,Female,under age/weight,Spring,Yes
other,2,Unknown,injured  severe,Summer,No
cat,0,Spayed,ill mild,Fall,Yes
dog,6,Neutered,normal,Summer,No
cat,8,Spayed,normal,Winter,Yes
dog,2,Female,normal,Winter,Yes
cat,3,Neutered,ill moderatete,Fall,Yes
rabbit,5,Spayed,normal,Winter,Yes
cat,1,Female,under age/weight,Winter,No
dog,9,Male,normal,Spring,No
dog,8,Spayed,injured  mild,Summer,Yes
cat,7,Spayed,ill severe,Spring,No
dog,8,Male,normal,Summer,No
dog,5,Male,behavior  moderate,Summer,No
dog,10,Male,normal,Winter,No
dog,5,Neutered,normal,Spring,Yes
cat,7,Female,under age/weight,Summer,No
dog,3,Neutered,i/i report,Winter,No
cat,2,Spayed,under age/weight,Fall,Yes
dog,13,Female,normal,Winter,No
cat,7,Neutered,normal,Summer,Yes
wild,3,Unknown,ill severe,Winter,No
dog,3,Neutered,normal,Spring,Yes
dog,13,Male,injured  severe,Winter,No
cat,1,Female,ill mild,Summer,No
dog,14,Spayed,normal,Fall,No
dog,19,Neutered,normal,Summer,No
cat,0,Male,under age/weight,Spring,No
cat,11,Female,normal,Spring,Yes
cat,8,Neutered,feral,Fall,No
cat,10,Spayed,ill severe,Winter,No
dog,1,Spayed,normal,Summer,Yes
cat,2,Neutered,injured  moderate,Summer,Yes
cat,10,Neutered,normal,Winter,No
cat,0,Male,normal,Fall,No
dog,4,Male,normal,Winter,No
cat,0,Male,under age/weight,Fall,No
wild,3,Unknown,injured  severe,Spring,No
cat,0,Neutered,under age/weight,Fall,Yes
cat,7,Female,ill mild,Summer,Yes
cat,0,Male,under age/weight,Spring,No
dog,12,Male,ill moderatete,Summer,No
cat,0,Female,under age/weight,Fall,No
rabbit,7,Neutered,normal,Spring,No
dog,2,Neutered,normal,Spring,No
cat,7,Spayed,normal,Spring,Yes
dog,0,Male,under age/weight,Summer,No
dog,0,Neutered,under age/weight,Fall,Yes
dog,10,Male,ill mild,Fall,No
dog,0,Spayed,under age/weight,Fall,Yes
dog,6,Female,normal,Winter,No
dog,2,Spayed,normal,Fall,Yes
cat,6,Spayed,normal,Winter,No
cat,8,Neutered,normal,Spring,No
cat,0,Male,under age/weight,Fall,No
cat,5,Unknown,under age/weight,Summer,No
cat,5,Male,under age/weight,Summer,No
dog,2,Male,normal,Fall,Yes
cat,5,Unknown,under age/weight,Summer,No
cat,6,Female,normal,Fall,No
cat,9,Male,normal,Spring,No
rabbit,2,Neutered,normal,Spring,No
cat,7,Male,injured  severe,Spring,No
rabbit,3,Spayed,normal,Spring,Yes
cat,9,Unknown,injured  severe,Summer,No
cat,0,Spayed,under age/weight,Summer,No
cat,8,Unknown,normal,Spring,No
cat,3,Female,normal,Fall,No
dog,10,Female,normal,Spring,No
cat,6,Spayed,normal,Fall,No
cat,22,Female,normal,Summer,No
dog,14,Neutered,normal,Winter,No
cat,7,Unknown,ill severe,Summer,No
cat,5,Neutered,ill severe,Spring,No
other,7,Unknown,normal,Spring,No
cat,5,Male,under age/weight,Summer,Yes
dog,5,Spayed,normal,Winter,Yes
cat,5,Neutered,normal,Fall,Yes
dog,6,Female,normal,Spring,No
dog,0,Female,under age/weight,Summer,No
cat,6,Male,normal,Spring,No
dog,0,Female,under age/weight,Summer,No
dog,15,Neutered,injured  moderate,Summer,No
dog,10,Male,normal,Fall,No
cat,2,Male,ill mild,Summer,No
rabbit,8,Neutered,normal,Winter,No
cat,8,Neutered,normal,Fall,No
dog,15,Spayed,normal,Winter,No
cat,8,Spayed,normal,Spring,No
dog,10,Spayed,ill mild,Summer,No
dog,12,Male,normal,Summer,No
dog,11,Spayed,normal,Spring,Yes
cat,4,Female,under age/weight,Summer,No
cat,4,Male,under age/weight,Summer,No
dog,1,Female,under age/weight,Winter,Yes
dog,13,Spayed,normal,Winter,Yes
dog,15,Neutered,ill moderatete,Fall,No
wild,6,Unknown,injured  severe,Fall,No
cat,19,Male,ill severe,Winter,No
cat,6,Male,normal,Fall,No
dog,4,Spayed,normal,Fall,Yes
cat,7,Unknown,normal,Summer,No
cat,6,Female,under age/weight,Spring,No
dog,0,Female,under age/weight,Fall,No
dog,5,Neutered,injured  moderate,Fall,Yes
dog,20,Neutered,normal,Summer,No
dog,2,Neutered,normal,Fall,No
cat,11,Unknown,injured  severe,Winter,No
dog,6,Male,normal,Winter,No
cat,1,Female,ill moderatete,Fall,No
dog,2,Neutered,normal,Spring,Yes
dog,10,Male,injured  severe,Winter,No
cat,7,Spayed,ill moderatete,Fall,Yes
cat,0,Spayed,normal,Fall,Yes
dog,4,Male,normal,Spring,No
cat,8,Spayed,normal,Fall,No
cat,1,Female,ill moderatete,Fall,No
bird,4,Unknown,ill moderatete,Winter,No
cat,1,Female,ill moderatete,Fall,Yes
cat,14,Spayed,normal,Spring,Yes
cat,8,Female,normal,Winter,No
dog,4,Male,normal,Summer,No
dog,6,Spayed,normal,Winter,No
cat,7,Neutered,injured  moderate,Winter,Yes
cat,0,Male,under age/weight,Spring,No
cat,0,Female,under age/weight,Spring,No
cat,4,Male,ill moderatete,Summer,No
cat,9,Unknown,ill severe,Spring,No
other,6,Male,injured  severe,Spring,No
dog,5,Female,injured  mild,Summer,No
cat,5,Male,injured  mild,Spring,No
dog,7,Female,injured  severe,Winter,No
cat,6,Neutered,fractious,Summer,No
dog,7,Male,normal,Winter,No
cat,8,Male,injured  severe,Winter,No
dog,7,Female,normal,Winter,No
cat,1,Female,under age/weight,Spring,No
dog,8,Female,normal,Fall,No
dog,14,Spayed,behavior  severe,Winter,Yes
cat,6,Female,under age/weight,Spring,No
bird,1,Male,normal,Spring,No
cat,6,Male,under age/weight,Spring,No
bird,1,Female,normal,Spring,No
dog,4,Male,normal,Spring,No
cat,4,Female,normal,Winter,No
dog,14,Female,normal,Summer,No
dog,9,Female,normal,Spring,No
cat,1,Unknown,ill moderatete,Fall,No
dog,9,Female,normal,Fall,No
cat,7,Unknown,under age/weight,Spring,No
dog,8,Spayed,behavior  mild,Winter,Yes
cat,14,Neutered,normal,Summer,Yes
cat,3,Unknown,injured  severe,Fall,No
cat,1,Male,under age/weight,Fall,No
cat,0,Spayed,under age/weight,Summer,Yes
cat,0,Neutered,under age/weight,Summer,Yes
cat,0,Spayed,under age/weight,Summer,Yes
dog,10,Male,normal,Summer,No
cat,0,Neutered,under age/weight,Summer,Yes
dog,7,Male,normal,Fall,No
dog,1,Spayed,injured  mild,Summer,Yes
dog,3,Neutered,normal,Summer,Yes
cat,1,Female,under age/weight,Fall,No
cat,1,Male,under age/weight,Fall,No
cat,1,Male,under age/weight,Fall,No
cat,3,Spayed,normal,Fall,Yes
cat,6,Spayed,normal,Winter,Yes
bird,8,Unknown,injured  severe,Winter,No
cat,7,Male,ill severe,Summer,No
other,5,Unknown,normal,Winter,No
dog,7,Male,normal,Fall,No
cat,2,Female,ill severe,Fall,No
dog,10,Spayed,normal,Summer,No
cat,0,Unknown,under age/weight,Spring,No
cat,6,Male,under age/weight,Summer,No
cat,0,Unknown,under age/weight,Spring,No
dog,5,Neutered,normal,Winter,Yes
cat,0,Spayed,under age/weight,Spring,Yes
cat,0,Neutered,under age/weight,Summer,No
cat,0,Spayed,under age/weight,Summer,Yes
cat,1,Female,under age/weight,Fall,Yes
wild,8,Unknown,under age/weight,Spring,No
bird,8,Unknown,under age/weight,Spring,No
wild,8,Unknown,under age/weight,Spring,No
bird,8,Unknown,under age/weight,Spring,No
bird,5,Unknown,ill mild,Summer,No
bird,8,Unknown,under age/weight,Spring,No
wild,8,Unknown,injured  severe,Summer,No
bird,8,Unknown,under age/weight,Spring,No
other,7,Unknown,ill severe,Spring,No
bird,8,Unknown,under age/weight,Spring,No
bird,8,Unknown,under age/weight,Spring,No
dog,3,Male,normal,Summer,No
dog,8,Female,normal,Summer,No
dog,8,Neutered,normal,Fall,Yes
cat,1,Neutered,ill moderatete,Fall,Yes
bird,7,Unknown,ill moderatete,Fall,No
cat,2,Female,under age/weight,Summer,No
dog,3,Spayed,normal,Summer,Yes
cat,7,Unknown,feral,Summer,No
cat,10,Female,normal,Winter,No
dog,16,Spayed,Other,Winter,No
dog,8,Female,injured  severe,Winter,No
dog,1,Neutered,normal,Summer,Yes
dog,4,Female,behavior  moderate,Winter,No
bird,5,Unknown,behavior  moderate,Fall,No
dog,4,Female,normal,Summer,No
dog,0,Spayed,under age/weight,Fall,Yes
dog,2,Spayed,normal,Summer,Yes
dog,0,Neutered,under age/weight,Fall,Yes
cat,7,Male,under age/weight,Fall,No
rabbit,6,Neutered,normal,Fall,No
cat,0,Spayed,normal,Fall,Yes
cat,0,Neutered,under age/weight,Summer,Yes
other,6,Unknown,under age/weight,Spring,No
dog,6,Female,normal,Spring,No
cat,0,Unknown,under age/weight,Spring,No
cat,0,Neutered,under age/weight,Summer,Yes
cat,0,Female,under age/weight,Spring,No
cat,8,Female,normal,Winter,Yes
dog,19,Spayed,normal,Winter,No
cat,12,Female,feral,Fall,No
cat,2,Neutered,under age/weight,Summer,Yes
cat,2,Male,under age/weight,Summer,Yes
dog,17,Male,normal,Winter,No
dog,10,Spayed,normal,Fall,Yes
dog,7,Neutered,normal,Fall,Yes
dog,15,Spayed,normal,Winter,No
bird,0,Unknown,injured  moderate,Summer,No
dog,2,Male,normal,Winter,No
dog,9,Female,normal,Spring,No
other,6,Unknown,ill moderatete,Summer,No
cat,10,Neutered,normal,Winter,No
other,6,Unknown,under age/weight,Spring,No
dog,18,Spayed,normal,Spring,Yes
cat,10,Neutered,normal,Winter,Yes
dog,19,Spayed,normal,Summer,No
cat,4,Female,normal,Winter,No
cat,7,Unknown,under age/weight,Fall,No
cat,3,Male,normal,Winter,No
cat,7,Spayed,fractious,Fall,No
cat,7,Male,normal,Summer,No
cat,5,Female,under age/weight,Spring,No
cat,2,Male,normal,Summer,Yes
cat,7,Unknown,ill mild,Fall,No
cat,5,Female,normal,Winter,No
dog,10,Spayed,normal,Summer,No
cat,2,Spayed,normal,Fall,Yes
dog,3,Male,normal,Winter,No
cat,8,Spayed,normal,Winter,Yes
cat,5,Female,normal,Fall,No
cat,7,Female,under age/weight,Summer,No
cat,5,Male,normal,Winter,No
cat,14,Spayed,normal,Summer,Yes
cat,2,Male,normal,Summer,Yes
cat,2,Neutered,ill mild,Summer,Yes
cat,5,Male,normal,Fall,No
cat,2,Spayed,under age/weight,Summer,Yes
cat,5,Female,normal,Fall,No
cat,2,Spayed,under age/weight,Spring,Yes
cat,5,Female,normal,Fall,No
cat,5,Male,normal,Fall,No
cat,5,Female,normal,Winter,No
cat,5,Spayed,normal,Winter,Yes
cat,2,Neutered,normal,Fall,Yes
cat,5,Male,normal,Fall,No
dog,12,Female,injured  severe,Summer,No
dog,3,Male,normal,Fall,No
cat,2,Female,under age/weight,Spring,No
cat,5,Unknown,ill severe,Summer,No
cat,5,Female,under age/weight,Summer,No
cat,5,Unknown,ill severe,Summer,No
cat,8,Spayed,normal,Fall,No
cat,5,Unknown,ill severe,Summer,No
dog,13,Male,injured  moderate,Spring,No
cat,7,Unknown,under age/weight,Spring,No
dog,3,Spayed,normal,Winter,Yes
wild,3,Unknown,injured  moderate,Spring,No
dog,10,Male,injured  severe,Summer,No
dog,9,Neutered,injured  moderate,Spring,No
cat,0,Female,under age/weight,Fall,No
other,3,Unknown,injured  severe,Spring,No
dog,1,Male,normal,Fall,No
other,2,Unknown,injured  mild,Spring,No
dog,3,Neutered,normal,Winter,Yes
dog,4,Male,normal,Winter,No
dog,2,Female,normal,Winter,No
cat,6,Female,injured  mild,Fall,No
cat,6,Unknown,under age/weight,Spring,No
dog,20,Female,normal,Fall,No
cat,14,Spayed,normal,Spring,Yes
dog,3,Male,behavior  severe,Winter,No
dog,13,Spayed,normal,Summer,No
cat,1,Male,ill severe,Summer,No
bird,6,Unknown,injured  moderate,Summer,No
cat,7,Male,normal,Fall,No
dog,9,Female,normal,Fall,No
cat,8,Spayed,normal,Fall,Yes
dog,12,Male,ill moderatete,Summer,No
dog,6,Spayed,normal,Fall,No
dog,12,Neutered,injured  moderate,Spring,No
dog,13,Spayed,normal,Summer,No
dog,9,Female,normal,Winter,No
cat,14,Spayed,injured  moderate,Summer,No
dog,0,Neutered,normal,Summer,Yes
wild,5,Unknown,ill severe,Fall,No
cat,7,Male,under age/weight,Summer,No
cat,4,Spayed,normal,Fall,Yes
cat,7,Male,under age/weight,Summer,No
cat,7,Male,under age/weight,Summer,No
dog,21,Spayed,normal,Fall,No
cat,7,Unknown,normal,Summer,No
cat,6,Female,normal,Fall,No
dog,9,Spayed,fractious,Winter,No
cat,4,Neutered,normal,Summer,Yes
cat,17,Female,ill severe,Winter,No
cat,3,Neutered,normal,Summer,Yes
cat,6,Female,normal,Fall,No
dog,10,Spayed,normal,Summer,Yes
dog,9,Female,normal,Summer,Yes
cat,5,Neutered,under age/weight,Summer,Yes
cat,7,Unknown,normal,Fall,No
dog,2,Male,injured  severe,Winter,No
cat,7,Unknown,normal,Fall,No
cat,2,Male,ill mild,Summer,Yes
bird,7,Male,normal,Fall,No
dog,10,Male,injured  severe,Summer,No
cat,3,Female,ill mild,Fall,No
dog,6,Female,injured  moderate,Winter,No
cat,10,Neutered,injured  mild,Winter,No
cat,0,Male,under age/weight,Spring,No
cat,0,Female,under age/weight,Spring,No
dog,10,Spayed,normal,Winter,No
cat,0,Female,under age/weight,Spring,No
cat,0,Female,under age/weight,Spring,No
cat,6,Male,injured  severe,Summer,No
cat,0,Male,under age/weight,Spring,No
cat,7,Female,under age/weight,Spring,No
cat,0,Male,under age/weight,Spring,No
dog,9,Male,normal,Summer,Yes
wild,4,Unknown,injured  severe,Spring,No
cat,6,Unknown,ill severe,Fall,No
dog,14,Male,normal,Fall,No
dog,1,Male,under age/weight,Fall,No
cat,1,Neutered,ill moderatete,Winter,Yes
bird,8,Unknown,normal,Winter,No
dog,2,Female,ill mild,Fall,No
dog,1,Neutered,normal,Winter,Yes
cat,1,Neutered,under age/weight,Winter,Yes
dog,2,Male,normal,Fall,Yes
cat,7,Unknown,under age/weight,Spring,No
bird,9,Unknown,injured  mild,Winter,No
cat,7,Unknown,under age/weight,Spring,No
cat,6,Female,under age/weight,Summer,No
cat,11,Spayed,injured  mild,Spring,No
wild,5,Unknown,under age/weight,Summer,No
wild,5,Unknown,under age/weight,Summer,No
dog,3,Male,normal,Summer,No
wild,5,Unknown,under age/weight,Summer,No
dog,3,Male,normal,Winter,No
cat,7,Male,ill severe,Winter,No
cat,6,Unknown,under age/weight,Spring,No
cat,1,Male,ill mild,Summer,No
cat,7,Unknown,injured  severe,Fall,No
cat,1,Male,ill mild,Summer,No
cat,6,Neutered,ill severe,Fall,Yes
cat,1,Neutered,ill mild,Fall,No
dog,12,Female,ill mild,Summer,No
dog,0,Spayed,normal,Fall,Yes
dog,2,Neutered,normal,Summer,Yes
dog,9,Spayed,normal,Fall,Yes
cat,17,Male,Other,Fall,No
cat,3,Neutered,ill moderatete,Summer,No
dog,9,Spayed,Other,Fall,No
cat,6,Spayed,normal,Winter,Yes
bird,1,Unknown,injured  moderate,Spring,No
cat,3,Unknown,injured  severe,Summer,No
dog,9,Male,normal,Fall,No
cat,4,Neutered,ill mild,Summer,Yes
dog,10,Neutered,normal,Winter,No
cat,7,Male,under age/weight,Spring,No
cat,7,Male,under age/weight,Spring,No
cat,7,Female,under age/weight,Spring,No
dog,5,Neutered,normal,Spring,No
cat,7,Female,under age/weight,Spring,No
cat,7,Female,under age/weight,Spring,No
dog,16,Neutered,normal,Fall,Yes
dog,2,Female,normal,Winter,No
cat,7,Male,normal,Winter,Yes
cat,5,Female,under age/weight,Summer,No
cat,10,Spayed,normal,Summer,Yes
wild,7,Male,injured  severe,Spring,No
cat,11,Neutered,normal,Spring,No
cat,9,Neutered,normal,Winter,No
cat,8,Neutered,ill moderatete,Spring,No
cat,7,Neutered,fractious,Spring,No
cat,1,Male,ill mild,Spring,No
cat,1,Unknown,under age/weight,Spring,No
cat,0,Female,under age/weight,Spring,No
cat,5,Neutered,ill mild,Spring,No
cat,2,Female,normal,Spring,No
cat,1,Male,ill moderatete,Summer,No
cat,3,Female,normal,Spring,No
cat,7,Neutered,injured  severe,Spring,Yes
cat,5,Neutered,normal,Summer,No
cat,4,Male,under age/weight,Spring,No
cat,6,Female,normal,Spring,No
cat,4,Neutered,normal,Spring,Yes
cat,4,Female,normal,Spring,Yes
dog,11,Female,normal,Fall,No
cat,4,Neutered,ill moderatete,Fall,No
cat,4,Spayed,normal,Winter,No
cat,4,Spayed,normal,Winter,No
bird,4,Unknown,injured  moderate,Winter,No
dog,5,Neutered,normal,Winter,Yes
cat,6,Male,under age/weight,Summer,No
cat,4,Spayed,normal,Winter,No
cat,1,Female,normal,Fall,No
dog,12,Female,ill mild,Spring,No
cat,1,Female,under age/weight,Summer,No
cat,7,Unknown,under age/weight,Spring,No
cat,6,Female,normal,Fall,Yes
dog,11,Male,normal,Summer,No
cat,7,Spayed,feral,Summer,No
cat,6,Female,under age/weight,Summer,No
cat,6,Female,normal,Fall,No
other,4,Unknown,injured  severe,Winter,No
cat,7,Spayed,normal,Spring,No
dog,12,Neutered,normal,Winter,No
cat,10,Neutered,feral,Winter,No
cat,1,Unknown,ill mild,Fall,No
cat,9,Spayed,feral,Winter,No
cat,10,Neutered,fractious,Winter,No
cat,0,Spayed,under age/weight,Fall,Yes
cat,3,Neutered,fractious,Spring,No
cat,8,Neutered,fractious,Spring,No
cat,2,Spayed,normal,Fall,Yes
cat,10,Female,injured  mild,Fall,No
dog,7,Neutered,normal,Fall,Yes
dog,1,Spayed,normal,Fall,Yes
cat,6,Unknown,under age/weight,Spring,No
dog,7,Male,injured  severe,Spring,No
dog,11,Female,normal,Spring,No
cat,8,Female,injured  mild,Fall,No
cat,6,Unknown,under age/weight,Spring,No
dog,14,Neutered,ill moderatete,Summer,No
cat,6,Unknown,under age/weight,Spring,No
cat,9,Spayed,normal,Summer,No
dog,2,Neutered,normal,Spring,Yes
dog,2,Neutered,injured  severe,Fall,Yes
dog,10,Neutered,normal,Summer,Yes
cat,7,Female,under age/weight,Spring,No
dog,9,Male,normal,Spring,No
cat,7,Male,under age/weight,Spring,No
cat,8,Spayed,normal,Spring,No
cat,7,Male,under age/weight,Spring,No
cat,7,Female,under age/weight,Spring,No
cat,11,Neutered,fractious,Winter,No
cat,5,Neutered,injured  moderate,Fall,Yes
cat,2,Female,under age/weight,Spring,No
dog,21,Neutered,normal,Winter,No
dog,3,Neutered,normal,Summer,No
cat,6,Male,normal,Fall,No
cat,5,Female,normal,Summer,No
cat,1,Female,under age/weight,Spring,No
cat,1,Female,under age/weight,Spring,No
dog,4,Spayed,normal,Winter,Yes
cat,1,Unknown,under age/weight,Fall,No
dog,1,Neutered,normal,Fall,Yes
wild,5,Unknown,injured  severe,Fall,No
cat,0,Neutered,under age/weight,Fall,Yes
dog,9,Spayed,normal,Summer,Yes
dog,9,Spayed,normal,Summer,No
cat,8,Female,normal,Summer,No
dog,16,Male,normal,Fall,No
dog,3,Spayed,normal,Fall,Yes
dog,4,Spayed,normal,Spring,Yes
dog,16,Neutered,normal,Winter,No
cat,1,Female,under age/weight,Summer,No
cat,6,Female,ill moderatete,Spring,No
cat,1,Male,under age/weight,Spring,No
dog,1,Spayed,normal,Winter,Yes
dog,14,Spayed,normal,Spring,Yes
dog,15,Neutered,normal,Spring,No
cat,6,Spayed,normal,Spring,Yes
dog,10,Female,normal,Summer,No
cat,2,Female,normal,Fall,No
cat,7,Female,feral,Fall,No
cat,0,Female,under age/weight,Fall,No
cat,0,Male,under age/weight,Fall,No
cat,6,Unknown,under age/weight,Fall,No
cat,10,Spayed,feral,Fall,No
cat,2,Spayed,under age/weight,Spring,Yes
cat,8,Neutered,normal,Summer,No
cat,9,Male,normal,Spring,No
dog,15,Female,normal,Fall,No
cat,15,Male,ill severe,Fall,No
cat,9,Neutered,injured  severe,Winter,No
dog,12,Neutered,normal,Fall,No
dog,4,Male,normal,Summer,No
other,7,Unknown,normal,Summer,No
dog,8,Neutered,normal,Fall,Yes
cat,6,Male,normal,Summer,No
dog,6,Female,injured  severe,Winter,No
cat,8,Female,normal,Summer,No
cat,2,Spayed,injured  moderate,Spring,Yes
bird,3,Unknown,injured  severe,Winter,No
cat,2,Unknown,under age/weight,Spring,No
cat,2,Female,ill moderatete,Summer,No
other,5,Unknown,under age/weight,Summer,No
other,5,Unknown,under age/weight,Summer,No
dog,11,Male,normal,Spring,No
cat,1,Female,injured  severe,Summer,No
cat,7,Unknown,under age/weight,Spring,No
cat,4,Male,ill moderatete,Fall,No
dog,1,Female,normal,Fall,No
cat,14,Female,injured  severe,Fall,No
dog,3,Female,normal,Fall,No
dog,9,Male,normal,Winter,No
cat,7,Male,under age/weight,Summer,No
cat,1,Unknown,under age/weight,Spring,No
cat,5,Spayed,ill moderatete,Fall,Yes
cat,7,Male,under age/weight,Spring,No
dog,10,Female,normal,Winter,No
cat,1,Female,normal,Fall,Yes
cat,2,Male,under age/weight,Spring,No
cat,7,Male,under age/weight,Spring,No
cat,2,Male,under age/weight,Spring,No
cat,7,Male,under age/weight,Summer,No
dog,11,Neutered,normal,Spring,No
dog,12,Neutered,normal,Winter,No
cat,7,Neutered,injured  moderate,Winter,No
cat,9,Spayed,behavior  mild,Winter,Yes
dog,4,Female,ill mild,Summer,No
Other,4,Female,normal,Spring,No
cat,5,Spayed,injured  severe,Summer,Yes
cat,2,Neutered,normal,Summer,Yes
dog,9,Neutered,normal,Fall,Yes
rabbit,7,Spayed,normal,Fall,No
dog,4,Male,normal,Summer,No
dog,1,Spayed,i/i report,Fall,Yes
dog,1,Spayed,ill moderatete,Summer,Yes
cat,4,Neutered,normal,Fall,No
cat,4,Spayed,normal,Fall,No
cat,11,Spayed,normal,Winter,Yes
dog,1,Spayed,normal,Winter,Yes
dog,6,Female,normal,Spring,No
other,5,Female,injured  severe,Summer,No
dog,9,Female,normal,Winter,No
dog,6,Female,normal,Spring,Yes
cat,4,Neutered,injured  mild,Winter,Yes
cat,5,Neutered,ill moderatete,Winter,No
dog,7,Male,ill mild,Summer,No
cat,7,Male,normal,Summer,No
cat,8,Neutered,ill severe,Spring,No
cat,8,Neutered,feral,Winter,No
cat,7,Female,injured  severe,Fall,No
cat,7,Spayed,normal,Winter,No
cat,21,Female,ill severe,Spring,No
cat,7,Spayed,normal,Winter,Yes
cat,18,Spayed,ill severe,Fall,Yes
dog,9,Neutered,normal,Winter,No
dog,9,Spayed,normal,Summer,No
cat,1,Male,ill moderatete,Spring,No
dog,10,Neutered,normal,Spring,No
dog,7,Male,normal,Winter,No
cat,2,Spayed,fractious,Spring,No
dog,18,Neutered,normal,Spring,No
cat,2,Neutered,under age/weight,Summer,Yes
cat,6,Female,normal,Spring,No
bird,7,Male,injured  severe,Spring,No
wild,5,Unknown,under age/weight,Spring,No
bird,1,Unknown,injured  severe,Summer,No
wild,5,Unknown,under age/weight,Spring,No
cat,10,Neutered,ill severe,Spring,No
cat,2,Female,under age/weight,Spring,Yes
dog,3,Neutered,normal,Summer,No
cat,7,Male,under age/weight,Summer,No
cat,1,Spayed,under age/weight,Spring,Yes
cat,3,Neutered,injured  severe,Fall,Yes
cat,1,Male,under age/weight,Spring,Yes
dog,18,Spayed,normal,Winter,No
cat,10,Male,normal,Spring,No
cat,7,Unknown,under age/weight,Spring,No
cat,7,Unknown,under age/weight,Spring,No
cat,6,Spayed,ill moderatete,Winter,Yes
dog,12,Neutered,normal,Winter,Yes
dog,14,Neutered,injured  moderate,Spring,No
dog,11,Spayed,normal,Spring,No
bird,4,Female,normal,Fall,Yes
other,9,Unknown,ill severe,Winter,No
cat,4,Male,injured  severe,Winter,No
dog,7,Female,normal,Spring,No
cat,4,Female,ill severe,Fall,No
cat,3,Neutered,normal,Spring,No
dog,11,Male,normal,Spring,No
dog,9,Male,normal,Summer,No
dog,0,Neutered,normal,Summer,No
cat,11,Neutered,ill moderatete,Winter,Yes
cat,8,Spayed,normal,Spring,Yes
rabbit,10,Neutered,normal,Spring,Yes
Other,3,Female,normal,Summer,Yes
dog,17,Female,normal,Spring,No
cat,8,Female,normal,Spring,No
cat,8,Spayed,feral,Summer,No
cat,8,Neutered,normal,Spring,Yes
cat,2,Female,ill moderatete,Fall,No
cat,4,Male,normal,Summer,Yes
cat,2,Male,under age/weight,Summer,Yes
dog,8,Female,normal,Summer,No
cat,2,Male,under age/weight,Summer,No
dog,4,Neutered,normal,Winter,Yes
cat,9,Unknown,injured  severe,Fall,No
cat,3,Spayed,ill severe,Summer,No
cat,6,Male,injured  moderate,Fall,No
dog,7,Spayed,normal,Summer,Yes
dog,19,Neutered,normal,Summer,Yes
dog,7,Female,normal,Spring,No
dog,9,Female,normal,Winter,No
cat,2,Spayed,under age/weight,Summer,No
cat,3,Female,under age/weight,Fall,No
dog,4,Spayed,normal,Fall,Yes
cat,8,Neutered,normal,Winter,Yes
dog,5,Male,normal,Winter,Yes
dog,4,Spayed,ill moderatete,Spring,No
cat,6,Neutered,normal,Summer,No
dog,2,Female,ill moderatete,Winter,No
dog,2,Male,ill moderatete,Spring,No
cat,6,Male,normal,Fall,Yes
dog,9,Neutered,normal,Winter,Yes
rabbit,5,Female,ill mild,Fall,No
dog,6,Female,i/i report,Summer,Yes
cat,1,Female,under age/weight,Winter,No
dog,22,Neutered,normal,Winter,No
dog,6,Spayed,normal,Summer,No
bird,4,Male,normal,Winter,No
cat,10,Male,ill severe,Winter,No
dog,11,Male,normal,Summer,No
dog,5,Male,normal,Fall,No
dog,5,Male,normal,Spring,No
cat,2,Spayed,under age/weight,Spring,Yes
dog,8,Female,normal,Fall,No
cat,9,Neutered,injured  moderate,Fall,No
cat,2,Male,normal,Summer,Yes
cat,0,Neutered,ill mild,Summer,No
cat,2,Spayed,normal,Summer,Yes
cat,0,Neutered,ill mild,Summer,No
cat,0,Spayed,ill mild,Summer,No
cat,10,Unknown,ill severe,Summer,No
dog,13,Female,injured  moderate,Fall,No
cat,13,Neutered,injured  moderate,Spring,No
cat,1,Male,under age/weight,Fall,Yes
cat,0,Female,under age/weight,Summer,No
cat,1,Female,under age/weight,Fall,Yes
dog,3,Female,normal,Summer,No
dog,9,Spayed,Other,Fall,Yes
cat,1,Female,under age/weight,Fall,Yes
cat,7,Male,under age/weight,Summer,No
dog,3,Neutered,behavior  mild,Summer,Yes
dog,18,Male,injured  moderate,Spring,No
cat,5,Male,under age/weight,Spring,No
dog,4,Male,normal,Winter,Yes
cat,5,Female,under age/weight,Spring,Yes
dog,5,Male,normal,Winter,No
cat,7,Female,normal,Fall,No
dog,7,Male,injured  severe,Spring,No
dog,7,Male,injured  moderate,Summer,No
cat,3,Male,ill moderatete,Spring,No
dog,10,Female,normal,Spring,No
cat,2,Spayed,under age/weight,Summer,Yes
dog,7,Neutered,injured  mild,Winter,Yes
dog,8,Spayed,normal,Fall,Yes
cat,6,Female,under age/weight,Summer,No
wild,5,Unknown,ill severe,Winter,No
wild,10,Male,injured  severe,Fall,No
dog,14,Neutered,normal,Summer,Yes
dog,7,Neutered,normal,Summer,Yes
dog,10,Male,normal,Summer,No
cat,5,Neutered,normal,Winter,Yes
cat,6,Unknown,under age/weight,Fall,No
cat,5,Neutered,normal,Winter,Yes
cat,9,Female,normal,Fall,No
cat,2,Male,ill moderatete,Spring,No
wild,8,Unknown,ill moderatete,Summer,No
dog,5,Male,normal,Summer,No
other,6,Unknown,normal,Winter,No
cat,0,Unknown,under age/weight,Spring,No
dog,6,Spayed,normal,Fall,Yes
dog,8,Neutered,normal,Spring,Yes
cat,5,Spayed,normal,Summer,No
cat,1,Neutered,ill moderatete,Spring,Yes
dog,7,Male,normal,Winter,No
cat,1,Female,under age/weight,Spring,Yes
cat,12,Spayed,normal,Summer,No
dog,4,Unknown,normal,Spring,No
Other,8,Male,ill mild,Winter,No
dog,13,Spayed,normal,Summer,No
cat,5,Neutered,under age/weight,Winter,Yes
bird,6,Unknown,injured  mild,Spring,No
wild,5,Unknown,under age/weight,Spring,No
dog,2,Neutered,normal,Fall,Yes
cat,6,Male,under age/weight,Spring,No
cat,7,Female,under age/weight,Spring,No
cat,11,Neutered,feral,Spring,No
cat,6,Female,under age/weight,Spring,No
cat,6,Male,under age/weight,Spring,No
dog,4,Male,injured  mild,Winter,No
cat,5,Neutered,ill moderatete,Spring,No
cat,3,Neutered,ill moderatete,Spring,Yes
cat,11,Neutered,ill severe,Summer,No
bird,13,Unknown,ill mild,Winter,No
cat,0,Neutered,under age/weight,Fall,Yes
dog,1,Spayed,normal,Winter,Yes
cat,7,Spayed,normal,Winter,No
dog,8,Neutered,normal,Summer,Yes
cat,4,Male,under age/weight,Summer,No
dog,5,Male,normal,Winter,No
dog,6,Female,normal,Fall,No
cat,4,Spayed,normal,Fall,Yes
wild,3,Unknown,under age/weight,Spring,No
dog,4,Neutered,normal,Fall,No
cat,7,Female,normal,Winter,No
cat,7,Spayed,normal,Summer,Yes
bird,7,Male,normal,Fall,No
cat,5,Female,under age/weight,Summer,No
wild,1,Unknown,under age/weight,Spring,No
cat,7,Spayed,fractious,Summer,No
cat,6,Female,under age/weight,Summer,No
cat,4,Spayed,normal,Spring,Yes
dog,0,Spayed,normal,Fall,No
cat,8,Unknown,under age/weight,Spring,No
cat,8,Unknown,under age/weight,Spring,No
dog,11,Spayed,normal,Fall,No
cat,2,Male,ill mild,Fall,No
cat,3,Spayed,normal,Spring,Yes
cat,2,Male,ill mild,Fall,No
cat,2,Female,ill mild,Fall,No
cat,2,Female,ill mild,Fall,No
dog,10,Female,normal,Winter,No
dog,6,Male,normal,Fall,No
dog,7,Neutered,normal,Summer,Yes
dog,9,Male,normal,Summer,No
dog,2,Male,normal,Spring,No
cat,0,Neutered,under age/weight,Summer,Yes
dog,2,Male,normal,Spring,No
cat,0,Female,under age/weight,Fall,No
cat,12,Unknown,injured  severe,Fall,No
cat,0,Spayed,under age/weight,Fall,Yes
bird,1,Unknown,under age/weight,Spring,No
bird,1,Unknown,under age/weight,Spring,No
dog,6,Spayed,normal,Fall,Yes
cat,7,Female,under age/weight,Spring,No
cat,2,Unknown,under age/weight,Fall,No
cat,3,Female,injured  severe,Summer,No
cat,1,Neutered,under age/weight,Summer,Yes
cat,8,Spayed,injured  severe,Fall,No
cat,2,Spayed,under age/weight,Spring,Yes
dog,9,Male,normal,Spring,No
cat,0,Neutered,normal,Fall,Yes
dog,7,Female,normal,Winter,No
dog,12,Neutered,normal,Fall,No
cat,6,Unknown,ill severe,Spring,No
cat,10,Male,normal,Winter,No
dog,1,Male,normal,Fall,No
cat,5,Male,under age/weight,Summer,No
dog,10,Spayed,normal,Summer,Yes
dog,13,Neutered,behavior  moderate,Fall,No
cat,7,Unknown,under age/weight,Spring,No
dog,1,Male,normal,Summer,No
other,2,Unknown,under age/weight,Spring,No
dog,3,Male,normal,Winter,No
dog,16,Spayed,normal,Summer,No
cat,1,Female,ill mild,Fall,No
rabbit,2,Spayed,normal,Spring,Yes
cat,12,Male,injured  severe,Summer,No
cat,0,Female,under age/weight,Summer,No
dog,1,Neutered,normal,Summer,Yes
cat,12,Female,injured  severe,Fall,No
cat,4,Male,normal,Summer,No
cat,5,Spayed,normal,Fall,No
cat,8,Neutered,fractious,Summer,No
Other,4,Female,normal,Winter,No
cat,1,Unknown,under age/weight,Spring,No
cat,8,Female,normal,Spring,No
bird,5,Unknown,under age/weight,Spring,No
dog,0,Male,under age/weight,Summer,No
rabbit,6,Spayed,normal,Winter,No
dog,0,Male,under age/weight,Summer,No
dog,15,Female,normal,Spring,No
bird,6,Female,normal,Summer,No
wild,1,Unknown,ill severe,Spring,No
cat,5,Male,normal,Summer,No
other,6,Unknown,ill severe,Fall,No
dog,3,Female,injured  severe,Summer,No
dog,3,Spayed,normal,Summer,Yes
cat,14,Female,normal,Winter,No
cat,1,Female,ill moderatete,Spring,No
dog,13,Female,normal,Fall,No
cat,2,Spayed,ill mild,Summer,Yes
cat,10,Neutered,ill mild,Spring,Yes
dog,5,Female,normal,Fall,No
dog,7,Neutered,normal,Summer,No
rabbit,4,Female,injured  moderate,Summer,No
dog,10,Male,normal,Summer,No
cat,7,Male,under age/weight,Spring,No
dog,8,Male,normal,Winter,No
cat,2,Male,normal,Spring,Yes
cat,2,Female,ill mild,Summer,Yes
cat,10,Female,feral,Winter,No
cat,9,Neutered,normal,Winter,No
cat,8,Male,injured  moderate,Winter,No
cat,7,Unknown,under age/weight,Spring,No
cat,8,Neutered,feral,Spring,No
cat,7,Unknown,under age/weight,Spring,No
dog,9,Spayed,normal,Summer,No
cat,4,Neutered,ill moderatete,Fall,No
dog,11,Neutered,injured  mild,Spring,No
cat,1,Male,under age/weight,Spring,No
bird,1,Male,normal,Spring,No
dog,20,Female,Other,Fall,Yes
cat,5,Female,normal,Summer,No
rabbit,4,Spayed,injured  mild,Spring,Yes
dog,13,Female,normal,Fall,No
cat,5,Spayed,fractious,Spring,No
Other,8,Female,normal,Winter,Yes
dog,9,Male,normal,Winter,No
cat,2,Male,ill moderatete,Fall,No
cat,5,Unknown,under age/weight,Summer,No
dog,7,Spayed,normal,Spring,No
dog,14,Neutered,normal,Summer,No
dog,1,Spayed,ill moderatete,Fall,Yes
cat,2,Spayed,under age/weight,Summer,Yes
cat,2,Female,under age/weight,Summer,No
dog,10,Spayed,injured  moderate,Winter,No
dog,1,Spayed,normal,Spring,Yes
cat,2,Male,under age/weight,Summer,No
dog,1,Neutered,normal,Spring,Yes
dog,3,Spayed,normal,Summer,Yes
dog,11,Female,ill mild,Summer,No
cat,8,Male,normal,Summer,No
dog,10,Male,normal,Fall,No
dog,8,Spayed,injured  mild,Spring,No
dog,2,Neutered,normal,Spring,Yes
dog,9,Male,normal,Summer,No
dog,7,Male,normal,Winter,No
cat,0,Unknown,under age/weight,Spring,No
dog,8,Spayed,behavior  moderate,Fall,Yes
dog,1,Unknown,ill mild,Fall,No
dog,1,Unknown,ill mild,Fall,No
dog,1,Unknown,ill mild,Fall,No
dog,1,Unknown,ill mild,Fall,No
cat,1,Neutered,under age/weight,Summer,Yes
wild,8,Female,normal,Fall,No
dog,1,Neutered,normal,Winter,Yes
other,2,Unknown,under age/weight,Summer,No
dog,9,Neutered,normal,Fall,No
cat,8,Male,ill severe,Winter,No
cat,0,Male,under age/weight,Summer,No
cat,0,Male,under age/weight,Winter,No
cat,4,Neutered,normal,Winter,Yes
cat,0,Female,under age/weight,Winter,No
dog,16,Neutered,normal,Fall,Yes
dog,1,Female,injured  mild,Summer,No
cat,8,Neutered,feral,Spring,No
cat,6,Unknown,under age/weight,Spring,No
wild,8,Unknown,under age/weight,Spring,No
wild,8,Unknown,under age/weight,Spring,No
wild,8,Unknown,under age/weight,Spring,No
other,1,Unknown,under age/weight,Winter,No
cat,11,Spayed,feral,Winter,No
other,1,Unknown,under age/weight,Winter,No
other,1,Unknown,under age/weight,Winter,No
rabbit,4,Neutered,normal,Summer,No
dog,9,Male,normal,Winter,No
cat,7,Unknown,under age/weight,Fall,No
cat,0,Unknown,under age/weight,Summer,No
cat,7,Unknown,under age/weight,Summer,No
dog,7,Male,injured  severe,Winter,No
cat,1,Female,under age/weight,Summer,No
dog,7,Neutered,normal,Fall,Yes
cat,2,Neutered,under age/weight,Summer,Yes
rabbit,3,Spayed,normal,Summer,No
cat,4,Female,under age/weight,Summer,No
cat,5,Unknown,under age/weight,Summer,No
dog,14,Neutered,ill mild,Spring,No
dog,12,Neutered,normal,Spring,No
other,2,Unknown,ill severe,Fall,No
cat,7,Unknown,ill moderatete,Summer,No
cat,4,Male,under age/weight,Spring,No
cat,9,Neutered,feral,Fall,No
cat,4,Male,under age/weight,Spring,No
cat,7,Male,under age/weight,Fall,No
cat,4,Female,under age/weight,Spring,No
dog,8,Female,normal,Spring,No
cat,7,Female,under age/weight,Fall,No
dog,13,Male,normal,Winter,No
dog,1,Spayed,normal,Summer,Yes
dog,6,Unknown,injured  severe,Summer,No
dog,2,Spayed,normal,Fall,Yes
dog,2,Male,normal,Fall,Yes
cat,0,Male,under age/weight,Fall,No
dog,2,Spayed,normal,Winter,No
dog,2,Spayed,normal,Winter,Yes
cat,0,Female,under age/weight,Spring,No
cat,1,Spayed,injured  mild,Fall,No
cat,0,Neutered,under age/weight,Summer,Yes
dog,10,Neutered,normal,Spring,No
cat,0,Neutered,under age/weight,Summer,Yes
wild,5,Unknown,ill severe,Fall,No
cat,0,Spayed,under age/weight,Summer,Yes
cat,0,Spayed,under age/weight,Summer,Yes
other,6,Unknown,under age/weight,Summer,No
dog,18,Male,ill mild,Spring,No
dog,6,Spayed,normal,Winter,Yes
cat,3,Spayed,normal,Fall,Yes
cat,2,Female,under age/weight,Fall,Yes
cat,8,Male,feral,Winter,No
cat,2,Neutered,under age/weight,Summer,Yes
cat,8,Male,feral,Winter,No
cat,8,Male,feral,Winter,No
cat,2,Spayed,under age/weight,Summer,Yes
cat,6,Spayed,normal,Summer,No
cat,2,Neutered,under age/weight,Summer,Yes
cat,1,Neutered,injured  moderate,Summer,Yes
dog,11,Female,injured  severe,Summer,No
dog,5,Spayed,normal,Fall,Yes
dog,8,Male,normal,Fall,No
dog,8,Spayed,injured  mild,Spring,Yes
dog,2,Neutered,normal,Winter,Yes
dog,11,Male,normal,Winter,No
bird,7,Unknown,ill severe,Winter,No
cat,7,Unknown,under age/weight,Summer,No
cat,8,Unknown,under age/weight,Winter,No
cat,8,Unknown,under age/weight,Winter,No
cat,8,Unknown,under age/weight,Winter,No
cat,3,Male,normal,Winter,No
dog,9,Female,normal,Summer,No
dog,3,Spayed,normal,Fall,Yes
cat,2,Female,ill moderatete,Summer,Yes
dog,5,Female,ill severe,Spring,No
dog,4,Neutered,normal,Winter,Yes
cat,2,Female,under age/weight,Summer,Yes
cat,2,Spayed,under age/weight,Summer,Yes
other,2,Unknown,injured  severe,Fall,No
dog,7,Female,injured  severe,Winter,No
dog,5,Female,normal,Fall,Yes
dog,5,Female,normal,Fall,Yes
cat,4,Neutered,injured  mild,Spring,Yes
cat,8,Spayed,normal,Summer,No
wild,8,Unknown,injured  mild,Summer,No
cat,5,Male,under age/weight,Summer,No
dog,12,Male,ill mild,Summer,No
dog,1,Female,normal,Fall,No
dog,1,Female,normal,Fall,No
dog,3,Male,normal,Fall,Yes
dog,14,Male,behavior  moderate,Spring,No
dog,5,Male,normal,Winter,No
cat,0,Neutered,under age/weight,Summer,No
dog,9,Neutered,injured  severe,Fall,No
cat,0,Male,under age/weight,Summer,No
dog,9,Spayed,behavior  moderate,Summer,No
Other,2,Male,ill moderatete,Summer,No
cat,2,Female,normal,Summer,No
cat,2,Neutered,normal,Summer,Yes
dog,7,Female,normal,Winter,No
dog,2,Female,normal,Winter,No
dog,1,Male,injured  severe,Fall,No
dog,2,Male,normal,Winter,No
cat,2,Male,under age/weight,Fall,No
dog,2,Neutered,injured  moderate,Summer,Yes
bird,3,Unknown,injured  moderate,Summer,No
dog,10,Spayed,normal,Winter,No
dog,3,Female,normal,Fall,No
cat,4,Spayed,fractious,Summer,Yes
cat,14,Spayed,ill mild,Fall,No
other,4,Unknown,injured  moderate,Fall,No
cat,6,Male,under age/weight,Fall,No
cat,4,Neutered,normal,Summer,Yes
dog,7,Spayed,normal,Summer,Yes
cat,5,Female,under age/weight,Winter,No
bird,4,Unknown,injured  moderate,Spring,No
dog,4,Male,injured  moderate,Winter,No
dog,1,Neutered,normal,Fall,No
dog,14,Neutered,normal,Winter,No
cat,4,Male,under age/weight,Summer,No
dog,6,Neutered,normal,Fall,No
cat,4,Female,under age/weight,Summer,No
cat,1,Neutered,under age/weight,Summer,No
cat,2,Spayed,normal,Spring,No
dog,14,Spayed,ill mild,Spring,No
bird,9,Unknown,injured  moderate,Winter,No
dog,14,Spayed,ill mild,Winter,No
dog,12,Male,injured  moderate,Winter,No
dog,2,Spayed,normal,Spring,Yes
cat,1,Male,under age/weight,Summer,No
dog,6,Female,normal,Summer,No
cat,5,Unknown,under age/weight,Spring,No
dog,6,Female,normal,Fall,No
dog,15,Male,normal,Spring,No
dog,3,Neutered,normal,Summer,Yes
bird,7,Unknown,injured  moderate,Fall,No
cat,7,Unknown,under age/weight,Summer,No
cat,7,Neutered,feral,Summer,Yes
dog,11,Male,normal,Fall,No
cat,6,Spayed,normal,Winter,Yes
cat,6,Female,under age/weight,Summer,No
cat,7,Neutered,normal,Spring,No
other,8,Male,ill severe,Winter,No
dog,4,Spayed,normal,Winter,Yes
cat,1,Neutered,normal,Spring,No
cat,1,Spayed,normal,Spring,No
dog,8,Neutered,normal,Winter,Yes
bird,6,Unknown,injured  severe,Summer,No
cat,7,Unknown,normal,Fall,No
cat,6,Female,normal,Spring,No
cat,7,Unknown,normal,Fall,No
dog,5,Male,normal,Winter,Yes
cat,8,Female,normal,Winter,No
cat,7,Male,under age/weight,Spring,No
dog,2,Neutered,normal,Summer,Yes
dog,10,Female,normal,Winter,No
cat,2,Spayed,normal,Winter,Yes
cat,1,Female,under age/weight,Fall,Yes
cat,7,Spayed,normal,Fall,Yes
bird,9,Unknown,injured  moderate,Fall,No
cat,7,Unknown,under age/weight,Spring,No
dog,9,Female,normal,Winter,No
dog,6,Male,injured  mild,Winter,No
dog,4,Spayed,normal,Spring,Yes
cat,2,Spayed,normal,Fall,Yes
cat,1,Female,under age/weight,Fall,Yes
dog,10,Male,injured  severe,Winter,No
cat,1,Male,under age/weight,Fall,Yes
dog,6,Male,normal,Summer,No
cat,4,Female,normal,Fall,No
dog,6,Spayed,normal,Summer,Yes
cat,9,Neutered,feral,Fall,No
cat,6,Male,under age/weight,Spring,No
dog,2,Neutered,normal,Fall,Yes
cat,6,Female,under age/weight,Spring,No
dog,3,Spayed,normal,Summer,Yes
other,10,Unknown,ill severe,Winter,No
dog,7,Male,normal,Spring,No
dog,1,Male,normal,Fall,No
dog,9,Neutered,normal,Summer,No
dog,1,Male,normal,Fall,No
dog,2,Neutered,i/i report,Winter,Yes
cat,10,Spayed,normal,Winter,No
bird,1,Unknown,under age/weight,Spring,No
dog,3,Spayed,normal,Spring,Yes
bird,8,Male,normal,Spring,No
dog,2,Neutered,normal,Summer,Yes
dog,3,Neutered,injured  mild,Winter,Yes
dog,4,Spayed,normal,Spring,Yes
wild,6,Unknown,ill severe,Spring,No
dog,17,Male,normal,Summer,No
cat,13,Spayed,normal,Fall,No
dog,6,Female,normal,Summer,No
dog,5,Neutered,normal,Spring,Yes
cat,15,Female,fractious,Spring,No
cat,7,Neutered,feral,Fall,No
dog,11,Male,normal,Winter,No
cat,1,Unknown,injured  moderate,Fall,No
other,1,Unknown,ill severe,Fall,No
cat,1,Spayed,ill moderatete,Fall,No
cat,13,Neutered,normal,Spring,No
cat,10,Neutered,normal,Spring,No
dog,8,Spayed,normal,Winter,Yes
dog,1,Neutered,normal,Summer,Yes
dog,11,Spayed,injured  severe,Spring,No
other,3,Unknown,under age/weight,Spring,No
cat,4,Male,under age/weight,Spring,No
cat,6,Unknown,under age/weight,Summer,No
cat,3,Neutered,normal,Summer,No
cat,6,Unknown,under age/weight,Summer,No
cat,0,Female,injured  severe,Summer,No
cat,6,Male,under age/weight,Fall,No
cat,2,Spayed,fractious,Spring,No
cat,6,Female,under age/weight,Fall,No
cat,1,Female,ill severe,Spring,No
cat,1,Unknown,under age/weight,Spring,No
cat,4,Spayed,ill mild,Fall,Yes
cat,5,Spayed,ill severe,Winter,Yes
cat,1,Female,ill mild,Spring,No
cat,4,Male,under age/weight,Spring,No
cat,4,Male,ill mild,Fall,No
cat,1,Female,ill mild,Spring,No
dog,4,Neutered,normal,Fall,Yes
cat,1,Unknown,under age/weight,Spring,No
cat,1,Neutered,under age/weight,Spring,No
cat,1,Unknown,under age/weight,Spring,No
dog,9,Female,normal,Spring,No
cat,0,Female,under age/weight,Spring,No
cat,1,Spayed,ill mild,Summer,No
dog,6,Spayed,behavior  moderate,Winter,No
Other,3,Male,normal,Spring,No
cat,3,Spayed,normal,Spring,No
dog,13,Female,injured  severe,Spring,No
cat,4,Spayed,ill mild,Spring,No
cat,4,Spayed,normal,Summer,No
cat,6,Spayed,fractious,Summer,No
cat,1,Male,under age/weight,Summer,No
dog,9,Neutered,normal,Spring,Yes
cat,7,Male,under age/weight,Summer,No
cat,1,Male,normal,Spring,No
dog,5,Female,normal,Fall,Yes
cat,3,Spayed,normal,Spring,No
cat,4,Neutered,normal,Spring,No
cat,7,Unknown,under age/weight,Spring,No
cat,6,Male,under age/weight,Summer,No
dog,9,Female,normal,Winter,No
dog,9,Male,injured  moderate,Summer,No
cat,11,Spayed,normal,Summer,Yes
cat,8,Male,normal,Spring,No
cat,2,Male,under age/weight,Winter,Yes
dog,3,Neutered,normal,Spring,Yes
cat,3,Spayed,normal,Winter,No
dog,3,Male,normal,Spring,No
cat,5,Spayed,normal,Spring,No
wild,3,Unknown,ill severe,Winter,No
cat,3,Spayed,normal,Fall,No
cat,6,Neutered,normal,Summer,No
cat,3,Spayed,normal,Fall,No
cat,9,Neutered,injured  mild,Spring,Yes
rabbit,6,Unknown,normal,Summer,No
dog,12,Neutered,normal,Fall,No
cat,5,Neutered,normal,Summer,No
cat,6,Female,under age/weight,Spring,No
cat,2,Female,injured  moderate,Summer,No
cat,3,Neutered,normal,Spring,No
dog,1,Female,normal,Fall,No
wild,4,Male,under age/weight,Spring,No
cat,7,Female,normal,Spring,No
cat,5,Spayed,normal,Spring,Yes
cat,7,Unknown,under age/weight,Spring,No
dog,6,Spayed,injured  moderate,Spring,Yes
cat,6,Male,normal,Spring,Yes
cat,1,Male,under age/weight,Spring,No
cat,2,Neutered,normal,Spring,No
cat,4,Neutered,normal,Winter,Yes
cat,1,Spayed,ill mild,Winter,Yes
cat,2,Neutered,ill mild,Fall,Yes
wild,1,Unknown,under age/weight,Spring,No
cat,10,Neutered,normal,Winter,Yes
dog,8,Male,normal,Winter,No
cat,4,Neutered,normal,Winter,No
cat,10,Neutered,fractious,Spring,No
cat,7,Male,normal,Winter,Yes
cat,4,Neutered,normal,Summer,Yes
wild,6,Male,injured  severe,Winter,No
cat,11,Neutered,fractious,Spring,No
cat,7,Male,normal,Spring,No
dog,3,Male,normal,Fall,Yes
cat,2,Neutered,under age/weight,Summer,Yes
dog,9,Spayed,normal,Winter,No
cat,7,Spayed,normal,Fall,Yes
dog,9,Spayed,normal,Fall,No
cat,10,Female,normal,Winter,No
dog,9,Female,Other,Spring,No
cat,4,Neutered,injured  moderate,Summer,No
dog,4,Male,normal,Spring,Yes
dog,14,Male,normal,Summer,No
cat,6,Male,normal,Winter,Yes
cat,5,Neutered,normal,Winter,Yes
dog,4,Neutered,injured  mild,Summer,Yes
dog,9,Spayed,normal,Spring,No
bird,6,Unknown,ill severe,Winter,No
bird,1,Unknown,normal,Summer,No
cat,13,Spayed,normal,Fall,No
cat,11,Spayed,injured  mild,Summer,No
dog,3,Neutered,normal,Fall,Yes
cat,12,Unknown,injured  severe,Fall,No
cat,13,Neutered,ill mild,Spring,No
dog,2,Spayed,normal,Summer,Yes
cat,5,Spayed,under age/weight,Summer,Yes
dog,10,Female,normal,Fall,No
cat,5,Neutered,under age/weight,Summer,Yes
cat,2,Neutered,ill mild,Summer,Yes
cat,5,Neutered,under age/weight,Summer,Yes
dog,3,Neutered,injured  mild,Spring,No
cat,0,Neutered,normal,Summer,Yes
cat,7,Neutered,normal,Spring,No
dog,10,Neutered,normal,Fall,Yes
cat,5,Neutered,injured  mild,Winter,Yes
wild,2,Unknown,injured  severe,Summer,No
cat,6,Spayed,normal,Winter,No
dog,8,Male,normal,Fall,No
dog,5,Female,normal,Winter,No
dog,2,Male,normal,Fall,No
bird,6,Unknown,injured  mild,Fall,No
dog,3,Neutered,normal,Fall,Yes
dog,6,Neutered,normal,Spring,Yes
cat,1,Unknown,under age/weight,Fall,No
cat,0,Female,under age/weight,Fall,No
dog,1,Spayed,normal,Spring,Yes
dog,9,Female,normal,Summer,No
cat,9,Female,normal,Spring,No
cat,2,Male,ill moderatete,Summer,No
other,0,Unknown,injured  moderate,Fall,No
dog,7,Spayed,normal,Winter,No
cat,17,Neutered,normal,Winter,Yes
dog,14,Neutered,ill mild,Summer,Yes
cat,5,Neutered,normal,Spring,No
cat,1,Female,normal,Spring,No
cat,0,Neutered,normal,Fall,Yes
dog,7,Neutered,normal,Winter,No
cat,3,Spayed,normal,Spring,Yes
cat,7,Male,normal,Winter,No
dog,5,Neutered,normal,Spring,No
dog,7,Spayed,normal,Spring,No
dog,13,Neutered,normal,Fall,No
dog,1,Neutered,normal,Summer,No
dog,12,Neutered,normal,Fall,Yes
dog,7,Neutered,normal,Summer,Yes
dog,10,Female,injured  severe,Winter,No
dog,5,Neutered,normal,Summer,No
other,4,Unknown,normal,Fall,No
dog,3,Neutered,normal,Winter,Yes
cat,7,Spayed,feral,Summer,No
dog,6,Neutered,normal,Spring,Yes
cat,2,Neutered,ill moderatete,Summer,Yes
cat,2,Neutered,injured  moderate,Fall,No
dog,8,Male,normal,Summer,No
cat,5,Female,fractious,Fall,No
rabbit,2,Unknown,under age/weight,Winter,No
cat,2,Spayed,under age/weight,Fall,Yes
cat,2,Female,normal,Fall,Yes
cat,7,Female,normal,Summer,No
dog,10,Female,normal,Spring,Yes
cat,7,Spayed,normal,Summer,No
dog,3,Male,normal,Summer,No
cat,5,Male,under age/weight,Summer,No
cat,2,Neutered,normal,Fall,Yes
dog,10,Male,normal,Summer,No
cat,2,Male,normal,Fall,Yes
cat,1,Female,i/i report,Fall,No
cat,14,Neutered,fractious,Summer,No
cat,1,Male,i/i report,Fall,No
cat,15,Neutered,ill severe,Summer,No
cat,2,Male,under age/weight,Spring,No
cat,0,Female,under age/weight,Fall,No
dog,9,Male,normal,Winter,No
cat,0,Female,under age/weight,Fall,No
dog,8,Female,normal,Winter,No
dog,2,Male,normal,Fall,No
dog,8,Male,normal,Winter,No
cat,1,Spayed,under age/weight,Summer,No
rabbit,1,Spayed,normal,Spring,Yes
dog,8,Female,normal,Spring,No
dog,2,Neutered,normal,Fall,Yes
dog,5,Neutered,normal,Spring,No
cat,6,Neutered,Other,Summer,No
dog,14,Female,normal,Winter,No
cat,8,Male,normal,Spring,No
dog,8,Male,normal,Spring,No
cat,7,Male,injured  severe,Fall,No
dog,9,Male,normal,Spring,No
cat,5,Male,under age/weight,Summer,No
dog,8,Male,normal,Spring,No
other,0,Unknown,injured  severe,Summer,No
dog,8,Spayed,normal,Winter,Yes
cat,7,Unknown,injured  severe,Spring,No
cat,5,Male,under age/weight,Summer,No
cat,2,Unknown,under age/weight,Spring,No
cat,5,Male,under age/weight,Summer,No
other,5,Unknown,under age/weight,Summer,No
other,5,Unknown,under age/weight,Summer,No
other,5,Unknown,under age/weight,Summer,No
dog,15,Spayed,normal,Summer,Yes
dog,3,Male,normal,Summer,No
dog,6,Male,normal,Summer,No
dog,2,Neutered,normal,Summer,Yes
rabbit,9,Neutered,normal,Spring,No
dog,3,Male,normal,Winter,Yes
cat,7,Female,normal,Fall,No
dog,6,Neutered,normal,Winter,Yes
cat,11,Neutered,fractious,Summer,No
bird,10,Male,injured  moderate,Fall,No
dog,3,Female,normal,Fall,No
dog,7,Male,normal,Winter,No
wild,7,Unknown,ill severe,Spring,No
cat,6,Female,normal,Fall,No
dog,9,Neutered,normal,Fall,No
dog,16,Male,ill mild,Fall,No
dog,9,Male,normal,Fall,No
bird,1,Unknown,injured  moderate,Winter,No
cat,1,Female,normal,Fall,Yes
cat,10,Neutered,normal,Fall,No
cat,2,Female,under age/weight,Spring,No
dog,20,Female,normal,Summer,No
dog,1,Male,normal,Fall,No
cat,3,Male,under age/weight,Spring,No
dog,4,Neutered,normal,Fall,No
dog,0,Female,under age/weight,Fall,No
dog,11,Spayed,normal,Winter,No
cat,6,Neutered,injured  severe,Fall,No
cat,10,Unknown,injured  severe,Fall,No
cat,7,Female,normal,Fall,Yes
rabbit,3,Neutered,normal,Spring,Yes
cat,0,Neutered,under age/weight,Summer,Yes
cat,10,Spayed,feral,Summer,No
cat,5,Male,under age/weight,Summer,No
cat,1,Neutered,ill mild,Spring,Yes
cat,4,Male,under age/weight,Fall,No
cat,4,Female,under age/weight,Fall,No
cat,4,Female,under age/weight,Winter,Yes
dog,11,Spayed,ill severe,Summer,No
cat,6,Neutered,injured  severe,Spring,No
cat,22,Neutered,ill severe,Fall,Yes
dog,16,Spayed,normal,Spring,No
dog,11,Spayed,ill severe,Summer,No
dog,13,Neutered,ill severe,Summer,No
other,5,Unknown,under age/weight,Spring,No
cat,14,Female,ill severe,Summer,No
dog,11,Male,ill severe,Summer,No
other,5,Unknown,under age/weight,Spring,No
other,5,Unknown,under age/weight,Spring,No
other,5,Unknown,normal,Spring,No
dog,4,Female,normal,Fall,No
cat,4,Unknown,under age/weight,Summer,No
dog,8,Male,normal,Spring,No
wild,5,Unknown,under age/weight,Spring,No
cat,5,Female,under age/weight,Fall,No
dog,4,Neutered,i/i report,Fall,Yes
rabbit,4,Neutered,normal,Summer,No
bird,1,Unknown,ill severe,Winter,No
dog,16,Male,normal,Fall,No
cat,4,Male,under age/weight,Fall,No
bird,9,Unknown,ill mild,Fall,No
dog,9,Male,normal,Winter,No
cat,1,Spayed,under age/weight,Fall,No
cat,7,Unknown,under age/weight,Fall,No
cat,1,Spayed,under age/weight,Fall,No
rabbit,4,Female,normal,Winter,No
Other,1,Female,normal,Summer,Yes
Other,2,Female,normal,Fall,No
Other,2,Female,normal,Winter,Yes
cat,0,Male,under age/weight,Summer,No
dog,6,Spayed,normal,Summer,Yes
cat,0,Male,under age/weight,Spring,No
other,9,Unknown,injured  severe,Summer,No
cat,0,Female,under age/weight,Spring,No
dog,8,Male,normal,Spring,No
dog,1,Spayed,normal,Spring,Yes
Other,2,Female,normal,Winter,Yes
cat,7,Male,normal,Summer,No
cat,1,Neutered,under age/weight,Fall,Yes
cat,8,Female,under age/weight,Spring,No
cat,2,Neutered,normal,Fall,Yes
cat,8,Female,under age/weight,Spring,No
cat,2,Spayed,normal,Winter,No
cat,4,Female,under age/weight,Spring,No
cat,7,Female,under age/weight,Spring,No
other,5,Unknown,injured  mild,Summer,No
cat,5,Female,normal,Fall,No
cat,8,Female,normal,Spring,No
cat,4,Female,normal,Summer,Yes
cat,5,Female,normal,Fall,No
cat,1,Neutered,normal,Summer,Yes
cat,5,Female,under age/weight,Fall,No
dog,4,Spayed,injured  severe,Fall,Yes
cat,1,Female,under age/weight,Summer,No
dog,1,Male,normal,Winter,No
dog,1,Neutered,normal,Winter,Yes
dog,1,Female,normal,Winter,No
dog,18,Neutered,normal,Summer,No
dog,1,Female,normal,Winter,No
dog,1,Male,normal,Winter,No
cat,6,Spayed,normal,Summer,Yes
cat,0,Spayed,under age/weight,Spring,Yes
dog,9,Male,normal,Fall,No
dog,18,Spayed,ill mild,Spring,No
cat,6,Male,ill severe,Summer,No
dog,10,Female,normal,Winter,No
bird,7,Unknown,under age/weight,Spring,No
dog,1,Male,ill severe,Spring,No
dog,17,Male,Other,Spring,No
cat,3,Female,under age/weight,Summer,No
other,3,Unknown,injured  severe,Fall,No
dog,4,Neutered,normal,Summer,No
dog,22,Neutered,normal,Spring,No
cat,0,Spayed,under age/weight,Summer,Yes
cat,2,Spayed,injured  moderate,Fall,No
dog,16,Neutered,normal,Winter,No
cat,6,Male,under age/weight,Fall,No
dog,12,Male,injured  mild,Spring,No
dog,2,Spayed,normal,Summer,Yes
cat,9,Neutered,normal,Winter,No
cat,6,Male,under age/weight,Spring,No
dog,8,Neutered,normal,Summer,No
cat,6,Female,under age/weight,Spring,No
Other,8,Female,normal,Spring,No
cat,7,Unknown,injured  moderate,Summer,No
dog,12,Male,normal,Fall,No
cat,2,Male,ill mild,Winter,Yes
dog,8,Female,normal,Summer,No
dog,11,Male,normal,Winter,No
cat,0,Male,under age/weight,Summer,No
dog,11,Female,normal,Summer,No
cat,1,Spayed,under age/weight,Fall,Yes
dog,3,Male,normal,Summer,No
cat,0,Neutered,under age/weight,Summer,Yes
cat,0,Female,under age/weight,Spring,No
dog,17,Spayed,normal,Fall,No
cat,2,Male,injured  moderate,Fall,Yes
cat,0,Female,injured  severe,Fall,No
cat,7,Neutered,normal,Summer,Yes
dog,6,Male,injured  severe,Summer,No
dog,5,Male,injured  severe,Spring,No
cat,6,Male,normal,Fall,No
cat,11,Female,ill severe,Spring,No
dog,3,Female,normal,Spring,No
dog,6,Spayed,normal,Summer,Yes
dog,1,Unknown,normal,Spring,No
dog,3,Female,normal,Winter,No
dog,2,Female,normal,Summer,Yes
cat,7,Female,normal,Spring,No
cat,2,Female,under age/weight,Summer,Yes
cat,5,Male,normal,Winter,No
cat,2,Spayed,ill mild,Summer,Yes
cat,5,Neutered,normal,Winter,Yes
cat,6,Male,fractious,Fall,No
cat,5,Spayed,normal,Winter,Yes
cat,5,Neutered,normal,Winter,Yes
cat,5,Neutered,normal,Winter,Yes
dog,10,Neutered,injured  mild,Winter,Yes
dog,2,Spayed,normal,Spring,Yes
dog,6,Spayed,fractious,Summer,Yes
dog,8,Female,normal,Spring,No
cat,1,Spayed,ill moderatete,Winter,Yes
cat,11,Female,normal,Summer,No
dog,24,Male,ill severe,Fall,No
dog,7,Neutered,normal,Winter,Yes
dog,7,Male,normal,Spring,No
cat,1,Neutered,injured  mild,Fall,Yes
dog,1,Spayed,normal,Spring,Yes
cat,8,Female,normal,Winter,No
dog,6,Female,normal,Fall,No
dog,4,Male,normal,Fall,Yes
cat,8,Male,ill severe,Winter,No
dog,12,Neutered,injured  severe,Fall,No
cat,7,Female,normal,Summer,No
dog,8,Female,injured  mild,Summer,Yes
cat,2,Neutered,injured  mild,Spring,No
cat,0,Male,under age/weight,Fall,No
other,3,Unknown,injured  severe,Winter,No
cat,0,Spayed,under age/weight,Summer,Yes
cat,3,Female,normal,Summer,No
cat,0,Spayed,under age/weight,Summer,Yes
dog,10,Spayed,injured  moderate,Spring,No
cat,3,Male,normal,Summer,No
cat,8,Neutered,normal,Winter,No
dog,10,Female,injured  severe,Fall,No
dog,5,Neutered,normal,Spring,Yes
dog,5,Spayed,injured  mild,Winter,No
cat,6,Male,normal,Fall,No
cat,3,Neutered,under age/weight,Fall,Yes
cat,6,Unknown,under age/weight,Fall,No
other,3,Female,ill moderatete,Spring,No
dog,13,Female,normal,Winter,No
cat,19,Neutered,injured  mild,Winter,No
cat,6,Neutered,injured  severe,Winter,No
cat,12,Neutered,normal,Winter,No
cat,9,Neutered,fractious,Fall,No
cat,5,Female,normal,Summer,No
dog,2,Neutered,normal,Fall,Yes
cat,4,Unknown,under age/weight,Spring,No
dog,10,Female,normal,Winter,Yes
dog,10,Female,normal,Summer,No
dog,15,Male,normal,Winter,No
dog,10,Spayed,ill moderatete,Spring,Yes
cat,0,Female,under age/weight,Spring,No
cat,0,Female,under age/weight,Spring,No
cat,0,Female,under age/weight,Spring,No
rabbit,2,Neutered,injured  moderate,Winter,No
cat,0,Male,under age/weight,Spring,No
wild,1,Unknown,under age/weight,Spring,No
cat,3,Neutered,injured  mild,Fall,Yes
wild,1,Unknown,under age/weight,Spring,No
cat,16,Spayed,normal,Winter,No
dog,6,Neutered,normal,Fall,No
dog,2,Neutered,normal,Spring,Yes
cat,1,Spayed,i/i report,Summer,Yes
cat,4,Female,normal,Fall,No
dog,2,Female,normal,Summer,No
dog,9,Male,normal,Fall,No
dog,8,Female,normal,Spring,No
cat,7,Female,under age/weight,Fall,No
dog,12,Female,normal,Winter,No
cat,2,Male,ill mild,Fall,No
cat,4,Male,under age/weight,Winter,No
dog,7,Female,normal,Winter,No
wild,8,Unknown,ill moderatete,Summer,No
wild,4,Unknown,injured  severe,Summer,No
cat,0,Unknown,ill moderatete,Summer,No
cat,8,Unknown,injured  moderate,Winter,No
dog,12,Male,injured  severe,Spring,No
cat,0,Female,ill moderatete,Fall,No
bird,7,Unknown,injured  moderate,Fall,No
dog,3,Male,injured  moderate,Winter,No
Other,2,Male,normal,Summer,No
dog,6,Spayed,normal,Summer,Yes
dog,3,Neutered,normal,Winter,Yes
cat,8,Male,injured  severe,Spring,No
dog,11,Male,normal,Summer,No
cat,9,Male,injured  severe,Summer,No
dog,7,Neutered,normal,Spring,Yes
dog,2,Male,normal,Spring,No
dog,2,Male,normal,Spring,No
dog,1,Female,under age/weight,Spring,No
cat,6,Spayed,normal,Summer,No
dog,1,Male,normal,Spring,No
cat,6,Unknown,ill severe,Summer,No
dog,1,Female,under age/weight,Spring,No
bird,1,Unknown,under age/weight,Spring,No
dog,6,Female,normal,Spring,Yes
cat,6,Male,under age/weight,Fall,No
dog,5,Male,injured  moderate,Fall,No
cat,6,Female,under age/weight,Summer,No
cat,5,Male,under age/weight,Spring,No
bird,3,Unknown,injured  mild,Summer,No
cat,5,Female,under age/weight,Spring,No
bird,1,Unknown,injured  severe,Fall,No
cat,0,Spayed,normal,Fall,Yes
dog,4,Female,normal,Summer,Yes
cat,2,Male,injured  mild,Winter,No
cat,4,Male,under age/weight,Summer,No
bird,6,Unknown,ill mild,Summer,No
bird,4,Unknown,injured  moderate,Fall,No
other,1,Female,under age/weight,Summer,No
dog,14,Spayed,Other,Winter,No
bird,5,Unknown,injured  moderate,Fall,No
cat,5,Female,ill severe,Winter,No
cat,7,Unknown,under age/weight,Spring,No
dog,10,Spayed,normal,Fall,No
dog,8,Neutered,Other,Summer,No
cat,1,Male,under age/weight,Fall,Yes
dog,3,Spayed,normal,Fall,Yes
cat,6,Unknown,under age/weight,Winter,No
cat,0,Spayed,normal,Winter,Yes
cat,4,Male,normal,Summer,No
dog,13,Neutered,normal,Winter,No
cat,6,Female,normal,Fall,No
cat,4,Female,normal,Summer,No
cat,3,Spayed,normal,Winter,Yes
dog,1,Female,under age/weight,Summer,No
dog,7,Female,normal,Fall,No
dog,10,Neutered,normal,Spring,Yes
cat,3,Neutered,normal,Summer,No
dog,7,Male,normal,Fall,No
bird,7,Unknown,injured  moderate,Fall,No
dog,2,Spayed,normal,Fall,Yes
Other,17,Female,injured  mild,Summer,No
dog,3,Female,i/i report,Summer,No
cat,7,Male,under age/weight,Spring,No
dog,7,Male,normal,Fall,No
dog,9,Neutered,injured  mild,Spring,No
wild,8,Unknown,ill mild,Summer,No
dog,7,Spayed,behavior  moderate,Fall,No
dog,11,Neutered,normal,Spring,Yes
cat,6,Female,normal,Winter,No
cat,2,Spayed,normal,Fall,Yes
dog,7,Neutered,normal,Spring,Yes
rabbit,7,Unknown,under age/weight,Fall,No
cat,2,Neutered,normal,Winter,Yes
dog,10,Male,normal,Fall,No
dog,12,Spayed,normal,Winter,No
cat,10,Male,normal,Summer,No
cat,7,Male,normal,Summer,No
dog,3,Neutered,normal,Spring,No
cat,2,Unknown,ill mild,Summer,Yes
cat,4,Female,under age/weight,Fall,No
rabbit,1,Neutered,ill mild,Fall,No
cat,2,Neutered,ill severe,Winter,Yes
cat,14,Female,normal,Winter,No
dog,2,Female,ill severe,Fall,No
bird,7,Unknown,under age/weight,Summer,No
cat,2,Female,ill mild,Summer,No
bird,7,Unknown,under age/weight,Summer,No
cat,2,Male,ill mild,Summer,No
bird,9,Unknown,injured  severe,Winter,No
dog,8,Unknown,normal,Fall,No
cat,5,Male,normal,Summer,No
cat,3,Neutered,normal,Fall,Yes
cat,11,Unknown,normal,Winter,No
wild,4,Unknown,under age/weight,Summer,No
cat,6,Neutered,fractious,Fall,No
rabbit,3,Spayed,normal,Spring,Yes
dog,1,Neutered,normal,Spring,Yes
dog,1,Spayed,normal,Spring,Yes
dog,1,Spayed,normal,Spring,Yes
dog,1,Male,under age/weight,Summer,No
dog,1,Spayed,normal,Spring,No
cat,9,Male,ill moderatete,Spring,No
Other,7,Unknown,normal,Fall,No
cat,5,Female,under age/weight,Summer,No
rabbit,5,Spayed,normal,Winter,No
cat,2,Male,under age/weight,Summer,No
dog,5,Neutered,ill mild,Fall,Yes
wild,4,Unknown,under age/weight,Summer,No
rabbit,6,Spayed,injured  moderate,Winter,No
cat,6,Spayed,normal,Winter,No
dog,2,Female,normal,Fall,No
cat,4,Male,normal,Winter,Yes
cat,4,Female,under age/weight,Fall,Yes
cat,4,Male,under age/weight,Fall,Yes
dog,2,Neutered,normal,Summer,Yes
dog,9,Male,normal,Winter,No
cat,5,Neutered,ill mild,Winter,No
cat,0,Spayed,under age/weight,Summer,Yes
cat,0,Neutered,under age/weight,Summer,Yes
cat,0,Male,under age/weight,Spring,No
cat,9,Neutered,feral,Spring,No
cat,2,Neutered,normal,Spring,Yes
cat,9,Spayed,feral,Spring,No
dog,1,Neutered,normal,Fall,Yes
dog,11,Spayed,normal,Fall,No
cat,3,Female,normal,Fall,No
cat,6,Unknown,under age/weight,Spring,No
dog,6,Neutered,normal,Winter,Yes
dog,6,Male,injured  mild,Spring,No
cat,6,Unknown,under age/weight,Spring,No
cat,6,Unknown,under age/weight,Spring,No
other,1,Unknown,injured  moderate,Fall,No
dog,9,Neutered,ill moderatete,Winter,Yes
cat,2,Spayed,ill moderatete,Spring,No
cat,0,Neutered,under age/weight,Summer,Yes
cat,13,Neutered,injured  moderate,Spring,No
other,2,Unknown,ill severe,Winter,No
cat,2,Female,normal,Summer,No
other,1,Unknown,under age/weight,Winter,No
other,1,Unknown,under age/weight,Winter,No
bird,3,Unknown,injured  severe,Summer,No
cat,5,Male,under age/weight,Fall,No
dog,8,Female,injured  mild,Spring,No
rabbit,7,Neutered,normal,Fall,Yes
cat,1,Unknown,under age/weight,Summer,No
rabbit,7,Spayed,normal,Summer,No
dog,4,Neutered,normal,Winter,No
dog,2,Neutered,normal,Summer,Yes
cat,1,Unknown,under age/weight,Summer,No
cat,2,Male,under age/weight,Fall,No
cat,1,Female,under age/weight,Summer,Yes
dog,18,Female,normal,Summer,No
cat,1,Female,under age/weight,Summer,Yes
cat,1,Unknown,under age/weight,Summer,No
other,5,Unknown,injured  mild,Summer,No
bird,2,Unknown,normal,Summer,No
dog,15,Spayed,injured  mild,Spring,No
rabbit,6,Spayed,normal,Fall,Yes
cat,5,Spayed,normal,Fall,Yes
dog,8,Female,normal,Summer,No
cat,4,Neutered,fractious,Fall,Yes
Other,9,Unknown,normal,Spring,No
cat,9,Spayed,feral,Winter,No
Other,10,Female,normal,Spring,No
cat,7,Male,under age/weight,Fall,No
bird,2,Unknown,normal,Summer,No
cat,7,Male,under age/weight,Fall,No
bird,5,Female,ill severe,Fall,No
dog,3,Neutered,normal,Fall,Yes
dog,1,Spayed,normal,Summer,Yes
dog,6,Male,normal,Fall,No
dog,14,Female,normal,Fall,No
dog,11,Female,injured  moderate,Winter,Yes
cat,0,Male,under age/weight,Fall,No
cat,8,Male,under age/weight,Spring,No
bird,5,Unknown,ill severe,Summer,No
cat,2,Unknown,under age/weight,Summer,No
cat,3,Unknown,injured  severe,Spring,No
other,4,Unknown,under age/weight,Fall,No
cat,7,Male,under age/weight,Summer,Yes
cat,3,Male,injured  severe,Spring,No
wild,1,Unknown,ill severe,Winter,No
rabbit,4,Spayed,normal,Fall,No
cat,5,Male,under age/weight,Spring,No
cat,3,Neutered,normal,Fall,Yes
cat,7,Spayed,fractious,Summer,No
dog,1,Neutered,normal,Winter,Yes
cat,7,Spayed,normal,Summer,No
cat,1,Female,under age/weight,Fall,No
cat,5,Spayed,fractious,Fall,No
cat,1,Spayed,under age/weight,Winter,Yes
cat,8,Spayed,fractious,Fall,No
cat,1,Male,under age/weight,Fall,No
cat,1,Spayed,normal,Spring,Yes
cat,8,Male,feral,Winter,No
cat,8,Male,feral,Winter,No
cat,8,Male,feral,Winter,No
dog,10,Male,normal,Fall,No
cat,4,Female,under age/weight,Spring,No
dog,5,Male,normal,Fall,No
wild,7,Unknown,ill mild,Spring,No
dog,6,Male,normal,Summer,No
cat,5,Female,under age/weight,Summer,No
cat,4,Female,under age/weight,Spring,No
dog,6,Male,normal,Summer,No
cat,6,Male,under age/weight,Winter,Yes
dog,6,Male,normal,Winter,No
bird,2,Unknown,injured  mild,Summer,No
dog,15,Neutered,normal,Spring,Yes
cat,1,Unknown,under age/weight,Spring,No
dog,6,Male,injured  moderate,Winter,No
cat,1,Unknown,under age/weight,Spring,No
Other,0,Female,normal,Summer,No
dog,10,Male,normal,Fall,No
cat,0,Neutered,under age/weight,Summer,Yes
dog,10,Spayed,normal,Spring,No
dog,12,Female,normal,Summer,Yes
dog,15,Female,fractious,Fall,No
cat,7,Unknown,under age/weight,Summer,No
cat,7,Unknown,under age/weight,Summer,No
other,3,Male,ill severe,Winter,No
bird,2,Unknown,injured  severe,Spring,No
cat,2,Spayed,normal,Fall,Yes
cat,11,Male,normal,Winter,No
bird,7,Unknown,injured  severe,Summer,No
bird,1,Unknown,injured  severe,Spring,No
other,8,Male,ill severe,Winter,No
cat,2,Female,normal,Summer,No
cat,16,Spayed,normal,Winter,Yes
cat,2,Male,normal,Summer,No
cat,2,Spayed,under age/weight,Spring,Yes
cat,3,Unknown,under age/weight,Fall,No
cat,3,Male,under age/weight,Fall,No
cat,4,Male,under age/weight,Fall,No
Other,3,Female,injured  moderate,Summer,No
cat,6,Unknown,ill severe,Summer,No
cat,4,Male,under age/weight,Spring,No
cat,6,Unknown,ill severe,Summer,No
cat,4,Female,under age/weight,Spring,No
cat,2,Neutered,normal,Fall,Yes
rabbit,5,Male,normal,Spring,No
cat,6,Male,normal,Fall,No
dog,14,Female,normal,Fall,No
Other,5,Female,normal,Winter,No
cat,3,Unknown,normal,Summer,No
rabbit,2,Neutered,normal,Spring,Yes
cat,1,Female,under age/weight,Summer,Yes
cat,1,Neutered,under age/weight,Fall,Yes
cat,5,Female,under age/weight,Winter,No
cat,3,Spayed,normal,Fall,Yes
dog,4,Neutered,normal,Fall,No
dog,9,Neutered,normal,Winter,Yes
bird,9,Female,injured  mild,Fall,No
dog,9,Neutered,Other,Summer,Yes
dog,3,Spayed,normal,Summer,Yes
dog,3,Spayed,normal,Winter,Yes
cat,3,Neutered,normal,Summer,No
bird,5,Unknown,under age/weight,Summer,No
cat,0,Spayed,under age/weight,Summer,Yes
dog,20,Spayed,normal,Spring,No
cat,3,Neutered,normal,Spring,No
cat,8,Female,normal,Summer,No
dog,3,Male,normal,Fall,Yes
cat,0,Unknown,under age/weight,Spring,No
dog,10,Male,normal,Spring,No
cat,0,Unknown,under age/weight,Spring,No
cat,6,Female,under age/weight,Spring,No
dog,1,Neutered,normal,Summer,Yes
cat,6,Male,under age/weight,Spring,No
dog,7,Spayed,normal,Spring,Yes
dog,11,Spayed,normal,Spring,No
cat,4,Neutered,normal,Winter,No
dog,4,Spayed,normal,Spring,Yes
dog,10,Male,normal,Spring,No
cat,0,Spayed,ill mild,Summer,Yes
dog,5,Female,normal,Summer,No
cat,1,Unknown,normal,Summer,No
cat,1,Unknown,normal,Summer,No
cat,4,Male,normal,Summer,No
cat,0,Male,under age/weight,Fall,No
cat,5,Male,under age/weight,Spring,No
cat,1,Unknown,under age/weight,Spring,No
cat,4,Spayed,normal,Winter,Yes
cat,1,Female,injured  severe,Fall,No
cat,2,Unknown,under age/weight,Spring,No
cat,8,Spayed,i/i report,Fall,Yes
dog,10,Neutered,normal,Spring,No
dog,7,Neutered,normal,Spring,Yes
dog,1,Female,normal,Fall,No
cat,1,Neutered,normal,Summer,Yes
cat,2,Female,ill moderatete,Spring,No
bird,1,Unknown,under age/weight,Spring,No
cat,1,Spayed,under age/weight,Winter,Yes
cat,5,Unknown,normal,Winter,No
cat,1,Spayed,under age/weight,Winter,Yes
cat,5,Unknown,normal,Winter,No
cat,5,Neutered,normal,Spring,No
cat,3,Neutered,under age/weight,Summer,Yes
bird,3,Unknown,injured  mild,Spring,No
cat,7,Unknown,under age/weight,Summer,No
cat,9,Male,normal,Winter,No
dog,7,Unknown,under age/weight,Spring,No
cat,0,Female,under age/weight,Summer,No
dog,3,Female,normal,Spring,No
dog,9,Female,injured  moderate,Summer,No
dog,1,Female,injured  moderate,Fall,No
cat,21,Unknown,fractious,Summer,No
dog,15,Neutered,normal,Summer,No
dog,8,Neutered,injured  mild,Fall,Yes
cat,11,Neutered,fractious,Winter,No
cat,0,Male,under age/weight,Fall,No
dog,11,Neutered,normal,Summer,No
cat,0,Male,under age/weight,Fall,No
cat,3,Neutered,normal,Winter,Yes
cat,4,Female,ill moderatete,Summer,No
cat,8,Female,normal,Winter,No
cat,6,Female,under age/weight,Winter,No
cat,7,Female,under age/weight,Fall,No
dog,20,Neutered,ill mild,Fall,No
cat,12,Neutered,normal,Summer,No
cat,4,Unknown,under age/weight,Spring,No
cat,24,Male,ill severe,Spring,No
cat,9,Female,normal,Fall,No
dog,6,Male,normal,Winter,No
other,3,Unknown,under age/weight,Spring,No
cat,7,Unknown,under age/weight,Spring,No
cat,6,Female,normal,Summer,No
cat,23,Female,normal,Summer,No
bird,5,Unknown,injured  mild,Summer,No
dog,4,Female,normal,Summer,No
cat,2,Male,ill mild,Summer,No
cat,5,Female,under age/weight,Fall,No
cat,5,Female,under age/weight,Fall,No
cat,6,Unknown,under age/weight,Fall,No
cat,2,Neutered,under age/weight,Summer,Yes
cat,2,Male,under age/weight,Winter,Yes
cat,2,Spayed,under age/weight,Summer,Yes
bird,5,Unknown,under age/weight,Summer,No
cat,6,Unknown,under age/weight,Spring,No
dog,2,Neutered,behavior  mild,Fall,Yes
dog,11,Spayed,normal,Spring,No
bird,5,Unknown,injured  moderate,Spring,No
dog,11,Male,normal,Winter,No
bird,3,Unknown,ill severe,Winter,No
cat,6,Female,under age/weight,Fall,No
cat,6,Male,under age/weight,Fall,No
dog,2,Spayed,normal,Winter,No
cat,4,Neutered,fractious,Fall,Yes
cat,3,Male,under age/weight,Spring,No
cat,4,Male,under age/weight,Spring,No
cat,4,Male,fractious,Fall,No
cat,4,Female,under age/weight,Spring,No
cat,4,Neutered,normal,Fall,No
Other,4,Male,normal,Winter,No
cat,2,Spayed,normal,Winter,Yes
cat,1,Male,ill moderatete,Fall,No
dog,4,Spayed,normal,Summer,Yes
dog,1,Neutered,normal,Fall,Yes
cat,3,Neutered,normal,Spring,No
cat,0,Spayed,under age/weight,Summer,Yes
cat,3,Spayed,normal,Spring,No
cat,9,Female,normal,Winter,No
cat,7,Female,normal,Winter,No
cat,1,Female,normal,Spring,No
wild,5,Unknown,normal,Winter,No
cat,1,Spayed,normal,Spring,No
cat,11,Spayed,ill moderatete,Winter,Yes
dog,10,Spayed,injured  moderate,Spring,Yes
cat,6,Unknown,under age/weight,Summer,No
cat,8,Unknown,under age/weight,Spring,No
cat,2,Male,normal,Summer,No
dog,7,Female,injured  mild,Fall,No
cat,5,Male,normal,Summer,No
rabbit,4,Female,normal,Winter,No
cat,3,Neutered,normal,Fall,Yes
dog,6,Male,normal,Winter,No
dog,5,Neutered,normal,Winter,No
rabbit,3,Neutered,normal,Summer,No
dog,3,Neutered,normal,Fall,Yes
cat,6,Female,Other,Summer,No
cat,5,Female,under age/weight,Spring,No
cat,6,Neutered,ill mild,Fall,Yes
dog,11,Spayed,normal,Fall,No
dog,0,Spayed,injured  moderate,Fall,Yes
cat,6,Spayed,normal,Winter,Yes
rabbit,8,Spayed,ill moderatete,Spring,No
cat,7,Female,normal,Spring,No
cat,8,Female,normal,Spring,No
cat,2,Male,under age/weight,Fall,No
dog,4,Female,normal,Fall,Yes
rabbit,7,Unknown,ill moderatete,Spring,No
cat,2,Neutered,ill moderatete,Winter,No
cat,7,Unknown,under age/weight,Fall,No
dog,3,Spayed,normal,Fall,Yes
cat,5,Neutered,normal,Fall,Yes
cat,3,Male,normal,Spring,Yes
cat,2,Unknown,under age/weight,Spring,No
cat,3,Neutered,normal,Fall,Yes
cat,6,Neutered,normal,Fall,No
dog,3,Male,normal,Fall,Yes
cat,7,Unknown,ill severe,Winter,No
rabbit,6,Neutered,normal,Summer,No
dog,4,Spayed,normal,Winter,Yes
cat,2,Neutered,normal,Winter,Yes
dog,0,Neutered,normal,Fall,Yes
cat,2,Neutered,under age/weight,Fall,Yes
cat,5,Male,under age/weight,Summer,Yes
cat,5,Female,under age/weight,Fall,No
rabbit,4,Neutered,normal,Fall,No
cat,0,Spayed,normal,Summer,Yes
cat,7,Spayed,normal,Spring,No
cat,8,Male,feral,Fall,No
cat,3,Male,injured  mild,Spring,No
dog,6,Unknown,under age/weight,Summer,No
dog,16,Female,normal,Winter,No
dog,9,Female,normal,Summer,No
cat,8,Spayed,normal,Summer,No
dog,5,Neutered,i/i report,Summer,Yes
cat,6,Spayed,normal,Fall,Yes
cat,5,Female,normal,Fall,No
cat,5,Spayed,normal,Winter,No
cat,6,Neutered,normal,Spring,Yes
cat,5,Male,normal,Winter,No
cat,4,Neutered,ill moderatete,Spring,No
cat,5,Male,normal,Winter,No
cat,12,Spayed,normal,Spring,Yes
dog,14,Spayed,normal,Summer,No
cat,6,Spayed,normal,Spring,Yes
bird,6,Unknown,injured  mild,Summer,No
dog,10,Neutered,normal,Spring,No
dog,16,Neutered,normal,Summer,No
dog,10,Female,normal,Winter,No
dog,1,Neutered,normal,Fall,Yes
dog,4,Neutered,normal,Fall,Yes
cat,0,Neutered,injured  moderate,Fall,Yes
dog,8,Female,under age/weight,Spring,No
dog,8,Male,under age/weight,Spring,No
dog,13,Male,normal,Fall,No
cat,3,Female,under age/weight,Winter,No
cat,3,Female,under age/weight,Winter,No
cat,7,Male,under age/weight,Summer,No
dog,6,Neutered,normal,Winter,Yes
dog,16,Female,normal,Spring,No
dog,9,Female,normal,Summer,No
dog,7,Spayed,normal,Winter,No
dog,10,Neutered,normal,Winter,Yes
dog,0,Female,under age/weight,Winter,No
dog,0,Female,under age/weight,Winter,No
dog,6,Female,normal,Summer,No
dog,0,Female,under age/weight,Winter,No
cat,8,Spayed,normal,Winter,No
other,6,Unknown,injured  severe,Spring,No
dog,1,Neutered,normal,Spring,No
cat,6,Neutered,under age/weight,Winter,Yes
cat,7,Neutered,under age/weight,Winter,Yes
cat,0,Unknown,under age/weight,Spring,No
rabbit,8,Male,normal,Fall,Yes
cat,7,Unknown,under age/weight,Fall,No
dog,7,Neutered,normal,Winter,Yes
rabbit,9,Neutered,normal,Spring,Yes
dog,6,Male,normal,Spring,No
dog,7,Neutered,normal,Spring,No
dog,13,Spayed,normal,Spring,Yes
cat,7,Male,ill moderatete,Winter,No
cat,6,Female,normal,Fall,No
cat,1,Female,i/i report,Fall,No
cat,1,Male,under age/weight,Spring,No
cat,1,Unknown,under age/weight,Fall,No
cat,1,Female,under age/weight,Spring,No
dog,4,Male,normal,Winter,No
dog,4,Neutered,normal,Summer,No
dog,5,Spayed,under age/weight,Winter,Yes
cat,2,Neutered,ill mild,Spring,No
other,3,Unknown,injured  severe,Fall,No
cat,2,Neutered,normal,Fall,Yes
dog,13,Spayed,normal,Spring,No
cat,1,Spayed,under age/weight,Summer,Yes
cat,1,Neutered,fractious,Spring,Yes
cat,1,Male,under age/weight,Fall,No
dog,1,Male,under age/weight,Winter,No
cat,1,Male,under age/weight,Spring,Yes
cat,5,Male,under age/weight,Spring,No
dog,1,Male,under age/weight,Winter,No
cat,1,Female,under age/weight,Spring,No
cat,10,Female,normal,Spring,No
cat,1,Female,under age/weight,Spring,No
cat,1,Neutered,normal,Winter,Yes
rabbit,9,Spayed,normal,Fall,Yes
dog,7,Male,normal,Fall,No
other,7,Unknown,injured  severe,Summer,No
dog,12,Neutered,behavior  mild,Summer,Yes
cat,5,Male,under age/weight,Summer,No
cat,5,Female,under age/weight,Fall,No
dog,8,Neutered,fractious,Fall,No
cat,10,Neutered,normal,Winter,Yes
bird,8,Unknown,injured  moderate,Spring,No
dog,6,Female,normal,Summer,No
wild,9,Male,injured  moderate,Winter,No
wild,4,Unknown,ill moderatete,Fall,No
bird,9,Unknown,injured  severe,Winter,No
cat,5,Neutered,injured  mild,Summer,No
cat,2,Neutered,ill mild,Summer,No
cat,3,Neutered,under age/weight,Winter,Yes
other,2,Unknown,injured  mild,Spring,No
cat,3,Male,under age/weight,Fall,No
dog,8,Neutered,normal,Summer,No
cat,3,Male,normal,Fall,No
cat,3,Female,under age/weight,Summer,Yes
dog,7,Neutered,normal,Winter,Yes
cat,3,Female,normal,Spring,No
dog,8,Female,normal,Winter,No
cat,3,Spayed,normal,Fall,Yes
cat,3,Female,normal,Fall,No
cat,6,Female,normal,Fall,No
dog,13,Female,injured  mild,Winter,No
cat,3,Female,injured  mild,Fall,Yes
dog,8,Male,normal,Spring,No
cat,6,Female,normal,Fall,No
dog,11,Female,normal,Winter,No
dog,14,Neutered,normal,Spring,No
dog,7,Male,normal,Fall,No
cat,2,Male,normal,Summer,Yes
Other,7,Unknown,normal,Fall,No
cat,6,Male,fractious,Summer,No
cat,6,Male,fractious,Fall,No
cat,5,Spayed,under age/weight,Summer,Yes
cat,6,Male,normal,Summer,No
dog,8,Neutered,normal,Spring,No
cat,5,Neutered,under age/weight,Summer,Yes
cat,7,Spayed,normal,Fall,No
dog,8,Male,normal,Winter,No
bird,2,Unknown,under age/weight,Spring,No
dog,8,Female,normal,Summer,No
dog,9,Male,normal,Summer,No
dog,8,Neutered,normal,Summer,No
dog,7,Female,normal,Summer,No
cat,10,Spayed,normal,Winter,No
dog,8,Female,injured  severe,Winter,No
cat,9,Female,normal,Summer,No
dog,8,Male,normal,Winter,No
rabbit,8,Neutered,normal,Spring,No
dog,8,Male,normal,Winter,No
cat,9,Male,normal,Spring,No
cat,10,Male,normal,Fall,No
dog,9,Spayed,normal,Spring,No
dog,8,Spayed,normal,Fall,Yes
wild,9,Unknown,injured  mild,Winter,No
dog,3,Male,normal,Summer,Yes
dog,7,Female,normal,Spring,No
cat,7,Spayed,normal,Spring,Yes
dog,8,Spayed,normal,Spring,No
dog,10,Male,normal,Fall,No
cat,5,Neutered,fractious,Winter,Yes
cat,5,Neutered,fractious,Winter,No
cat,10,Spayed,normal,Summer,No
cat,5,Female,normal,Winter,No
cat,7,Male,under age/weight,Summer,No
cat,7,Spayed,normal,Winter,No
cat,7,Male,under age/weight,Summer,No
cat,0,Spayed,under age/weight,Summer,Yes
cat,4,Male,normal,Winter,No
cat,10,Female,normal,Winter,Yes
dog,2,Neutered,normal,Summer,Yes
cat,6,Female,injured  severe,Spring,No
dog,10,Male,normal,Winter,No
cat,4,Female,normal,Winter,No
rabbit,6,Spayed,normal,Fall,No
cat,1,Male,under age/weight,Summer,No
cat,2,Female,fractious,Spring,No
other,5,Unknown,under age/weight,Spring,No
cat,2,Neutered,normal,Winter,Yes
cat,5,Male,under age/weight,Fall,No
cat,2,Spayed,under age/weight,Spring,Yes
other,4,Unknown,ill severe,Spring,No
cat,2,Neutered,under age/weight,Spring,Yes
cat,7,Unknown,normal,Summer,No
dog,13,Spayed,normal,Spring,No
cat,7,Spayed,normal,Summer,No
cat,4,Male,under age/weight,Summer,Yes
cat,2,Unknown,under age/weight,Summer,No
cat,2,Unknown,under age/weight,Summer,No
bird,5,Unknown,injured  moderate,Fall,No
rabbit,1,Spayed,normal,Fall,No
dog,8,Neutered,normal,Summer,No
dog,2,Neutered,i/i report,Summer,Yes
cat,6,Female,normal,Fall,No
dog,4,Female,normal,Spring,No
dog,0,Male,under age/weight,Winter,No
cat,5,Spayed,normal,Spring,Yes
dog,0,Female,under age/weight,Winter,No
cat,1,Male,under age/weight,Fall,Yes
cat,9,Female,injured  severe,Winter,No
cat,1,Female,under age/weight,Fall,Yes
cat,1,Spayed,under age/weight,Fall,Yes
cat,5,Spayed,fractious,Winter,Yes
dog,2,Neutered,normal,Summer,Yes
cat,9,Spayed,fractious,Summer,No
cat,5,Neutered,ill mild,Winter,No
cat,4,Spayed,normal,Winter,Yes
cat,2,Spayed,normal,Fall,Yes
cat,2,Female,under age/weight,Spring,No
other,2,Unknown,ill severe,Fall,No
cat,7,Unknown,under age/weight,Fall,No
cat,9,Spayed,normal,Fall,No
cat,7,Unknown,under age/weight,Fall,No
cat,4,Male,under age/weight,Fall,No
other,4,Female,normal,Fall,No
dog,1,Male,normal,Winter,No
cat,4,Female,under age/weight,Fall,No
cat,11,Spayed,normal,Summer,No
rabbit,1,Spayed,under age/weight,Summer,No
dog,2,Neutered,normal,Winter,No
bird,3,Unknown,ill severe,Spring,No
other,3,Unknown,normal,Fall,No
dog,10,Spayed,normal,Winter,No
other,3,Unknown,normal,Fall,No
dog,1,Female,normal,Winter,No
other,4,Female,normal,Fall,No
other,3,Unknown,normal,Fall,No
dog,7,Neutered,normal,Fall,No
cat,7,Male,injured  severe,Summer,No
dog,8,Male,under age/weight,Winter,No
dog,7,Female,under age/weight,Winter,No
dog,5,Neutered,normal,Spring,Yes
dog,7,Female,normal,Winter,No
dog,7,Male,normal,Winter,No
dog,7,Male,normal,Winter,No
cat,6,Male,under age/weight,Spring,No
cat,1,Female,under age/weight,Summer,No
cat,8,Male,under age/weight,Winter,No
dog,7,Female,normal,Winter,No
cat,8,Female,under age/weight,Winter,No
dog,7,Female,normal,Winter,No
cat,6,Female,normal,Spring,No
cat,4,Male,injured  severe,Fall,No
dog,8,Female,normal,Summer,No
dog,6,Neutered,normal,Spring,No
Other,1,Unknown,normal,Summer,No
dog,2,Spayed,injured  mild,Spring,Yes
cat,8,Unknown,injured  severe,Summer,No
cat,7,Female,under age/weight,Summer,No
Other,4,Female,normal,Fall,No
dog,5,Neutered,normal,Summer,Yes
dog,17,Male,normal,Spring,No
cat,6,Male,ill severe,Fall,No
cat,7,Male,under age/weight,Spring,No
cat,6,Female,ill mild,Winter,No
cat,9,Female,under age/weight,Spring,No
cat,7,Male,under age/weight,Spring,No
dog,5,Neutered,normal,Winter,No
dog,2,Neutered,normal,Fall,No
cat,5,Spayed,normal,Winter,Yes
cat,1,Female,normal,Spring,No
cat,6,Female,under age/weight,Summer,No
dog,3,Neutered,normal,Winter,Yes
cat,6,Male,under age/weight,Summer,No
dog,14,Spayed,normal,Winter,No
dog,1,Female,normal,Spring,No
dog,6,Spayed,normal,Fall,No
dog,3,Male,normal,Summer,No
cat,4,Female,under age/weight,Summer,No
dog,6,Neutered,ill mild,Fall,No
dog,10,Male,fractious,Summer,No
cat,5,Spayed,normal,Summer,No
cat,7,Neutered,normal,Summer,No
cat,8,Male,ill moderatete,Spring,No
dog,2,Spayed,normal,Summer,Yes
cat,6,Male,fractious,Fall,No
cat,7,Male,normal,Summer,No
cat,4,Male,under age/weight,Summer,No
cat,7,Female,normal,Fall,No
cat,2,Female,under age/weight,Fall,No
cat,4,Male,ill mild,Fall,No
dog,13,Male,injured  mild,Summer,No
dog,17,Female,ill mild,Summer,No
dog,9,Female,normal,Spring,No
dog,3,Male,normal,Summer,No
Other,5,Female,normal,Winter,Yes
cat,7,Male,normal,Summer,No
dog,11,Male,normal,Winter,No
cat,5,Male,ill severe,Summer,No
cat,0,Spayed,ill severe,Summer,Yes
cat,3,Female,normal,Summer,No
cat,3,Male,normal,Summer,No
cat,6,Female,normal,Winter,Yes
cat,11,Spayed,normal,Spring,No
dog,10,Neutered,normal,Spring,Yes
cat,0,Unknown,under age/weight,Summer,No
bird,3,Unknown,injured  mild,Fall,No
cat,2,Spayed,ill mild,Summer,Yes
cat,2,Spayed,injured  mild,Fall,No
cat,4,Neutered,ill moderatete,Spring,Yes
dog,5,Female,normal,Summer,No
bird,7,Unknown,under age/weight,Summer,No
dog,3,Neutered,normal,Summer,Yes
cat,0,Spayed,under age/weight,Winter,Yes
dog,3,Neutered,normal,Winter,Yes
cat,0,Male,normal,Fall,No
dog,5,Neutered,normal,Summer,Yes
cat,0,Female,under age/weight,Spring,No
wild,6,Unknown,normal,Fall,No
dog,1,Male,normal,Fall,No
cat,3,Spayed,ill mild,Winter,No
cat,3,Neutered,normal,Summer,Yes
cat,6,Spayed,normal,Spring,No
cat,5,Neutered,normal,Fall,Yes
dog,8,Female,normal,Winter,No
dog,9,Male,injured  severe,Summer,No
cat,0,Female,ill moderatete,Spring,No
cat,4,Male,under age/weight,Winter,No
cat,0,Male,ill moderatete,Spring,No
bird,2,Unknown,ill severe,Fall,No
cat,7,Female,under age/weight,Summer,No
cat,13,Female,normal,Summer,No
cat,10,Spayed,normal,Fall,Yes
dog,8,Female,normal,Winter,No
dog,5,Neutered,normal,Spring,Yes
dog,1,Male,under age/weight,Spring,No
bird,8,Unknown,injured  severe,Spring,No
dog,1,Male,under age/weight,Spring,No
dog,9,Male,normal,Spring,No
other,3,Unknown,ill moderatete,Summer,No
dog,14,Female,ill mild,Fall,No
dog,1,Female,ill mild,Winter,No
dog,7,Female,ill mild,Winter,No
dog,4,Male,normal,Summer,No
rabbit,6,Neutered,normal,Summer,No
dog,6,Female,injured  severe,Summer,No
bird,10,Female,injured  moderate,Fall,No
dog,3,Spayed,normal,Summer,No
other,2,Unknown,ill severe,Summer,No
dog,11,Male,normal,Winter,No
bird,7,Unknown,injured  severe,Summer,No
Other,2,Female,normal,Summer,Yes
bird,6,Unknown,injured  severe,Winter,No
cat,21,Spayed,normal,Summer,Yes
dog,6,Neutered,normal,Spring,No
cat,3,Spayed,under age/weight,Fall,Yes
dog,7,Male,normal,Summer,No
Other,21,Neutered,injured  mild,Spring,No
Other,8,Unknown,normal,Summer,No
bird,7,Unknown,injured  moderate,Summer,No
cat,7,Neutered,normal,Fall,No
cat,9,Female,normal,Winter,No
cat,6,Unknown,under age/weight,Summer,No
cat,1,Female,ill moderatete,Summer,No
cat,0,Spayed,normal,Winter,Yes
dog,6,Female,normal,Spring,No
rabbit,8,Neutered,normal,Winter,Yes
cat,2,Neutered,normal,Winter,Yes
dog,9,Female,normal,Fall,No
cat,2,Neutered,normal,Winter,Yes
cat,2,Neutered,injured  moderate,Fall,No
dog,4,Neutered,normal,Fall,No
cat,3,Unknown,ill severe,Spring,No
cat,2,Neutered,normal,Winter,Yes
cat,5,Unknown,under age/weight,Summer,No
cat,2,Neutered,normal,Winter,Yes
cat,5,Unknown,under age/weight,Summer,No
cat,2,Spayed,normal,Summer,Yes
Other,4,Unknown,normal,Spring,No
dog,16,Neutered,injured  severe,Fall,No
dog,11,Female,normal,Winter,No
dog,9,Neutered,normal,Fall,No
dog,3,Male,normal,Winter,No
dog,6,Male,normal,Summer,No
dog,21,Spayed,normal,Fall,No
rabbit,3,Spayed,normal,Spring,Yes
dog,4,Female,normal,Fall,No
cat,5,Male,ill moderatete,Spring,No
Other,9,Unknown,normal,Winter,No
Other,9,Unknown,normal,Winter,No
cat,5,Neutered,normal,Fall,No
dog,12,Female,normal,Fall,No
cat,2,Male,normal,Fall,Yes
dog,7,Neutered,normal,Fall,Yes
cat,0,Neutered,under age/weight,Fall,Yes
dog,3,Neutered,normal,Spring,Yes
cat,1,Male,under age/weight,Summer,No
cat,9,Female,normal,Fall,No
dog,6,Female,normal,Fall,No
dog,14,Female,normal,Fall,Yes
dog,6,Neutered,normal,Summer,Yes
cat,8,Female,normal,Spring,No
cat,5,Female,under age/weight,Summer,No
cat,5,Male,under age/weight,Summer,No
cat,8,Female,normal,Spring,No
cat,5,Male,under age/weight,Summer,No
wild,10,Unknown,injured  moderate,Spring,No
dog,2,Male,normal,Summer,No
cat,13,Spayed,normal,Spring,No
other,7,Unknown,ill severe,Fall,No
cat,0,Spayed,ill mild,Fall,No
cat,0,Neutered,ill mild,Winter,No
cat,6,Female,normal,Winter,No
cat,9,Spayed,normal,Summer,No
cat,7,Female,normal,Summer,No
other,3,Unknown,under age/weight,Spring,No
cat,10,Unknown,injured  severe,Spring,No
dog,7,Male,injured  severe,Summer,No
cat,8,Neutered,normal,Summer,No
wild,3,Unknown,injured  severe,Summer,No
dog,11,Spayed,normal,Summer,No
cat,3,Neutered,normal,Fall,Yes
cat,3,Male,normal,Summer,No
cat,6,Spayed,fractious,Winter,No
dog,3,Neutered,normal,Spring,Yes
cat,6,Neutered,fractious,Summer,Yes
rabbit,7,Neutered,normal,Fall,No
dog,7,Female,injured  severe,Winter,Yes
bird,5,Male,normal,Fall,No
other,6,Unknown,injured  severe,Spring,No
dog,19,Male,normal,Winter,No
rabbit,7,Spayed,normal,Fall,Yes
wild,7,Female,normal,Fall,No
cat,6,Female,under age/weight,Fall,No
dog,6,Neutered,normal,Fall,Yes
cat,3,Spayed,normal,Spring,No
other,2,Unknown,under age/weight,Spring,No
cat,2,Spayed,under age/weight,Summer,Yes
cat,5,Female,under age/weight,Fall,No
dog,10,Spayed,ill moderatete,Fall,Yes
cat,0,Male,under age/weight,Summer,No
dog,15,Female,ill moderatete,Winter,No
dog,6,Female,under age/weight,Summer,No
dog,10,Male,normal,Winter,No
cat,7,Neutered,injured  severe,Winter,No
cat,8,Neutered,fractious,Summer,No
dog,4,Male,normal,Winter,No
dog,9,Neutered,normal,Fall,Yes
other,2,Unknown,injured  severe,Summer,No
cat,8,Spayed,normal,Fall,No
cat,0,Spayed,under age/weight,Winter,Yes
cat,0,Spayed,under age/weight,Winter,Yes
cat,5,Female,normal,Winter,No
cat,0,Female,under age/weight,Fall,No
cat,0,Male,under age/weight,Fall,No
other,1,Unknown,under age/weight,Spring,No
cat,0,Male,under age/weight,Fall,No
cat,0,Spayed,under age/weight,Fall,Yes
other,1,Unknown,under age/weight,Spring,No
cat,8,Spayed,normal,Summer,Yes
other,1,Unknown,under age/weight,Spring,No
cat,1,Neutered,ill mild,Summer,Yes
dog,3,Neutered,normal,Winter,Yes
rabbit,7,Neutered,normal,Fall,No
cat,5,Male,under age/weight,Fall,No
dog,3,Female,injured  mild,Spring,No
dog,2,Female,normal,Spring,Yes
other,0,Unknown,under age/weight,Summer,No
bird,4,Unknown,ill severe,Winter,No
dog,2,Female,normal,Fall,No
cat,0,Spayed,under age/weight,Summer,Yes
bird,2,Unknown,normal,Summer,No
cat,2,Male,under age/weight,Spring,No
bird,2,Unknown,normal,Summer,No
cat,1,Unknown,under age/weight,Winter,No
cat,2,Female,under age/weight,Fall,No
cat,1,Unknown,under age/weight,Winter,No
cat,1,Male,under age/weight,Spring,No
other,6,Male,injured  severe,Spring,No
cat,16,Unknown,ill moderatete,Fall,No
cat,12,Spayed,normal,Summer,Yes
cat,2,Male,under age/weight,Fall,No
cat,5,Female,under age/weight,Summer,No
dog,13,Spayed,normal,Spring,No
dog,8,Male,normal,Summer,No
cat,6,Female,under age/weight,Spring,No
cat,3,Female,normal,Spring,No
wild,8,Unknown,injured  severe,Spring,No
cat,10,Spayed,ill mild,Summer,No
cat,12,Female,normal,Spring,Yes
rabbit,8,Neutered,normal,Spring,No
Other,9,Unknown,normal,Spring,No
dog,8,Male,ill moderatete,Spring,No
dog,8,Female,normal,Winter,No
dog,2,Neutered,fractious,Winter,No
Other,6,Unknown,normal,Fall,No
cat,3,Neutered,under age/weight,Fall,Yes
dog,2,Female,normal,Fall,Yes
cat,0,Neutered,under age/weight,Summer,Yes
cat,0,Spayed,under age/weight,Summer,Yes
dog,9,Male,normal,Winter,No
cat,8,Female,under age/weight,Spring,No
cat,9,Neutered,ill moderatete,Winter,Yes
cat,3,Male,normal,Spring,No
cat,3,Female,normal,Spring,No
cat,8,Male,normal,Spring,No
other,1,Unknown,ill severe,Fall,No
dog,1,Spayed,normal,Spring,Yes
cat,8,Male,normal,Summer,No
dog,5,Neutered,ill moderatete,Summer,Yes
dog,6,Spayed,normal,Fall,No
cat,4,Male,under age/weight,Summer,No
dog,5,Female,injured  severe,Winter,No
cat,1,Male,under age/weight,Summer,No
dog,13,Female,fractious,Summer,No
cat,1,Neutered,under age/weight,Summer,Yes
cat,2,Male,ill moderatete,Fall,Yes
dog,3,Female,normal,Winter,No
cat,0,Female,under age/weight,Winter,No
cat,1,Neutered,normal,Summer,Yes
dog,10,Male,normal,Winter,No
bird,8,Unknown,normal,Fall,No
dog,12,Neutered,normal,Winter,No
dog,10,Female,normal,Summer,No
bird,1,Unknown,ill moderatete,Spring,No
cat,8,Neutered,ill moderatete,Summer,No
dog,6,Female,normal,Fall,No
cat,1,Spayed,ill mild,Winter,Yes
cat,3,Male,normal,Fall,No
cat,7,Male,injured  severe,Fall,No
cat,3,Male,normal,Fall,No
dog,15,Male,normal,Summer,No
dog,5,Neutered,injured  moderate,Winter,Yes
cat,3,Unknown,under age/weight,Fall,Yes
cat,1,Unknown,under age/weight,Spring,No
cat,14,Female,injured  moderate,Spring,No
dog,4,Male,normal,Winter,No
dog,2,Spayed,normal,Winter,No
cat,1,Unknown,under age/weight,Spring,No
cat,1,Unknown,under age/weight,Spring,No
dog,4,Male,ill mild,Winter,No
cat,1,Unknown,under age/weight,Spring,No
dog,6,Male,injured  severe,Fall,No
Other,2,Female,normal,Spring,No
dog,4,Female,injured  mild,Summer,No
Other,0,Female,normal,Summer,No
Other,1,Male,injured  severe,Spring,No
dog,6,Male,normal,Fall,No
dog,1,Male,normal,Spring,No
cat,2,Unknown,under age/weight,Fall,No
dog,15,Spayed,normal,Summer,No
cat,0,Male,under age/weight,Summer,No
cat,0,Spayed,normal,Summer,Yes
cat,3,Male,under age/weight,Fall,No
dog,1,Neutered,normal,Winter,Yes
cat,2,Neutered,injured  moderate,Winter,No
cat,2,Neutered,injured  moderate,Summer,Yes
dog,6,Male,normal,Summer,No
cat,2,Female,under age/weight,Spring,No
bird,8,Unknown,normal,Spring,No
cat,3,Male,under age/weight,Fall,No
cat,8,Male,injured  severe,Summer,No
dog,2,Male,normal,Summer,Yes
dog,13,Neutered,normal,Summer,No
cat,3,Male,ill severe,Summer,No
dog,7,Neutered,normal,Spring,No
dog,18,Male,normal,Winter,No
cat,4,Male,ill moderatete,Summer,No
dog,7,Female,normal,Fall,No
Other,8,Unknown,normal,Fall,No
dog,7,Neutered,normal,Fall,No
Other,7,Unknown,normal,Winter,No
dog,12,Spayed,normal,Winter,No
cat,2,Unknown,under age/weight,Fall,No
dog,6,Female,normal,Summer,Yes
cat,2,Male,under age/weight,Fall,No
cat,2,Female,under age/weight,Fall,No
cat,15,Spayed,normal,Winter,No
cat,4,Unknown,under age/weight,Fall,No
dog,6,Unknown,under age/weight,Fall,No
dog,7,Neutered,normal,Winter,No
dog,6,Unknown,under age/weight,Fall,No
dog,2,Spayed,normal,Summer,Yes
dog,4,Spayed,fractious,Spring,No
cat,1,Male,ill severe,Summer,No
cat,2,Male,ill moderatete,Fall,No
cat,0,Male,under age/weight,Summer,No
cat,2,Male,under age/weight,Summer,No
dog,3,Male,normal,Spring,No
cat,4,Female,normal,Fall,No
cat,5,Neutered,normal,Fall,Yes
cat,1,Male,normal,Fall,Yes
dog,5,Neutered,normal,Fall,Yes
dog,3,Female,normal,Spring,No
cat,2,Female,under age/weight,Fall,No
cat,3,Unknown,normal,Summer,No
cat,1,Neutered,under age/weight,Fall,Yes
cat,6,Spayed,normal,Fall,No
cat,3,Neutered,normal,Winter,No
dog,6,Neutered,normal,Spring,Yes
dog,8,Female,normal,Spring,No
cat,0,Neutered,normal,Fall,Yes
dog,1,Spayed,ill mild,Spring,Yes
cat,5,Male,injured  severe,Summer,No
cat,4,Male,ill mild,Summer,No
cat,1,Neutered,under age/weight,Fall,Yes
other,0,Male,under age/weight,Summer,No
dog,3,Spayed,normal,Winter,No
dog,5,Spayed,normal,Fall,Yes
cat,0,Unknown,under age/weight,Spring,No
cat,0,Unknown,under age/weight,Spring,No
rabbit,1,Spayed,injured  mild,Spring,Yes
rabbit,1,Neutered,injured  mild,Spring,Yes
cat,0,Unknown,under age/weight,Spring,No
cat,8,Female,normal,Fall,No
dog,6,Male,normal,Winter,No
cat,1,Unknown,under age/weight,Spring,No
dog,9,Male,normal,Fall,No
dog,1,Neutered,normal,Summer,Yes
dog,7,Spayed,i/i report,Summer,No
dog,5,Male,normal,Spring,Yes
dog,15,Female,fractious,Fall,No
dog,3,Neutered,normal,Spring,Yes
cat,6,Male,under age/weight,Spring,No
cat,0,Female,under age/weight,Fall,No
dog,9,Male,normal,Fall,No
cat,1,Unknown,under age/weight,Spring,No
dog,15,Male,normal,Summer,No
cat,1,Female,under age/weight,Fall,No
dog,6,Female,injured  severe,Spring,No
cat,1,Unknown,under age/weight,Spring,No
dog,7,Female,injured  mild,Fall,Yes
cat,6,Spayed,feral,Summer,No
cat,6,Female,ill severe,Fall,No
other,1,Male,normal,Winter,Yes
cat,15,Male,normal,Summer,No
cat,6,Male,normal,Winter,Yes
dog,2,Female,i/i report,Summer,No
dog,2,Spayed,normal,Summer,Yes
rabbit,5,Unknown,under age/weight,Spring,No
cat,1,Female,under age/weight,Fall,No
cat,8,Neutered,injured  severe,Fall,No
dog,9,Neutered,injured  mild,Winter,No
dog,6,Male,normal,Summer,No
cat,1,Male,under age/weight,Fall,No
cat,4,Neutered,normal,Winter,Yes
cat,3,Spayed,normal,Summer,No
cat,4,Spayed,normal,Winter,No
cat,4,Spayed,normal,Winter,Yes
dog,13,Neutered,injured  moderate,Spring,Yes
cat,7,Unknown,under age/weight,Summer,No
cat,6,Spayed,normal,Fall,Yes
cat,7,Unknown,under age/weight,Summer,No
dog,11,Male,Other,Fall,No
cat,7,Neutered,normal,Winter,Yes
dog,2,Spayed,normal,Summer,Yes
dog,9,Female,normal,Summer,No
cat,13,Female,injured  moderate,Winter,No
other,2,Unknown,injured  severe,Fall,No
cat,8,Unknown,under age/weight,Spring,No
cat,5,Male,under age/weight,Summer,No
cat,7,Unknown,under age/weight,Fall,No
dog,10,Male,normal,Summer,No
dog,8,Female,normal,Fall,No
bird,7,Female,normal,Spring,No
cat,5,Male,under age/weight,Summer,No
dog,6,Unknown,under age/weight,Summer,No
cat,5,Neutered,under age/weight,Summer,Yes
cat,8,Neutered,fractious,Fall,No
bird,7,Unknown,under age/weight,Spring,No
dog,9,Spayed,normal,Spring,No
cat,7,Unknown,under age/weight,Spring,No
rabbit,9,Neutered,normal,Spring,Yes
Other,8,Male,normal,Fall,No
cat,15,Spayed,normal,Fall,No
cat,5,Female,under age/weight,Spring,No
dog,5,Spayed,ill mild,Summer,No
cat,5,Male,under age/weight,Spring,No
cat,5,Spayed,injured  severe,Summer,Yes
dog,13,Neutered,behavior  severe,Fall,No
cat,6,Male,under age/weight,Winter,No
cat,5,Male,under age/weight,Fall,No
cat,5,Male,injured  severe,Fall,No
cat,5,Unknown,under age/weight,Fall,No
dog,2,Male,normal,Spring,No
dog,2,Female,normal,Spring,No
cat,1,Spayed,under age/weight,Summer,No
cat,1,Neutered,under age/weight,Summer,No
dog,4,Spayed,normal,Spring,Yes
dog,2,Spayed,normal,Summer,Yes
cat,11,Unknown,feral,Fall,No
bird,2,Unknown,under age/weight,Summer,No
cat,0,Female,under age/weight,Spring,No
dog,11,Spayed,normal,Summer,No
cat,3,Female,under age/weight,Spring,No
cat,9,Male,injured  severe,Winter,No
dog,7,Neutered,normal,Summer,Yes
dog,3,Male,injured  severe,Spring,No
cat,1,Spayed,ill mild,Summer,No
rabbit,5,Neutered,normal,Summer,No
cat,1,Spayed,under age/weight,Summer,No
cat,3,Neutered,normal,Spring,No
cat,3,Neutered,normal,Fall,Yes
cat,4,Neutered,normal,Summer,No
cat,5,Neutered,normal,Winter,Yes
dog,12,Female,normal,Summer,No
dog,15,Neutered,normal,Winter,Yes
dog,3,Spayed,ill moderatete,Fall,Yes
cat,7,Female,normal,Fall,No
cat,9,Male,normal,Fall,No
cat,7,Unknown,under age/weight,Fall,No
cat,5,Male,under age/weight,Summer,No
cat,4,Female,under age/weight,Fall,No
cat,17,Female,ill severe,Fall,No
dog,3,Neutered,normal,Fall,Yes
dog,6,Male,normal,Fall,No
cat,4,Male,under age/weight,Fall,No
cat,0,Neutered,under age/weight,Fall,Yes
dog,4,Spayed,normal,Winter,No
dog,9,Neutered,normal,Summer,No
cat,3,Neutered,normal,Fall,Yes
cat,2,Female,normal,Summer,No
other,6,Male,normal,Fall,Yes
dog,8,Neutered,normal,Spring,Yes
wild,7,Male,injured  severe,Spring,No
dog,10,Female,normal,Spring,No
cat,3,Spayed,normal,Fall,Yes
dog,10,Female,normal,Spring,No
cat,4,Female,under age/weight,Fall,No
cat,10,Neutered,normal,Winter,Yes
dog,11,Male,normal,Winter,No
cat,4,Female,under age/weight,Fall,No
Other,8,Unknown,normal,Spring,No
dog,11,Male,injured  severe,Fall,No
cat,2,Male,under age/weight,Winter,No
dog,11,Male,normal,Fall,No
cat,2,Neutered,normal,Fall,Yes
dog,11,Male,normal,Spring,No
dog,7,Spayed,normal,Spring,No
wild,6,Unknown,normal,Summer,No
dog,12,Male,normal,Spring,No
cat,2,Male,under age/weight,Spring,No
dog,7,Neutered,normal,Winter,No
cat,5,Unknown,under age/weight,Fall,No
dog,17,Female,normal,Winter,No
cat,2,Neutered,normal,Fall,Yes
dog,4,Spayed,normal,Summer,Yes
dog,5,Neutered,normal,Fall,No
dog,9,Male,normal,Fall,No
cat,3,Male,ill mild,Spring,No
dog,13,Male,normal,Summer,No
cat,5,Female,normal,Fall,No
cat,5,Female,normal,Spring,No
cat,5,Female,normal,Spring,No
dog,13,Male,normal,Fall,No
dog,4,Neutered,normal,Fall,Yes
cat,8,Female,normal,Spring,No
dog,5,Neutered,normal,Summer,Yes
dog,8,Male,normal,Spring,No
cat,2,Female,under age/weight,Spring,No
dog,3,Spayed,ill moderatete,Fall,Yes
cat,7,Spayed,normal,Spring,Yes
dog,3,Neutered,normal,Fall,Yes
rabbit,4,Female,normal,Spring,No
bird,2,Unknown,normal,Spring,Yes
dog,2,Male,normal,Spring,No
dog,3,Spayed,normal,Fall,Yes
cat,8,Unknown,under age/weight,Spring,No
cat,9,Female,normal,Fall,No
bird,8,Unknown,normal,Spring,No
cat,7,Unknown,under age/weight,Spring,No
dog,10,Female,normal,Fall,No
cat,7,Unknown,under age/weight,Spring,No
cat,7,Unknown,under age/weight,Spring,No
cat,14,Female,ill severe,Fall,No
dog,8,Male,normal,Winter,No
dog,12,Female,injured  mild,Winter,No
dog,8,Male,normal,Fall,No
bird,10,Male,injured  mild,Fall,No
dog,19,Spayed,normal,Summer,No
dog,7,Female,normal,Winter,No
bird,7,Unknown,under age/weight,Spring,No
dog,12,Neutered,normal,Spring,Yes
cat,6,Male,under age/weight,Winter,No
dog,6,Female,normal,Summer,No
cat,6,Female,under age/weight,Winter,No
cat,6,Female,under age/weight,Summer,No
cat,6,Neutered,under age/weight,Winter,Yes
cat,5,Female,under age/weight,Summer,Yes
cat,5,Female,under age/weight,Summer,Yes
dog,12,Neutered,normal,Spring,No
cat,5,Spayed,under age/weight,Summer,Yes
cat,7,Female,under age/weight,Summer,No
dog,11,Neutered,normal,Winter,Yes
dog,11,Female,normal,Winter,No
cat,8,Spayed,normal,Summer,No
cat,7,Spayed,under age/weight,Fall,Yes
dog,12,Male,normal,Summer,No
Other,9,Male,normal,Fall,No
dog,14,Female,normal,Fall,No
cat,6,Spayed,normal,Fall,Yes
cat,7,Unknown,under age/weight,Summer,No
dog,15,Neutered,normal,Summer,No
cat,7,Female,under age/weight,Summer,Yes
cat,1,Unknown,under age/weight,Spring,No
dog,11,Male,normal,Winter,No
cat,1,Female,under age/weight,Spring,No
cat,11,Neutered,normal,Fall,Yes
cat,1,Male,under age/weight,Fall,No
cat,6,Female,normal,Fall,No
cat,3,Spayed,normal,Winter,Yes
cat,6,Female,normal,Fall,No
cat,4,Male,under age/weight,Fall,No
cat,0,Neutered,under age/weight,Summer,Yes
cat,5,Female,under age/weight,Spring,No
rabbit,7,Spayed,normal,Fall,No
dog,3,Female,normal,Spring,No
cat,1,Male,under age/weight,Spring,No
cat,6,Male,under age/weight,Summer,No
cat,1,Spayed,normal,Winter,Yes
dog,9,Neutered,normal,Fall,No
dog,10,Female,normal,Summer,No
cat,1,Male,ill mild,Summer,No
cat,3,Female,normal,Winter,No
other,1,Unknown,normal,Spring,No
dog,2,Neutered,normal,Fall,Yes
cat,8,Spayed,normal,Spring,No
dog,15,Male,normal,Fall,No
cat,6,Spayed,normal,Winter,Yes
cat,3,Male,normal,Winter,No
cat,3,Male,under age/weight,Fall,No
dog,12,Spayed,normal,Spring,No
dog,6,Male,normal,Spring,No
bird,6,Unknown,injured  severe,Summer,No
dog,12,Male,ill mild,Summer,No
cat,3,Female,under age/weight,Summer,Yes
dog,9,Female,normal,Winter,No
rabbit,6,Spayed,normal,Winter,Yes
dog,20,Female,normal,Summer,No
rabbit,6,Spayed,normal,Winter,Yes
dog,6,Male,i/i report,Spring,No
cat,2,Male,under age/weight,Spring,Yes
dog,10,Male,normal,Winter,No
cat,3,Male,under age/weight,Spring,No
dog,3,Neutered,normal,Summer,No
cat,0,Spayed,under age/weight,Summer,Yes
cat,6,Female,fractious,Fall,No
dog,10,Neutered,normal,Winter,No
dog,8,Neutered,normal,Winter,Yes
cat,5,Unknown,normal,Summer,No
dog,5,Male,injured  severe,Spring,No
cat,7,Spayed,normal,Summer,No
dog,12,Neutered,normal,Spring,No
other,6,Unknown,ill severe,Spring,No
dog,10,Female,normal,Winter,Yes
cat,5,Spayed,fractious,Fall,No
cat,6,Female,normal,Summer,No
cat,5,Neutered,under age/weight,Summer,Yes
cat,0,Spayed,under age/weight,Fall,Yes
bird,2,Unknown,under age/weight,Spring,No
dog,8,Male,normal,Fall,No
bird,2,Unknown,under age/weight,Spring,No
dog,9,Male,normal,Spring,No
dog,9,Female,normal,Winter,No
dog,6,Neutered,normal,Summer,Yes
dog,4,Female,injured  severe,Spring,No
dog,10,Female,normal,Spring,No
dog,9,Male,normal,Spring,No
dog,8,Neutered,normal,Spring,No
cat,7,Male,normal,Fall,No
dog,6,Spayed,normal,Winter,No
dog,12,Male,normal,Winter,No
dog,7,Male,normal,Spring,No
dog,7,Female,normal,Spring,No
dog,9,Female,normal,Summer,No
cat,7,Male,ill mild,Spring,No
dog,14,Spayed,injured  moderate,Summer,No
dog,10,Female,normal,Spring,No
dog,10,Female,normal,Spring,No
dog,1,Female,under age/weight,Fall,No
dog,13,Spayed,normal,Winter,Yes
cat,6,Female,under age/weight,Summer,No
dog,10,Neutered,normal,Spring,No
dog,8,Male,normal,Summer,No
dog,9,Spayed,normal,Winter,No
cat,6,Female,normal,Fall,Yes
cat,6,Female,normal,Fall,Yes
dog,10,Female,normal,Spring,No
dog,7,Male,normal,Summer,No
dog,16,Neutered,normal,Winter,No
dog,4,Spayed,normal,Fall,Yes
dog,7,Male,normal,Summer,No
dog,8,Female,normal,Summer,Yes
cat,8,Neutered,normal,Summer,Yes
dog,8,Spayed,normal,Spring,No
dog,11,Male,normal,Spring,No
cat,10,Spayed,normal,Fall,Yes
cat,5,Male,normal,Winter,No
cat,5,Male,under age/weight,Winter,No
cat,5,Female,under age/weight,Winter,No
dog,10,Female,normal,Fall,No
cat,5,Female,under age/weight,Winter,No
dog,17,Neutered,normal,Summer,No
cat,7,Spayed,normal,Winter,No
dog,8,Neutered,normal,Fall,No
cat,8,Spayed,fractious,Spring,No
cat,7,Neutered,normal,Summer,No
cat,7,Female,normal,Summer,No
cat,9,Male,normal,Winter,No
dog,13,Neutered,i/i report,Summer,Yes
cat,7,Female,normal,Fall,No
cat,4,Male,normal,Winter,No
cat,2,Female,fractious,Spring,No
cat,2,Female,under age/weight,Spring,Yes
cat,0,Female,under age/weight,Fall,No
cat,5,Male,under age/weight,Summer,No
cat,5,Neutered,normal,Spring,No
cat,5,Female,under age/weight,Summer,No
cat,7,Female,normal,Summer,No
other,4,Unknown,ill severe,Fall,No
cat,5,Male,under age/weight,Summer,No
cat,4,Spayed,normal,Spring,Yes
cat,5,Female,under age/weight,Summer,No
cat,6,Female,normal,Fall,No
cat,5,Female,under age/weight,Summer,No
cat,10,Unknown,injured  severe,Winter,No
cat,7,Male,normal,Winter,Yes
cat,5,Female,under age/weight,Summer,No
cat,5,Spayed,fractious,Winter,Yes
cat,5,Female,fractious,Summer,No
dog,8,Female,normal,Fall,No
cat,7,Male,under age/weight,Summer,No
dog,8,Female,normal,Fall,No
dog,1,Spayed,normal,Fall,No
dog,10,Male,ill severe,Fall,No
dog,2,Spayed,normal,Winter,Yes
cat,7,Male,normal,Fall,No
dog,7,Female,normal,Summer,No
dog,12,Female,normal,Fall,No
dog,9,Neutered,normal,Spring,Yes
dog,10,Female,normal,Fall,No
other,4,Male,normal,Fall,No
cat,5,Female,under age/weight,Winter,No
cat,5,Female,normal,Spring,No
dog,10,Male,normal,Winter,No
other,3,Unknown,normal,Fall,No
cat,8,Male,normal,Winter,No
other,4,Female,normal,Fall,No
bird,10,Unknown,ill mild,Winter,No
other,4,Male,normal,Fall,No
cat,1,Female,under age/weight,Spring,No
other,4,Male,normal,Fall,No
cat,1,Female,under age/weight,Spring,No
other,3,Unknown,normal,Fall,No
cat,2,Neutered,under age/weight,Spring,No
dog,15,Neutered,Other,Winter,No
dog,10,Female,normal,Summer,No
rabbit,11,Neutered,normal,Spring,No
dog,8,Male,normal,Summer,No
cat,9,Male,normal,Winter,No
dog,6,Female,under age/weight,Summer,No
dog,11,Neutered,normal,Spring,No
dog,9,Male,under age/weight,Winter,No
cat,6,Female,under age/weight,Fall,No
dog,7,Spayed,normal,Winter,No
dog,7,Male,normal,Winter,No
cat,6,Male,under age/weight,Fall,No
bird,8,Unknown,normal,Spring,No
cat,4,Neutered,i/i report,Fall,No
dog,14,Male,normal,Winter,No
wild,5,Unknown,ill severe,Spring,No
cat,5,Male,normal,Fall,No
cat,5,Male,normal,Summer,No
dog,10,Spayed,ill mild,Summer,No
dog,14,Male,normal,Fall,No
cat,5,Male,normal,Summer,No
dog,15,Male,normal,Summer,No
cat,7,Male,normal,Summer,No
dog,10,Neutered,normal,Spring,No
dog,8,Female,normal,Summer,No
cat,2,Female,under age/weight,Fall,No
dog,13,Spayed,behavior  moderate,Summer,Yes
dog,9,Spayed,normal,Summer,No
dog,9,Female,normal,Fall,No
other,3,Male,injured  mild,Spring,No
dog,8,Neutered,normal,Fall,No
dog,10,Female,normal,Winter,Yes
cat,7,Female,normal,Winter,No
cat,6,Male,under age/weight,Summer,No
cat,5,Male,under age/weight,Summer,No
dog,6,Female,normal,Spring,No
dog,13,Male,injured  severe,Summer,No
dog,12,Spayed,injured  mild,Summer,No
dog,3,Female,under age/weight,Summer,No
cat,5,Male,under age/weight,Summer,No
cat,1,Male,under age/weight,Spring,No
dog,12,Male,normal,Fall,No
dog,7,Female,normal,Spring,No
cat,5,Spayed,normal,Fall,No
dog,6,Female,normal,Fall,No
cat,7,Male,normal,Summer,No
dog,11,Neutered,normal,Winter,No
dog,8,Male,normal,Spring,No
dog,7,Male,normal,Fall,No
dog,9,Neutered,normal,Spring,Yes
cat,7,Male,normal,Summer,No
cat,2,Female,under age/weight,Fall,No
dog,7,Female,normal,Winter,No
dog,11,Male,normal,Spring,No
dog,3,Neutered,normal,Fall,Yes
dog,4,Spayed,normal,Winter,Yes
cat,7,Neutered,fractious,Fall,No
dog,3,Neutered,normal,Spring,Yes
wild,7,Unknown,ill severe,Fall,No
dog,11,Male,normal,Winter,No
dog,13,Female,injured  mild,Summer,No
dog,9,Neutered,normal,Summer,No
dog,10,Male,ill mild,Summer,No
Other,9,Unknown,normal,Summer,Yes
other,7,Unknown,under age/weight,Spring,No
cat,9,Female,injured  severe,Winter,No
cat,7,Male,normal,Summer,No
dog,8,Female,normal,Summer,No
dog,5,Male,normal,Summer,No
wild,7,Female,normal,Winter,No
rabbit,6,Neutered,normal,Summer,Yes
cat,0,Neutered,under age/weight,Summer,No
cat,1,Unknown,ill mild,Summer,No
dog,7,Female,normal,Spring,No
dog,3,Neutered,normal,Summer,Yes
dog,8,Neutered,normal,Summer,No
cat,7,Male,under age/weight,Spring,No
cat,1,Neutered,ill moderatete,Fall,No
dog,13,Spayed,normal,Spring,No
cat,0,Unknown,under age/weight,Spring,No
dog,9,Male,normal,Summer,No
cat,0,Unknown,under age/weight,Spring,No
dog,7,Male,normal,Summer,No
cat,0,Unknown,under age/weight,Summer,No
cat,0,Unknown,under age/weight,Summer,No
cat,6,Male,under age/weight,Winter,No
cat,5,Unknown,under age/weight,Summer,No
cat,5,Unknown,under age/weight,Summer,No
cat,7,Unknown,under age/weight,Summer,No
dog,10,Female,normal,Summer,No
dog,8,Spayed,normal,Summer,Yes
cat,8,Neutered,injured  mild,Winter,Yes
dog,10,Female,normal,Fall,No
dog,10,Spayed,normal,Fall,No
dog,3,Spayed,normal,Winter,Yes
cat,5,Neutered,ill moderatete,Winter,Yes
dog,8,Female,normal,Spring,No
dog,8,Male,normal,Winter,No
rabbit,7,Neutered,normal,Winter,Yes
cat,6,Female,normal,Fall,No
cat,0,Male,under age/weight,Winter,No
cat,7,Male,under age/weight,Summer,No
cat,6,Female,under age/weight,Winter,Yes
cat,8,Female,normal,Spring,No
dog,10,Spayed,normal,Winter,No
dog,14,Female,normal,Spring,No
dog,9,Female,normal,Winter,No
cat,0,Male,ill mild,Spring,No
cat,0,Male,ill mild,Spring,No
bird,6,Unknown,normal,Fall,No
cat,6,Female,under age/weight,Spring,No
dog,4,Male,normal,Winter,No
cat,4,Spayed,injured  moderate,Summer,No
dog,9,Female,normal,Winter,No
dog,11,Spayed,injured  mild,Fall,Yes
cat,7,Male,under age/weight,Summer,No
dog,16,Spayed,ill mild,Summer,No
dog,14,Female,normal,Fall,No
cat,9,Male,injured  moderate,Spring,No
bird,2,Unknown,under age/weight,Summer,No
dog,6,Male,normal,Summer,No
Other,11,Unknown,normal,Winter,No
wild,7,Unknown,normal,Winter,No
cat,5,Spayed,under age/weight,Winter,Yes
dog,16,Neutered,normal,Spring,No
cat,0,Spayed,ill severe,Summer,Yes
other,1,Unknown,injured  severe,Winter,No
cat,5,Female,normal,Summer,No
cat,3,Male,under age/weight,Winter,No
cat,7,Male,normal,Fall,No
cat,3,Male,under age/weight,Winter,No
dog,9,Female,normal,Spring,No
cat,1,Unknown,ill severe,Summer,No
cat,6,Male,under age/weight,Spring,No
dog,7,Female,normal,Fall,No
cat,6,Female,under age/weight,Spring,No
dog,9,Female,normal,Winter,No
cat,6,Male,under age/weight,Spring,No
cat,4,Neutered,normal,Summer,No
cat,6,Female,under age/weight,Spring,No
cat,1,Female,ill severe,Spring,No
cat,2,Male,normal,Spring,Yes
cat,6,Male,under age/weight,Spring,No
rabbit,8,Neutered,injured  mild,Fall,No
cat,6,Female,under age/weight,Spring,No
cat,6,Female,under age/weight,Spring,No
other,2,Unknown,under age/weight,Summer,No
cat,6,Female,under age/weight,Spring,No
dog,8,Male,normal,Summer,No
cat,6,Female,under age/weight,Spring,No
dog,9,Male,normal,Summer,No
dog,12,Neutered,normal,Summer,No
dog,5,Neutered,normal,Summer,Yes
dog,10,Male,normal,Fall,No
cat,10,Male,normal,Spring,No
dog,15,Female,normal,Fall,No
dog,9,Male,normal,Spring,No
cat,1,Spayed,under age/weight,Fall,Yes
cat,1,Unknown,under age/weight,Fall,No
cat,6,Female,Other,Fall,No
cat,6,Female,Other,Fall,No
cat,1,Spayed,under age/weight,Fall,Yes
cat,5,Spayed,normal,Winter,Yes
cat,8,Female,normal,Summer,No
cat,7,Spayed,fractious,Summer,No
cat,5,Unknown,under age/weight,Summer,No
dog,6,Male,normal,Winter,No
dog,9,Female,normal,Summer,No
dog,7,Male,normal,Fall,No
cat,0,Unknown,under age/weight,Summer,No
cat,17,Unknown,normal,Winter,No
dog,10,Male,normal,Fall,No
dog,17,Female,normal,Winter,No
dog,11,Spayed,normal,Winter,Yes
cat,8,Male,normal,Winter,No
dog,7,Male,normal,Summer,No
dog,6,Male,normal,Winter,No
dog,12,Neutered,normal,Spring,Yes
rabbit,1,Neutered,normal,Fall,No
dog,7,Male,normal,Spring,No
dog,14,Neutered,normal,Spring,No
cat,8,Neutered,normal,Summer,No
cat,5,Spayed,normal,Fall,Yes
cat,6,Female,normal,Winter,Yes
dog,7,Female,normal,Fall,No
dog,10,Female,normal,Fall,No
cat,4,Male,injured  severe,Fall,No
dog,13,Male,normal,Winter,No
cat,10,Male,normal,Fall,No
dog,21,Male,normal,Fall,No
dog,6,Neutered,normal,Spring,No
dog,6,Female,normal,Summer,No
cat,0,Neutered,injured  severe,Fall,No
dog,6,Male,injured  mild,Spring,No
dog,5,Neutered,injured  moderate,Spring,Yes
cat,1,Neutered,under age/weight,Winter,Yes
cat,8,Unknown,under age/weight,Winter,No
dog,9,Male,injured  mild,Winter,No
cat,8,Unknown,under age/weight,Winter,No
dog,11,Male,normal,Fall,No
dog,11,Female,ill moderatete,Fall,No
dog,9,Female,normal,Winter,No
dog,5,Male,normal,Summer,No
cat,5,Female,under age/weight,Summer,No
dog,6,Female,normal,Fall,No
cat,5,Male,under age/weight,Summer,No
dog,17,Spayed,normal,Summer,No
dog,6,Female,normal,Fall,No
dog,7,Male,injured  severe,Fall,No
cat,5,Female,under age/weight,Summer,No
dog,13,Neutered,normal,Summer,No
dog,6,Male,behavior  moderate,Winter,No
cat,5,Male,under age/weight,Summer,No
dog,7,Male,under age/weight,Spring,No
cat,5,Male,under age/weight,Summer,No
dog,10,Neutered,normal,Spring,No
cat,3,Unknown,normal,Fall,No
dog,9,Neutered,normal,Fall,No
dog,4,Neutered,injured  severe,Fall,No
cat,8,Neutered,normal,Spring,No
dog,15,Spayed,normal,Summer,Yes
cat,5,Neutered,normal,Summer,Yes
cat,19,Neutered,ill severe,Winter,No
cat,6,Neutered,normal,Summer,No
cat,6,Neutered,under age/weight,Summer,Yes
other,6,Unknown,normal,Fall,No
cat,0,Neutered,ill mild,Fall,No
dog,9,Male,normal,Fall,No
cat,9,Male,injured  severe,Winter,No
cat,7,Female,normal,Summer,No
cat,7,Neutered,normal,Fall,Yes
cat,7,Female,normal,Summer,No
dog,10,Female,normal,Spring,No
dog,9,Spayed,normal,Fall,No
dog,3,Neutered,normal,Winter,Yes
Other,13,Unknown,normal,Summer,No
cat,19,Female,normal,Fall,No
dog,7,Neutered,normal,Summer,Yes
other,1,Unknown,injured  severe,Spring,No
dog,6,Female,normal,Fall,No
cat,7,Female,normal,Summer,No
cat,8,Female,normal,Summer,Yes
bird,6,Unknown,injured  moderate,Summer,No
dog,10,Neutered,fractious,Fall,No
dog,11,Neutered,normal,Winter,No
other,2,Unknown,ill severe,Summer,No
dog,11,Neutered,normal,Winter,No
dog,8,Neutered,normal,Winter,Yes
dog,10,Male,normal,Summer,No
bird,5,Unknown,under age/weight,Spring,No
dog,10,Neutered,normal,Winter,No
dog,10,Female,normal,Winter,No
cat,6,Neutered,fractious,Summer,Yes
dog,9,Male,normal,Summer,No
cat,6,Unknown,fractious,Summer,No
dog,15,Male,injured  severe,Summer,No
dog,9,Neutered,normal,Winter,Yes
cat,5,Spayed,under age/weight,Summer,Yes
dog,17,Spayed,normal,Summer,No
dog,6,Female,normal,Spring,No
cat,9,Female,normal,Winter,No
bird,5,Male,normal,Fall,No
cat,6,Male,normal,Fall,No
cat,2,Female,under age/weight,Summer,Yes
dog,11,Female,normal,Spring,No
cat,8,Female,normal,Spring,No
cat,5,Male,under age/weight,Fall,No
dog,10,Male,normal,Winter,No
cat,7,Unknown,ill severe,Summer,No
cat,0,Neutered,under age/weight,Summer,Yes
cat,0,Male,under age/weight,Summer,No
dog,10,Neutered,normal,Fall,No
cat,0,Female,under age/weight,Summer,No
dog,11,Neutered,normal,Winter,No
dog,12,Male,normal,Fall,No
dog,1,Neutered,normal,Summer,No
dog,4,Neutered,normal,Fall,No
cat,0,Neutered,under age/weight,Winter,Yes
dog,13,Male,normal,Spring,No
cat,0,Neutered,under age/weight,Winter,Yes
dog,8,Neutered,normal,Summer,No
dog,16,Spayed,normal,Winter,No
cat,5,Spayed,normal,Summer,Yes
cat,7,Female,under age/weight,Fall,No
cat,2,Neutered,normal,Summer,Yes
other,1,Unknown,under age/weight,Spring,No
cat,5,Neutered,under age/weight,Summer,Yes
cat,5,Male,under age/weight,Summer,Yes
other,1,Unknown,under age/weight,Spring,No
dog,13,Male,normal,Spring,No
dog,3,Spayed,normal,Summer,Yes
cat,1,Spayed,ill mild,Summer,Yes
dog,8,Male,injured  severe,Fall,No
cat,1,Spayed,ill mild,Summer,Yes
dog,8,Neutered,normal,Summer,No
bird,6,Unknown,normal,Summer,No
cat,1,Unknown,injured  severe,Fall,No
dog,3,Male,normal,Winter,Yes
dog,3,Male,normal,Summer,No
dog,14,Neutered,normal,Summer,No
dog,9,Male,normal,Summer,No
cat,0,Spayed,under age/weight,Summer,Yes
cat,5,Spayed,normal,Fall,Yes
cat,2,Female,under age/weight,Spring,Yes
cat,3,Neutered,under age/weight,Fall,Yes
cat,1,Unknown,under age/weight,Winter,No
cat,2,Spayed,normal,Spring,No
dog,12,Female,normal,Fall,No
cat,3,Male,injured  severe,Fall,No
dog,9,Spayed,injured  moderate,Spring,No
cat,5,Neutered,normal,Winter,Yes
dog,3,Neutered,normal,Spring,Yes
bird,6,Unknown,injured  severe,Spring,No
dog,8,Neutered,normal,Summer,No
dog,13,Male,normal,Spring,No
cat,8,Spayed,normal,Spring,No
cat,7,Male,normal,Summer,No
cat,12,Spayed,normal,Spring,No
cat,15,Unknown,ill severe,Spring,No
cat,3,Female,injured  severe,Summer,No
cat,8,Female,normal,Spring,Yes
cat,8,Unknown,injured  severe,Spring,No
cat,6,Spayed,feral,Spring,No
dog,12,Male,normal,Fall,No
dog,17,Female,normal,Summer,No
cat,12,Neutered,normal,Summer,Yes
rabbit,6,Spayed,normal,Fall,No
dog,1,Neutered,normal,Fall,Yes
cat,6,Female,under age/weight,Summer,No
dog,11,Female,normal,Summer,No
bird,6,Unknown,under age/weight,Summer,No
dog,15,Spayed,normal,Winter,No
dog,2,Neutered,i/i report,Winter,Yes
cat,5,Female,under age/weight,Spring,No
dog,1,Male,normal,Spring,No
dog,10,Neutered,normal,Summer,No
dog,21,Spayed,normal,Spring,No
cat,6,Female,normal,Spring,No
cat,6,Male,normal,Spring,No
cat,8,Female,normal,Summer,No
dog,7,Female,normal,Fall,No
cat,4,Female,under age/weight,Spring,No
cat,6,Male,under age/weight,Spring,No
dog,11,Female,injured  severe,Fall,No
cat,3,Female,normal,Fall,Yes
dog,17,Spayed,normal,Winter,No
cat,5,Spayed,normal,Winter,No
dog,15,Unknown,injured  severe,Summer,No
cat,3,Neutered,under age/weight,Fall,Yes
cat,6,Female,ill moderatete,Summer,No
dog,10,Spayed,normal,Winter,Yes
cat,0,Neutered,under age/weight,Summer,Yes
dog,14,Male,normal,Summer,No
dog,7,Female,normal,Spring,No
cat,7,Female,under age/weight,Summer,No
dog,7,Male,injured  mild,Summer,No
dog,7,Male,normal,Winter,No
dog,3,Male,normal,Spring,No
dog,7,Male,normal,Fall,No
dog,16,Neutered,normal,Spring,No
bird,6,Unknown,injured  severe,Summer,No
dog,11,Male,normal,Summer,No
other,4,Unknown,under age/weight,Spring,No
dog,17,Male,normal,Fall,No
cat,8,Neutered,normal,Summer,No
dog,7,Female,normal,Winter,No
dog,5,Neutered,normal,Winter,Yes
rabbit,3,Male,injured  severe,Winter,No
dog,7,Neutered,normal,Summer,No
dog,9,Spayed,normal,Winter,No
cat,7,Unknown,under age/weight,Summer,No
dog,5,Female,normal,Winter,No
dog,7,Male,normal,Fall,No
cat,3,Neutered,ill moderatete,Winter,No
cat,7,Male,under age/weight,Summer,No
cat,4,Neutered,normal,Summer,Yes
dog,8,Male,normal,Fall,No
Other,3,Unknown,normal,Fall,No
dog,16,Neutered,normal,Spring,No
cat,1,Spayed,under age/weight,Summer,No
dog,7,Male,normal,Winter,No
dog,4,Male,normal,Winter,Yes
dog,7,Male,normal,Fall,No
dog,14,Spayed,normal,Summer,No
cat,9,Spayed,normal,Spring,Yes
dog,16,Female,normal,Summer,No
cat,0,Female,under age/weight,Winter,No
cat,20,Unknown,normal,Fall,No
dog,10,Neutered,normal,Summer,No
dog,5,Female,ill severe,Fall,No
dog,8,Male,normal,Summer,No
dog,8,Female,normal,Summer,No
dog,18,Male,normal,Fall,No
dog,6,Female,normal,Summer,No
rabbit,9,Spayed,normal,Spring,Yes
cat,6,Female,under age/weight,Fall,No
dog,7,Spayed,normal,Fall,Yes
cat,4,Male,under age/weight,Summer,No
cat,10,Female,normal,Spring,No
dog,9,Neutered,normal,Winter,No
dog,6,Male,normal,Spring,No
dog,8,Male,normal,Winter,No
dog,9,Neutered,normal,Fall,Yes
dog,10,Male,normal,Fall,No
dog,7,Male,normal,Summer,No
dog,13,Neutered,normal,Summer,Yes
wild,8,Unknown,normal,Spring,No
dog,5,Female,normal,Summer,No
dog,2,Neutered,injured  mild,Summer,Yes
cat,4,Male,ill severe,Fall,No
cat,3,Spayed,under age/weight,Fall,Yes
cat,6,Neutered,normal,Fall,No
dog,12,Neutered,normal,Spring,Yes
cat,6,Female,under age/weight,Fall,No
dog,15,Male,normal,Winter,No
cat,5,Unknown,under age/weight,Fall,No
cat,15,Male,normal,Spring,Yes
dog,15,Neutered,normal,Summer,Yes
dog,13,Neutered,normal,Summer,No
dog,7,Female,normal,Fall,No
cat,1,Male,under age/weight,Winter,Yes
cat,2,Neutered,fractious,Winter,Yes
cat,11,Neutered,normal,Spring,No
cat,7,Male,normal,Summer,Yes
cat,2,Female,under age/weight,Spring,No
dog,11,Spayed,normal,Spring,No
dog,10,Male,normal,Summer,No
dog,7,Male,normal,Spring,No
cat,6,Female,under age/weight,Summer,No
cat,5,Male,normal,Winter,No
dog,12,Male,normal,Winter,No
cat,6,Female,under age/weight,Summer,No
wild,8,Unknown,injured  severe,Fall,No
cat,6,Female,under age/weight,Summer,No
dog,9,Female,normal,Spring,No
dog,8,Neutered,normal,Winter,Yes
cat,8,Spayed,normal,Spring,Yes
cat,8,Spayed,normal,Spring,Yes
dog,15,Neutered,normal,Summer,No
cat,6,Female,fractious,Winter,No
cat,9,Neutered,normal,Fall,Yes
dog,6,Unknown,under age/weight,Fall,No
dog,16,Male,normal,Spring,Yes
dog,10,Spayed,behavior  mild,Spring,No
bird,4,Unknown,injured  mild,Spring,No
other,6,Unknown,under age/weight,Summer,No
cat,0,Male,under age/weight,Summer,No
other,6,Unknown,under age/weight,Summer,No
cat,0,Female,under age/weight,Summer,No
dog,21,Female,normal,Spring,No
dog,5,Female,normal,Fall,No
other,7,Unknown,under age/weight,Spring,No
dog,1,Male,under age/weight,Fall,No
other,7,Unknown,under age/weight,Spring,No
other,7,Unknown,under age/weight,Spring,No
other,7,Unknown,under age/weight,Spring,No
cat,1,Male,normal,Fall,No
bird,8,Unknown,injured  severe,Fall,No
dog,3,Female,normal,Spring,No
dog,7,Male,normal,Fall,Yes
dog,8,Male,normal,Winter,No
rabbit,8,Neutered,normal,Winter,Yes
dog,8,Male,normal,Spring,No
dog,11,Female,normal,Winter,No
bird,5,Unknown,injured  mild,Spring,No
dog,5,Spayed,normal,Winter,No
cat,11,Spayed,ill severe,Spring,No
cat,8,Female,under age/weight,Spring,No
dog,13,Female,ill severe,Fall,No
dog,19,Neutered,injured  severe,Fall,No
dog,16,Male,normal,Fall,No
cat,12,Female,ill severe,Summer,No
dog,8,Female,normal,Summer,No
dog,2,Female,normal,Winter,No
dog,8,Spayed,normal,Summer,No
dog,9,Male,normal,Summer,No
dog,5,Male,normal,Summer,No
dog,9,Spayed,normal,Spring,No
cat,8,Neutered,injured  moderate,Winter,No
cat,6,Female,normal,Fall,No
cat,14,Neutered,normal,Winter,No
dog,6,Male,normal,Summer,No
dog,6,Male,normal,Summer,No
dog,0,Male,normal,Fall,No
dog,8,Female,normal,Winter,No
dog,15,Spayed,normal,Spring,No
dog,9,Female,normal,Fall,No
cat,7,Female,under age/weight,Summer,No
cat,6,Male,under age/weight,Spring,No
cat,6,Male,under age/weight,Spring,No
dog,12,Male,normal,Fall,No
dog,7,Female,normal,Fall,No
cat,11,Female,fractious,Winter,No
dog,13,Female,normal,Fall,No
cat,2,Spayed,i/i report,Winter,Yes
rabbit,9,Male,ill severe,Spring,No
cat,6,Female,under age/weight,Spring,No
cat,3,Spayed,normal,Fall,Yes
cat,5,Male,normal,Summer,No
cat,12,Male,ill mild,Fall,No
cat,11,Neutered,normal,Winter,Yes
cat,8,Male,normal,Winter,No
cat,8,Female,normal,Winter,Yes
cat,7,Female,normal,Winter,No
cat,8,Male,under age/weight,Spring,No
dog,7,Male,normal,Fall,No
cat,3,Male,ill moderatete,Spring,No
dog,15,Neutered,normal,Summer,No
cat,5,Male,normal,Fall,No
cat,1,Male,normal,Spring,No
cat,10,Female,injured  severe,Winter,No
bird,8,Unknown,injured  moderate,Fall,No
cat,3,Spayed,under age/weight,Winter,Yes
dog,12,Neutered,normal,Fall,No
cat,7,Spayed,fractious,Fall,No
cat,7,Male,feral,Summer,No
dog,4,Neutered,normal,Winter,No
dog,13,Female,ill moderatete,Summer,No
cat,5,Female,under age/weight,Summer,No
cat,3,Neutered,normal,Summer,Yes
cat,7,Neutered,injured  moderate,Spring,Yes
dog,3,Male,normal,Winter,No
dog,4,Female,injured  severe,Winter,No
dog,3,Female,normal,Fall,No
dog,11,Male,normal,Spring,No
cat,2,Female,normal,Spring,No
dog,7,Male,normal,Summer,No
cat,2,Male,normal,Spring,No
cat,10,Male,normal,Winter,No
cat,15,Neutered,normal,Winter,No
cat,3,Neutered,normal,Spring,Yes
rabbit,7,Unknown,ill severe,Spring,No
other,10,Unknown,injured  severe,Summer,No
bird,4,Unknown,under age/weight,Summer,No
dog,6,Female,normal,Fall,No
cat,7,Female,normal,Summer,Yes
dog,12,Male,normal,Fall,No
cat,6,Spayed,normal,Winter,Yes
cat,4,Spayed,injured  moderate,Summer,Yes
cat,6,Neutered,normal,Winter,Yes
cat,8,Female,normal,Fall,Yes
cat,6,Female,under age/weight,Fall,No
cat,7,Neutered,normal,Fall,No
cat,3,Neutered,injured  moderate,Summer,Yes
cat,6,Unknown,injured  severe,Winter,No
dog,8,Male,normal,Winter,No
cat,7,Female,normal,Fall,No
rabbit,10,Neutered,normal,Winter,No
bird,5,Unknown,injured  mild,Fall,No
dog,9,Male,ill mild,Fall,No
cat,6,Female,under age/weight,Spring,No
cat,5,Male,injured  severe,Fall,No
dog,7,Male,normal,Spring,No
other,4,Unknown,injured  severe,Winter,No
dog,11,Neutered,normal,Summer,Yes
cat,8,Spayed,normal,Winter,No
dog,15,Male,Other,Spring,No
cat,5,Female,under age/weight,Summer,No
rabbit,9,Spayed,normal,Winter,No
dog,12,Spayed,normal,Spring,No
dog,6,Neutered,normal,Fall,No
cat,2,Female,ill severe,Winter,No
dog,2,Neutered,normal,Summer,Yes
cat,0,Spayed,normal,Summer,No
cat,0,Neutered,under age/weight,Summer,Yes
cat,0,Neutered,normal,Summer,No
dog,7,Female,normal,Spring,No
cat,0,Spayed,normal,Summer,No
cat,1,Male,normal,Summer,No
cat,1,Male,normal,Summer,No
rabbit,1,Unknown,under age/weight,Spring,No
cat,6,Male,ill moderatete,Spring,No
cat,10,Female,normal,Summer,No
dog,11,Male,normal,Spring,No
dog,8,Female,normal,Fall,No
dog,10,Neutered,injured  severe,Summer,No
cat,1,Male,under age/weight,Summer,No
cat,8,Male,normal,Summer,No
cat,8,Neutered,fractious,Summer,No
wild,8,Unknown,ill severe,Summer,No
dog,12,Spayed,Other,Summer,No
cat,6,Female,under age/weight,Summer,No
dog,12,Neutered,normal,Spring,Yes
dog,4,Spayed,normal,Spring,Yes
cat,6,Unknown,under age/weight,Spring,No
dog,4,Neutered,normal,Spring,Yes
cat,6,Unknown,under age/weight,Spring,No
bird,7,Unknown,ill severe,Fall,No
cat,16,Female,ill severe,Fall,No
dog,8,Female,normal,Summer,No
cat,4,Male,normal,Summer,No
cat,5,Female,injured  severe,Spring,No
cat,9,Spayed,normal,Winter,Yes
rabbit,8,Neutered,normal,Winter,No
dog,3,Female,normal,Fall,No
cat,6,Unknown,under age/weight,Spring,No
dog,2,Spayed,normal,Spring,No
cat,5,Spayed,under age/weight,Summer,Yes
cat,7,Spayed,feral,Fall,Yes
cat,5,Male,under age/weight,Summer,No
cat,5,Male,under age/weight,Summer,Yes
dog,12,Neutered,normal,Winter,No
dog,1,Spayed,normal,Winter,Yes
cat,5,Female,normal,Summer,No
dog,5,Female,normal,Winter,No
dog,10,Neutered,normal,Summer,No
dog,8,Female,normal,Winter,No
dog,8,Female,normal,Spring,No
cat,5,Male,under age/weight,Fall,No
dog,5,Male,normal,Fall,No
dog,10,Neutered,normal,Fall,No
cat,2,Female,under age/weight,Spring,No
dog,15,Neutered,normal,Fall,No
dog,17,Female,normal,Fall,No
cat,0,Spayed,under age/weight,Fall,No
dog,11,Female,injured  mild,Winter,No
cat,0,Neutered,under age/weight,Fall,Yes
dog,10,Female,normal,Fall,No
dog,11,Neutered,normal,Winter,No
dog,8,Female,normal,Summer,No
cat,7,Female,normal,Summer,Yes
dog,8,Male,normal,Fall,No
dog,16,Spayed,normal,Spring,No
dog,13,Male,normal,Spring,No
dog,9,Male,normal,Spring,Yes
dog,12,Male,normal,Fall,No
cat,8,Female,normal,Spring,No
dog,15,Spayed,normal,Summer,No
dog,8,Spayed,normal,Spring,No
dog,11,Neutered,normal,Fall,Yes
dog,12,Neutered,normal,Fall,No
dog,12,Female,normal,Winter,No
dog,6,Female,injured  mild,Summer,No
dog,8,Male,normal,Fall,No
dog,7,Female,normal,Summer,No
cat,7,Spayed,fractious,Fall,No
dog,13,Male,normal,Summer,No
dog,6,Spayed,normal,Fall,No
dog,20,Spayed,normal,Summer,No
dog,9,Female,normal,Summer,No
dog,10,Female,injured  severe,Fall,No
dog,14,Neutered,normal,Summer,No
dog,8,Neutered,normal,Summer,Yes
dog,16,Spayed,normal,Fall,No
cat,6,Unknown,under age/weight,Summer,No
dog,9,Male,normal,Summer,No
dog,6,Female,normal,Fall,No
dog,9,Male,normal,Summer,No
dog,8,Male,normal,Winter,No
dog,14,Spayed,normal,Winter,No
dog,14,Male,normal,Spring,No
dog,6,Female,normal,Summer,No
dog,7,Spayed,normal,Fall,Yes
dog,7,Male,normal,Spring,No
bird,8,Unknown,ill moderatete,Spring,No
dog,10,Female,injured  moderate,Fall,No
cat,1,Male,ill mild,Winter,No
dog,17,Spayed,injured  severe,Winter,No
cat,7,Male,under age/weight,Spring,No
cat,6,Unknown,normal,Fall,No
dog,10,Male,normal,Summer,No
dog,10,Neutered,normal,Winter,Yes
cat,6,Male,under age/weight,Spring,No
cat,6,Female,under age/weight,Spring,No
dog,7,Female,normal,Fall,No
dog,6,Male,normal,Summer,No
dog,13,Neutered,normal,Winter,Yes
dog,12,Male,normal,Winter,No
dog,6,Neutered,injured  moderate,Fall,Yes
cat,7,Female,normal,Spring,No
cat,6,Male,under age/weight,Fall,No
dog,6,Female,normal,Fall,No
dog,10,Female,normal,Winter,No
other,3,Unknown,under age/weight,Spring,No
dog,13,Male,normal,Spring,No
other,3,Unknown,under age/weight,Spring,No
dog,8,Male,normal,Spring,No
dog,7,Female,normal,Fall,No
dog,16,Female,normal,Winter,No
dog,9,Female,normal,Fall,No
bird,8,Female,injured  moderate,Spring,No
dog,17,Female,ill severe,Winter,No
dog,12,Female,normal,Fall,No
dog,7,Spayed,normal,Fall,Yes
cat,5,Male,under age/weight,Summer,Yes
dog,11,Male,normal,Summer,No
cat,5,Female,under age/weight,Summer,No
cat,5,Neutered,under age/weight,Summer,Yes
cat,9,Male,normal,Winter,No
cat,10,Female,normal,Spring,No
cat,4,Unknown,under age/weight,Spring,No
dog,10,Neutered,normal,Summer,No
dog,10,Spayed,normal,Winter,No
dog,9,Spayed,normal,Spring,No
cat,6,Male,injured  severe,Winter,No
dog,21,Spayed,normal,Winter,No
cat,5,Female,under age/weight,Fall,No
dog,19,Spayed,normal,Spring,No
cat,10,Spayed,normal,Winter,Yes
dog,9,Male,normal,Spring,No
cat,5,Male,ill mild,Summer,No
dog,14,Spayed,normal,Spring,No
dog,7,Male,injured  severe,Spring,No
dog,8,Male,normal,Spring,No
dog,17,Spayed,normal,Spring,No
dog,19,Male,normal,Spring,No
cat,6,Male,normal,Winter,Yes
cat,6,Female,normal,Fall,No
cat,5,Neutered,ill mild,Summer,Yes
dog,10,Male,normal,Winter,Yes
dog,14,Male,normal,Summer,No
dog,14,Male,normal,Spring,No
cat,12,Spayed,normal,Spring,No
dog,3,Neutered,normal,Fall,Yes
dog,14,Spayed,normal,Summer,Yes
cat,7,Male,ill moderatete,Winter,No
dog,12,Spayed,normal,Summer,No
cat,9,Spayed,injured  mild,Spring,Yes
cat,7,Male,normal,Summer,No
dog,14,Neutered,normal,Winter,No
rabbit,6,Female,normal,Spring,No
dog,6,Male,normal,Winter,No
dog,13,Spayed,injured  severe,Spring,No
dog,13,Female,normal,Winter,No
dog,10,Female,normal,Winter,No
dog,10,Male,normal,Summer,No
dog,8,Male,normal,Winter,No
cat,6,Female,normal,Summer,No
cat,10,Spayed,feral,Winter,No
cat,0,Spayed,under age/weight,Summer,Yes
cat,6,Unknown,injured  severe,Summer,No
cat,0,Spayed,under age/weight,Summer,Yes
dog,8,Male,normal,Fall,No
dog,8,Female,normal,Winter,No
dog,7,Male,normal,Summer,No
dog,9,Neutered,fractious,Spring,Yes
dog,10,Female,behavior  moderate,Winter,Yes
dog,7,Male,normal,Spring,No
rabbit,2,Spayed,normal,Winter,No
dog,9,Male,normal,Fall,No
rabbit,2,Spayed,normal,Fall,No
dog,12,Neutered,normal,Spring,No
dog,12,Female,injured  mild,Spring,Yes
cat,5,Neutered,normal,Winter,Yes
dog,6,Spayed,normal,Summer,Yes
dog,6,Female,normal,Summer,No
cat,5,Male,under age/weight,Summer,No
dog,8,Male,normal,Summer,No
dog,9,Neutered,normal,Winter,No
cat,6,Female,under age/weight,Fall,No
dog,6,Female,normal,Winter,No
dog,6,Male,normal,Winter,No
dog,6,Male,normal,Winter,No
dog,6,Female,normal,Winter,No
dog,7,Male,normal,Winter,No
dog,3,Unknown,normal,Winter,No
dog,7,Female,normal,Winter,No
dog,9,Neutered,normal,Summer,No
Other,10,Female,normal,Summer,No
dog,7,Neutered,normal,Summer,No
dog,8,Male,normal,Summer,No
dog,9,Male,normal,Summer,No
dog,8,Male,normal,Spring,No
cat,1,Neutered,i/i report,Fall,No
cat,5,Unknown,ill severe,Summer,No
cat,7,Unknown,under age/weight,Summer,No
cat,5,Neutered,fractious,Fall,No
dog,15,Male,ill mild,Spring,No
dog,3,Female,under age/weight,Fall,No
dog,9,Spayed,behavior  severe,Winter,No
dog,8,Spayed,normal,Summer,Yes
dog,15,Female,ill moderatete,Summer,No
dog,8,Female,normal,Spring,Yes
cat,6,Neutered,fractious,Summer,No
cat,5,Male,under age/weight,Summer,No
dog,8,Neutered,normal,Fall,No
dog,8,Spayed,normal,Winter,Yes
dog,8,Female,normal,Winter,No
dog,4,Male,normal,Summer,No
dog,10,Male,normal,Spring,No
dog,2,Neutered,normal,Spring,Yes
dog,8,Female,normal,Summer,No
dog,11,Male,normal,Summer,No
bird,11,Unknown,normal,Fall,No
dog,11,Male,normal,Spring,No
dog,1,Neutered,normal,Summer,Yes
dog,10,Neutered,normal,Summer,No
dog,13,Neutered,normal,Summer,No
cat,5,Male,normal,Summer,Yes
cat,12,Spayed,normal,Winter,Yes
dog,13,Male,normal,Fall,No
wild,8,Unknown,normal,Fall,No
dog,10,Neutered,normal,Summer,No
dog,13,Neutered,normal,Spring,No
dog,11,Neutered,normal,Summer,No
dog,20,Female,injured  mild,Winter,No
dog,9,Male,normal,Spring,No
cat,6,Male,under age/weight,Spring,No
cat,8,Female,normal,Spring,No
dog,10,Female,normal,Spring,No
cat,10,Neutered,normal,Winter,Yes
dog,9,Spayed,ill mild,Spring,Yes
dog,11,Male,normal,Summer,No
dog,8,Male,ill severe,Summer,No
dog,12,Male,normal,Winter,No
cat,6,Male,normal,Fall,No
dog,10,Male,normal,Fall,No
dog,9,Female,normal,Summer,No
dog,16,Male,injured  moderate,Winter,No
bird,6,Unknown,under age/weight,Summer,No
dog,11,Male,normal,Summer,No
cat,5,Female,under age/weight,Spring,No
dog,9,Neutered,normal,Winter,No
dog,10,Neutered,normal,Summer,No
dog,10,Female,normal,Spring,No
cat,6,Unknown,under age/weight,Winter,No
dog,10,Female,normal,Spring,No
dog,8,Neutered,normal,Fall,No
cat,7,Female,normal,Winter,No
dog,11,Spayed,normal,Winter,No
cat,6,Unknown,under age/weight,Winter,No
dog,5,Female,normal,Spring,Yes
cat,6,Male,under age/weight,Summer,No
cat,7,Female,normal,Summer,Yes
cat,7,Spayed,normal,Summer,No
cat,3,Male,under age/weight,Spring,No
cat,6,Male,under age/weight,Spring,No
dog,10,Neutered,normal,Fall,No
cat,7,Male,fractious,Winter,No
cat,6,Female,under age/weight,Summer,No
cat,6,Male,under age/weight,Fall,No
dog,12,Spayed,normal,Spring,No
dog,9,Neutered,normal,Winter,Yes
cat,6,Female,under age/weight,Fall,No
dog,6,Male,normal,Fall,No
dog,8,Female,normal,Summer,No
cat,6,Male,under age/weight,Fall,No
dog,11,Neutered,normal,Winter,No
cat,6,Female,under age/weight,Fall,No
dog,10,Neutered,normal,Winter,No
cat,6,Female,under age/weight,Fall,No
rabbit,7,Unknown,ill moderatete,Summer,No
cat,6,Female,under age/weight,Fall,No
cat,7,Spayed,normal,Summer,No
cat,6,Female,under age/weight,Fall,No
cat,14,Spayed,normal,Summer,No
dog,14,Male,normal,Fall,No
dog,6,Male,normal,Summer,No
dog,15,Spayed,normal,Summer,No
cat,6,Male,normal,Fall,Yes
dog,16,Male,normal,Spring,No
dog,8,Male,normal,Fall,No
dog,11,Female,normal,Fall,No
bird,5,Unknown,injured  mild,Summer,No
cat,7,Male,normal,Fall,Yes
dog,8,Female,normal,Fall,No
dog,11,Neutered,normal,Fall,No
rabbit,8,Neutered,normal,Spring,Yes
dog,8,Female,normal,Summer,No
dog,9,Neutered,normal,Summer,Yes
dog,5,Spayed,normal,Fall,Yes
cat,9,Female,normal,Summer,No
dog,11,Male,normal,Spring,No
dog,10,Spayed,normal,Fall,No
Other,6,Unknown,normal,Winter,No
cat,8,Neutered,fractious,Summer,Yes
dog,17,Spayed,normal,Spring,No
dog,10,Spayed,normal,Spring,Yes
dog,2,Female,normal,Fall,Yes
dog,5,Male,behavior  moderate,Fall,No
dog,10,Female,normal,Spring,No
dog,13,Male,normal,Spring,No
dog,11,Spayed,normal,Summer,No
dog,10,Male,normal,Fall,No
dog,8,Female,normal,Winter,No
dog,10,Neutered,normal,Fall,No
dog,11,Male,normal,Spring,No
cat,11,Neutered,normal,Spring,Yes
cat,7,Female,normal,Winter,Yes
dog,8,Male,normal,Summer,No
dog,8,Male,normal,Fall,No
dog,9,Female,normal,Spring,No
dog,9,Male,normal,Spring,No
dog,9,Male,normal,Summer,No
cat,7,Female,normal,Spring,No
dog,2,Neutered,normal,Spring,Yes
cat,6,Male,under age/weight,Summer,No
dog,10,Spayed,ill moderatete,Summer,No
cat,6,Male,under age/weight,Summer,No
cat,5,Female,under age/weight,Spring,No
cat,6,Female,under age/weight,Summer,No
cat,2,Female,under age/weight,Spring,No
cat,1,Spayed,normal,Spring,Yes
cat,1,Female,under age/weight,Spring,No
cat,6,Unknown,under age/weight,Spring,No
cat,2,Female,under age/weight,Spring,No
cat,2,Neutered,under age/weight,Spring,No
dog,18,Male,normal,Spring,No
dog,9,Female,normal,Summer,No
rabbit,2,Spayed,normal,Spring,Yes
cat,4,Female,ill severe,Summer,No
cat,6,Female,under age/weight,Fall,No
cat,5,Female,under age/weight,Fall,Yes
cat,6,Male,under age/weight,Fall,No
cat,7,Female,normal,Fall,No
dog,5,Female,normal,Spring,Yes
dog,15,Neutered,normal,Summer,No
dog,10,Neutered,normal,Summer,No
cat,7,Spayed,fractious,Spring,No
rabbit,1,Spayed,normal,Fall,No
dog,8,Spayed,normal,Fall,Yes
dog,10,Male,normal,Winter,No
cat,8,Male,normal,Fall,No
cat,8,Female,under age/weight,Spring,No
dog,10,Male,normal,Fall,No
dog,10,Female,normal,Summer,No
dog,6,Female,normal,Spring,No
dog,8,Female,normal,Spring,No
cat,10,Spayed,normal,Spring,No
dog,9,Male,normal,Summer,No
cat,6,Spayed,normal,Summer,No
dog,14,Female,injured  severe,Spring,No
dog,16,Female,injured  moderate,Winter,No
dog,12,Neutered,normal,Spring,Yes
dog,13,Female,normal,Summer,No
cat,5,Female,under age/weight,Spring,No
dog,9,Male,normal,Winter,No
dog,10,Spayed,normal,Winter,Yes
cat,5,Female,under age/weight,Summer,No
dog,7,Neutered,injured  moderate,Winter,Yes
dog,16,Neutered,normal,Summer,No
cat,7,Female,ill severe,Fall,No
dog,8,Male,normal,Summer,No
dog,19,Female,injured  severe,Fall,No
cat,8,Spayed,normal,Summer,No
cat,5,Male,under age/weight,Spring,No
dog,13,Male,normal,Winter,No
dog,10,Male,normal,Summer,No
dog,11,Male,normal,Winter,No
dog,14,Female,normal,Fall,No
cat,7,Male,normal,Summer,No
dog,7,Female,normal,Fall,No
dog,13,Male,normal,Spring,No
dog,9,Male,normal,Winter,No
dog,13,Male,normal,Winter,No
dog,8,Male,normal,Spring,No
cat,7,Female,under age/weight,Fall,No
dog,15,Male,normal,Spring,No
dog,11,Male,normal,Winter,No
dog,7,Female,normal,Spring,No
dog,6,Neutered,normal,Spring,No
Other,6,Unknown,normal,Summer,No
cat,3,Male,under age/weight,Fall,No
cat,7,Female,normal,Summer,No
dog,9,Male,normal,Winter,No
dog,8,Female,normal,Winter,No
dog,8,Neutered,normal,Winter,Yes
dog,14,Spayed,normal,Spring,No
dog,10,Spayed,normal,Summer,Yes
bird,7,Unknown,injured  mild,Spring,No
dog,8,Male,injured  mild,Spring,No
dog,8,Male,normal,Spring,No
cat,1,Spayed,normal,Summer,Yes
dog,6,Spayed,normal,Fall,Yes
cat,6,Female,under age/weight,Summer,No
dog,6,Neutered,normal,Fall,Yes
dog,6,Spayed,normal,Summer,Yes
cat,11,Female,ill mild,Summer,No
dog,9,Female,normal,Summer,No
dog,10,Spayed,normal,Spring,No
cat,6,Female,under age/weight,Summer,No
dog,6,Female,normal,Spring,No
cat,8,Female,normal,Summer,No
dog,10,Male,normal,Spring,No
dog,9,Male,normal,Winter,No
dog,8,Female,normal,Spring,Yes
dog,10,Male,normal,Fall,No
dog,12,Female,normal,Summer,No
cat,9,Female,normal,Fall,No
cat,0,Male,injured  severe,Summer,No
dog,7,Male,normal,Winter,No
dog,11,Female,normal,Winter,No
dog,8,Male,injured  mild,Summer,Yes
dog,12,Spayed,normal,Summer,Yes
cat,5,Female,under age/weight,Summer,No
cat,8,Female,normal,Winter,No
cat,5,Female,under age/weight,Summer,No
dog,13,Neutered,injured  severe,Spring,Yes
dog,21,Spayed,normal,Winter,No
dog,7,Female,injured  mild,Fall,Yes
cat,7,Unknown,under age/weight,Summer,No
dog,6,Female,normal,Fall,No
cat,7,Unknown,under age/weight,Summer,No
cat,9,Female,normal,Summer,No
cat,7,Unknown,under age/weight,Summer,No
dog,10,Spayed,normal,Spring,No
dog,11,Male,normal,Winter,No
cat,10,Neutered,fractious,Summer,No
cat,7,Male,normal,Winter,Yes
dog,8,Neutered,normal,Summer,No
dog,11,Male,normal,Winter,No
dog,8,Male,normal,Summer,No
dog,8,Male,normal,Spring,No
dog,11,Spayed,normal,Spring,No
cat,6,Male,normal,Fall,No
dog,8,Spayed,normal,Winter,No
cat,5,Male,under age/weight,Summer,No
cat,10,Neutered,normal,Winter,Yes
dog,7,Male,normal,Summer,No
cat,7,Female,under age/weight,Summer,No
cat,6,Male,under age/weight,Winter,No
dog,8,Female,normal,Winter,No
cat,6,Male,fractious,Fall,No
dog,7,Male,ill moderatete,Fall,No
dog,8,Male,normal,Summer,No
cat,6,Female,fractious,Fall,No
cat,7,Male,ill severe,Spring,No
cat,6,Male,fractious,Fall,No
cat,6,Female,under age/weight,Spring,No
cat,8,Spayed,fractious,Fall,No
cat,7,Male,ill severe,Winter,No
dog,9,Neutered,normal,Fall,Yes
dog,7,Female,normal,Spring,No
dog,9,Neutered,normal,Winter,No
cat,7,Unknown,ill severe,Fall,No
cat,5,Female,under age/weight,Summer,No
cat,5,Unknown,under age/weight,Spring,No
bird,1,Unknown,injured  moderate,Spring,No
dog,13,Female,normal,Spring,No
dog,12,Male,Other,Fall,No
dog,6,Female,normal,Summer,No
cat,6,Female,under age/weight,Fall,No
cat,2,Male,normal,Summer,No
cat,2,Female,normal,Summer,No
dog,8,Female,normal,Winter,No
cat,2,Female,normal,Summer,No
dog,12,Female,normal,Fall,No
cat,6,Male,under age/weight,Spring,No
cat,9,Spayed,fractious,Spring,No
cat,6,Female,under age/weight,Spring,No
cat,9,Spayed,fractious,Spring,No
cat,6,Male,under age/weight,Spring,No
cat,1,Neutered,under age/weight,Winter,No
cat,6,Unknown,under age/weight,Summer,No
cat,1,Spayed,under age/weight,Winter,No
cat,8,Spayed,normal,Spring,No
dog,14,Female,normal,Summer,No
dog,8,Neutered,normal,Summer,No
cat,4,Neutered,normal,Fall,No
cat,5,Male,under age/weight,Summer,No
dog,11,Male,normal,Winter,No
dog,9,Neutered,normal,Winter,No
dog,10,Female,normal,Spring,No
dog,7,Spayed,normal,Summer,No
bird,6,Unknown,injured  moderate,Summer,No
dog,9,Female,normal,Summer,No
cat,5,Spayed,normal,Fall,Yes
dog,3,Female,normal,Winter,Yes
dog,8,Female,normal,Spring,No
dog,9,Neutered,normal,Fall,No
dog,9,Spayed,normal,Winter,No
dog,16,Spayed,normal,Spring,No
cat,7,Female,injured  moderate,Spring,No
dog,17,Male,normal,Fall,No
dog,19,Spayed,Other,Fall,No
dog,13,Male,normal,Spring,No
dog,7,Male,normal,Fall,Yes
dog,15,Male,normal,Fall,No
dog,7,Male,normal,Summer,No
dog,9,Neutered,fractious,Summer,No
dog,7,Male,normal,Fall,No
dog,9,Female,normal,Spring,No
cat,7,Female,normal,Summer,No
dog,5,Neutered,normal,Winter,Yes
dog,8,Spayed,normal,Spring,No
dog,7,Spayed,normal,Spring,No
dog,8,Neutered,normal,Summer,No
cat,6,Male,normal,Winter,No
dog,10,Neutered,normal,Summer,No
dog,7,Female,normal,Fall,No
cat,12,Spayed,normal,Spring,No
dog,13,Neutered,normal,Spring,No
cat,9,Female,normal,Winter,No
cat,6,Female,under age/weight,Spring,No
dog,7,Neutered,normal,Spring,No
dog,6,Spayed,normal,Winter,Yes
dog,6,Male,normal,Summer,No
cat,5,Male,under age/weight,Summer,No
cat,10,Unknown,ill severe,Fall,No
dog,7,Male,ill moderatete,Spring,No
dog,6,Male,injured  mild,Fall,No
dog,20,Male,injured  severe,Fall,No
dog,7,Male,normal,Fall,No
dog,10,Female,normal,Winter,No
dog,8,Neutered,normal,Winter,No
dog,9,Female,normal,Spring,No
dog,8,Female,injured  mild,Fall,No
dog,11,Male,normal,Fall,No
dog,13,Neutered,normal,Summer,No
cat,15,Neutered,normal,Spring,Yes
dog,12,Female,normal,Spring,No
dog,8,Male,injured  mild,Spring,No
dog,7,Male,normal,Spring,No
dog,9,Neutered,normal,Fall,No
cat,7,Female,ill severe,Summer,No
dog,9,Male,normal,Summer,No
cat,1,Spayed,i/i report,Fall,Yes
dog,18,Spayed,normal,Spring,No
dog,18,Neutered,injured  severe,Spring,No
cat,9,Female,normal,Fall,No
dog,13,Neutered,normal,Summer,Yes
wild,6,Unknown,normal,Fall,No
dog,14,Neutered,normal,Winter,No
dog,15,Male,normal,Summer,No
dog,7,Neutered,normal,Summer,Yes
cat,3,Unknown,normal,Fall,No
dog,7,Spayed,normal,Winter,Yes
dog,8,Male,normal,Summer,Yes
cat,5,Male,normal,Summer,No
cat,7,Male,under age/weight,Spring,No
dog,10,Male,normal,Fall,No
dog,7,Neutered,fractious,Summer,Yes
cat,5,Female,normal,Summer,No
dog,8,Neutered,normal,Summer,No
cat,5,Spayed,ill mild,Summer,Yes
dog,14,Neutered,normal,Summer,Yes
cat,10,Neutered,normal,Spring,No
dog,14,Male,normal,Spring,No
dog,15,Male,normal,Fall,No
dog,13,Neutered,normal,Summer,No
cat,8,Female,fractious,Winter,No
dog,15,Male,normal,Spring,No
dog,7,Male,normal,Summer,No
dog,8,Male,normal,Fall,No
cat,6,Male,normal,Spring,No
dog,20,Female,normal,Summer,No
dog,11,Female,normal,Spring,No
dog,8,Male,normal,Winter,No
rabbit,13,Male,normal,Spring,No
dog,10,Female,normal,Spring,No
dog,15,Neutered,normal,Winter,No
cat,5,Female,injured  moderate,Summer,No
dog,13,Spayed,normal,Winter,No
dog,12,Male,normal,Fall,No
cat,5,Unknown,under age/weight,Fall,No
dog,12,Male,normal,Winter,No
dog,11,Spayed,normal,Winter,No
dog,7,Spayed,normal,Fall,Yes
dog,8,Female,normal,Fall,No
dog,9,Male,normal,Summer,No
dog,8,Spayed,normal,Fall,No
cat,8,Spayed,normal,Winter,Yes
dog,8,Male,normal,Spring,No
cat,7,Female,under age/weight,Spring,No
dog,6,Male,normal,Fall,No
cat,9,Female,normal,Fall,No
dog,6,Male,normal,Fall,No
cat,6,Female,under age/weight,Summer,No
cat,6,Unknown,ill severe,Fall,No
dog,9,Neutered,normal,Fall,No
cat,6,Female,under age/weight,Summer,No
dog,9,Male,normal,Winter,No
cat,6,Male,under age/weight,Summer,No
dog,13,Female,normal,Fall,No
cat,8,Male,under age/weight,Summer,No
cat,6,Unknown,under age/weight,Fall,No
dog,7,Neutered,injured  moderate,Spring,No
dog,4,Male,normal,Fall,No
dog,9,Male,normal,Fall,No
dog,5,Male,normal,Fall,No
dog,6,Female,normal,Fall,No
dog,9,Neutered,normal,Summer,No
dog,9,Male,normal,Spring,No
dog,11,Male,normal,Fall,No
dog,17,Spayed,normal,Fall,No
dog,18,Neutered,normal,Spring,No
dog,17,Male,normal,Fall,No
dog,10,Neutered,normal,Winter,No
dog,7,Male,normal,Winter,No
dog,8,Male,fractious,Fall,Yes
cat,5,Female,under age/weight,Summer,No
dog,8,Female,injured  severe,Spring,No
dog,7,Spayed,normal,Summer,No
cat,7,Male,normal,Summer,No
dog,7,Male,normal,Summer,No
cat,7,Female,normal,Summer,No
dog,10,Female,Other,Summer,No
cat,7,Male,under age/weight,Summer,No
cat,9,Neutered,fractious,Winter,No
dog,7,Female,normal,Spring,No
dog,6,Female,normal,Summer,No
dog,8,Female,normal,Summer,No
dog,7,Male,normal,Spring,No
cat,18,Spayed,normal,Winter,No
dog,7,Neutered,normal,Fall,Yes
dog,9,Male,normal,Spring,No
dog,14,Male,normal,Winter,Yes
dog,19,Spayed,normal,Fall,No
rabbit,1,Neutered,normal,Fall,No
dog,11,Male,normal,Summer,No
dog,11,Male,Other,Fall,No
dog,17,Spayed,normal,Summer,No
cat,6,Neutered,ill mild,Winter,Yes
Other,6,Unknown,normal,Spring,No
dog,6,Male,normal,Summer,No
dog,7,Male,normal,Fall,No
dog,9,Male,normal,Spring,No
cat,7,Female,ill mild,Spring,No
cat,7,Female,under age/weight,Summer,No
dog,5,Spayed,normal,Fall,Yes
cat,7,Male,under age/weight,Summer,No
dog,8,Neutered,normal,Winter,Yes
dog,15,Spayed,injured  severe,Winter,No
dog,13,Male,normal,Spring,No
dog,18,Neutered,ill moderatete,Fall,No
dog,16,Spayed,normal,Winter,No
cat,7,Unknown,feral,Fall,No
cat,10,Neutered,feral,Spring,No
dog,6,Female,normal,Summer,No
cat,8,Female,normal,Fall,No
cat,8,Male,feral,Summer,Yes
dog,7,Male,normal,Spring,No
dog,16,Spayed,normal,Winter,No
cat,7,Unknown,normal,Fall,No
dog,13,Male,normal,Summer,No
dog,6,Female,ill moderatete,Winter,No
cat,5,Neutered,under age/weight,Fall,Yes
dog,9,Male,normal,Summer,No
cat,7,Female,under age/weight,Fall,No
dog,13,Male,normal,Winter,Yes
cat,7,Female,under age/weight,Summer,No
dog,5,Male,normal,Spring,Yes
dog,10,Male,normal,Summer,No
dog,10,Neutered,normal,Fall,No
dog,9,Male,injured  moderate,Spring,No
cat,5,Female,normal,Summer,Yes
dog,12,Male,normal,Summer,No
cat,7,Unknown,under age/weight,Summer,No
cat,7,Unknown,under age/weight,Summer,No
dog,7,Female,injured  mild,Summer,No
dog,6,Female,normal,Summer,Yes
dog,9,Female,normal,Summer,No
cat,6,Female,under age/weight,Fall,No
dog,12,Female,normal,Summer,No
cat,8,Neutered,normal,Summer,No
bird,5,Unknown,ill severe,Spring,No
dog,17,Female,normal,Winter,No
cat,7,Male,normal,Winter,No
other,5,Unknown,under age/weight,Spring,No
cat,6,Male,normal,Summer,No
dog,14,Female,normal,Summer,No
dog,15,Neutered,normal,Summer,Yes
dog,20,Neutered,normal,Spring,No
dog,16,Male,normal,Spring,No
dog,12,Female,normal,Winter,No
cat,8,Female,under age/weight,Spring,No
dog,10,Female,normal,Winter,Yes
cat,11,Spayed,injured  severe,Spring,No
dog,8,Male,normal,Fall,No
cat,7,Unknown,ill severe,Spring,No
dog,9,Male,normal,Fall,No
cat,5,Female,under age/weight,Summer,Yes
dog,9,Female,normal,Summer,No
dog,11,Male,normal,Winter,No
dog,16,Neutered,normal,Spring,No
cat,12,Neutered,normal,Spring,No
rabbit,9,Spayed,normal,Spring,Yes
dog,10,Male,normal,Fall,No
cat,4,Female,under age/weight,Summer,No
dog,9,Spayed,injured  severe,Spring,No
cat,5,Male,under age/weight,Fall,No
cat,5,Male,normal,Summer,No
dog,10,Female,normal,Fall,No
cat,9,Neutered,normal,Spring,Yes
dog,6,Male,normal,Spring,No
dog,14,Spayed,normal,Fall,No
dog,10,Neutered,injured  mild,Fall,No
dog,6,Female,normal,Summer,No
dog,9,Female,normal,Spring,No
cat,7,Female,normal,Winter,Yes
dog,12,Neutered,normal,Summer,No
dog,5,Female,normal,Summer,No
dog,14,Spayed,normal,Winter,No
cat,6,Spayed,injured  mild,Winter,Yes
dog,7,Unknown,under age/weight,Summer,No
cat,5,Male,under age/weight,Fall,No
dog,7,Unknown,under age/weight,Summer,No
cat,6,Female,under age/weight,Winter,Yes
dog,10,Neutered,normal,Summer,No
dog,7,Unknown,under age/weight,Summer,No
other,6,Unknown,normal,Fall,No
dog,7,Unknown,under age/weight,Summer,No
dog,7,Male,normal,Fall,No
dog,12,Female,normal,Fall,No
dog,7,Unknown,under age/weight,Summer,No
dog,7,Unknown,under age/weight,Summer,No
dog,11,Female,normal,Fall,No
dog,15,Neutered,normal,Winter,No
dog,7,Unknown,under age/weight,Summer,No
Other,6,Unknown,normal,Spring,No
cat,6,Spayed,normal,Fall,Yes
dog,9,Neutered,normal,Summer,No
cat,6,Unknown,under age/weight,Fall,No
dog,16,Female,normal,Winter,No
dog,16,Male,normal,Winter,No
wild,0,Unknown,under age/weight,Spring,No
cat,6,Male,under age/weight,Spring,No
dog,10,Female,injured  severe,Summer,Yes
dog,13,Neutered,ill moderatete,Winter,Yes
dog,14,Female,normal,Summer,No
dog,10,Male,normal,Summer,No
dog,11,Female,normal,Spring,No
dog,6,Female,normal,Fall,No
dog,13,Neutered,normal,Winter,Yes
dog,5,Male,ill mild,Summer,No
cat,11,Neutered,normal,Summer,No
dog,19,Spayed,normal,Winter,No
dog,2,Male,normal,Spring,Yes
dog,7,Spayed,normal,Spring,No
dog,7,Neutered,normal,Spring,No
cat,5,Female,under age/weight,Summer,No
cat,6,Unknown,under age/weight,Spring,No
cat,5,Female,under age/weight,Summer,No
dog,9,Female,normal,Summer,No
cat,5,Female,under age/weight,Summer,No
cat,7,Female,normal,Spring,No
cat,5,Female,under age/weight,Summer,No
cat,7,Female,under age/weight,Spring,No
cat,10,Neutered,injured  mild,Winter,Yes
dog,11,Male,normal,Winter,No
dog,9,Female,normal,Summer,No
dog,7,Neutered,injured  moderate,Fall,No
dog,12,Spayed,normal,Fall,No
dog,5,Female,normal,Winter,No
other,6,Unknown,under age/weight,Summer,No
dog,18,Spayed,normal,Winter,No
cat,2,Female,injured  severe,Summer,No
dog,10,Neutered,normal,Spring,No
dog,16,Male,normal,Spring,Yes
dog,7,Male,normal,Summer,No
dog,13,Male,normal,Fall,No
wild,7,Unknown,under age/weight,Spring,No
cat,7,Male,injured  mild,Summer,No
dog,8,Neutered,normal,Summer,No
cat,7,Female,normal,Winter,No
other,7,Unknown,under age/weight,Spring,No
dog,17,Male,normal,Summer,No
cat,8,Male,injured  moderate,Summer,No
dog,6,Male,normal,Summer,No
dog,6,Neutered,injured  mild,Summer,No
rabbit,3,Neutered,normal,Fall,Yes
bird,10,Unknown,ill mild,Winter,No
cat,9,Unknown,ill severe,Spring,No
cat,8,Female,normal,Spring,No
cat,5,Unknown,injured  moderate,Spring,No
dog,10,Male,normal,Winter,No
cat,2,Female,normal,Winter,Yes
dog,10,Female,ill severe,Fall,No
dog,13,Male,normal,Winter,No
dog,11,Spayed,normal,Summer,No
dog,4,Female,normal,Fall,Yes
dog,11,Spayed,normal,Winter,Yes
cat,11,Neutered,normal,Spring,No
dog,2,Spayed,normal,Spring,Yes
dog,4,Female,normal,Spring,No
dog,8,Female,normal,Winter,No
dog,11,Male,normal,Fall,No
dog,10,Female,normal,Summer,No
dog,12,Female,ill moderatete,Summer,Yes
cat,8,Male,normal,Summer,No
dog,8,Neutered,normal,Winter,Yes
dog,14,Neutered,normal,Summer,No
dog,9,Female,injured  severe,Spring,No
dog,5,Neutered,normal,Winter,No
bird,6,Unknown,under age/weight,Summer,No
dog,10,Male,normal,Summer,No
dog,10,Male,normal,Spring,No
cat,5,Male,ill moderatete,Summer,No
dog,2,Female,normal,Fall,No
dog,1,Male,normal,Fall,No
Other,9,Female,normal,Spring,No
dog,7,Male,normal,Fall,No
dog,12,Neutered,normal,Spring,No
cat,9,Male,normal,Spring,No
dog,4,Male,normal,Winter,Yes
dog,7,Female,normal,Summer,No
dog,14,Spayed,normal,Spring,No
dog,14,Neutered,normal,Summer,No
dog,15,Spayed,normal,Fall,No
cat,2,Female,normal,Spring,No
cat,10,Neutered,normal,Fall,Yes
cat,2,Male,normal,Spring,No
cat,7,Spayed,fractious,Summer,No
cat,6,Female,under age/weight,Summer,No
cat,6,Female,under age/weight,Spring,No
dog,3,Female,injured  moderate,Winter,No
dog,7,Female,normal,Summer,No
dog,8,Spayed,normal,Summer,Yes
dog,14,Spayed,normal,Winter,No
dog,3,Female,normal,Summer,No
rabbit,6,Unknown,ill mild,Summer,No
dog,12,Female,normal,Fall,No
dog,11,Neutered,normal,Summer,Yes
dog,8,Spayed,normal,Winter,Yes
dog,10,Neutered,fractious,Fall,Yes
dog,9,Neutered,injured  moderate,Fall,Yes
wild,8,Unknown,injured  severe,Fall,No
dog,8,Male,normal,Summer,No
cat,6,Female,under age/weight,Fall,No
dog,7,Female,normal,Spring,No
dog,10,Male,normal,Fall,Yes
dog,7,Female,normal,Spring,No
dog,13,Female,injured  mild,Fall,No
dog,11,Male,normal,Spring,No
dog,6,Male,normal,Summer,No
dog,7,Neutered,normal,Spring,Yes
dog,9,Male,normal,Spring,No
dog,8,Female,normal,Winter,No
dog,9,Neutered,ill mild,Fall,No
cat,1,Male,under age/weight,Summer,No
dog,10,Male,normal,Spring,No
dog,11,Male,normal,Summer,No
dog,10,Male,normal,Summer,No
cat,6,Male,under age/weight,Summer,No
Other,9,Unknown,normal,Winter,No
cat,5,Male,under age/weight,Summer,No
cat,9,Spayed,normal,Fall,No
cat,8,Neutered,normal,Spring,Yes
cat,7,Female,under age/weight,Fall,No
rabbit,1,Unknown,injured  severe,Fall,No
rabbit,1,Unknown,under age/weight,Spring,No
dog,11,Female,normal,Fall,No
dog,9,Male,normal,Fall,Yes
cat,8,Female,normal,Summer,No
cat,6,Unknown,under age/weight,Spring,No
cat,6,Male,injured  severe,Winter,No
dog,12,Neutered,normal,Spring,No
dog,7,Spayed,normal,Summer,No
cat,5,Male,normal,Summer,No
dog,7,Male,normal,Winter,No
cat,7,Male,normal,Summer,No
cat,5,Male,under age/weight,Summer,No
dog,8,Male,normal,Winter,No
cat,5,Male,under age/weight,Fall,No
dog,15,Spayed,normal,Summer,No
dog,7,Neutered,normal,Summer,Yes
dog,9,Spayed,normal,Fall,Yes
dog,7,Female,normal,Summer,No
dog,16,Neutered,normal,Spring,Yes
cat,8,Female,normal,Spring,No
cat,6,Male,normal,Spring,No
cat,7,Female,normal,Spring,Yes
cat,5,Female,under age/weight,Summer,No
cat,5,Female,under age/weight,Summer,No
cat,8,Spayed,normal,Summer,Yes
dog,3,Male,normal,Winter,No
dog,14,Spayed,normal,Spring,No
dog,6,Female,normal,Spring,No
dog,8,Male,normal,Winter,Yes
wild,8,Male,injured  severe,Spring,No
dog,6,Male,normal,Fall,No
cat,6,Female,ill severe,Fall,No
dog,19,Female,normal,Spring,No
cat,6,Male,under age/weight,Spring,No
cat,6,Female,under age/weight,Spring,No
dog,9,Neutered,normal,Winter,No
dog,13,Neutered,injured  mild,Winter,No
dog,8,Spayed,ill severe,Summer,Yes
dog,8,Male,normal,Summer,No
dog,7,Male,normal,Summer,No
dog,10,Neutered,normal,Summer,No
dog,3,Female,normal,Spring,Yes
Other,11,Unknown,normal,Fall,No
wild,3,Unknown,under age/weight,Spring,No
wild,3,Unknown,under age/weight,Spring,No
other,3,Unknown,under age/weight,Spring,No
other,3,Unknown,under age/weight,Spring,No
dog,16,Spayed,Other,Winter,Yes
dog,9,Female,normal,Fall,No
cat,7,Neutered,normal,Fall,No
dog,17,Neutered,normal,Fall,No
cat,5,Unknown,ill moderatete,Summer,No
dog,7,Male,normal,Fall,No
dog,18,Male,normal,Spring,No
dog,14,Neutered,normal,Fall,No
cat,5,Neutered,under age/weight,Fall,Yes
dog,13,Spayed,normal,Summer,No
Other,10,Unknown,ill mild,Spring,No
dog,8,Spayed,normal,Fall,No
dog,10,Female,normal,Fall,No
dog,9,Neutered,normal,Winter,Yes
dog,10,Neutered,normal,Spring,Yes
dog,7,Spayed,normal,Fall,Yes
dog,7,Male,normal,Summer,No
dog,7,Female,normal,Summer,No
dog,5,Female,normal,Fall,No
dog,10,Male,normal,Fall,No
dog,19,Male,Other,Winter,No
dog,2,Neutered,i/i report,Fall,Yes
dog,20,Female,normal,Winter,No
dog,10,Neutered,normal,Summer,No
cat,11,Neutered,normal,Winter,Yes
dog,10,Female,normal,Summer,No
cat,6,Female,under age/weight,Summer,No
dog,24,Female,ill moderatete,Summer,No
dog,11,Female,injured  mild,Fall,Yes
dog,9,Male,fractious,Winter,No
dog,15,Male,normal,Spring,No
dog,10,Male,normal,Spring,Yes
dog,10,Neutered,normal,Spring,No
dog,5,Neutered,normal,Fall,No
dog,2,Female,normal,Winter,No
dog,10,Male,normal,Winter,No
cat,1,Female,i/i report,Fall,No
cat,1,Female,i/i report,Fall,No
dog,9,Spayed,ill moderatete,Fall,Yes
dog,17,Male,Other,Summer,No
dog,6,Female,normal,Fall,No
cat,5,Male,under age/weight,Summer,No
dog,22,Neutered,normal,Summer,No
cat,11,Male,normal,Spring,No
dog,12,Neutered,normal,Winter,No
cat,21,Neutered,normal,Fall,No
cat,12,Spayed,normal,Winter,Yes
rabbit,6,Neutered,normal,Spring,No
dog,8,Female,normal,Summer,No
dog,12,Neutered,normal,Spring,No
dog,22,Female,normal,Summer,No
cat,7,Male,normal,Summer,No
cat,6,Male,under age/weight,Spring,No
cat,6,Male,under age/weight,Spring,No
dog,15,Female,normal,Summer,No
rabbit,7,Spayed,normal,Summer,Yes
cat,6,Female,under age/weight,Fall,No
other,8,Unknown,normal,Fall,No
cat,6,Male,under age/weight,Fall,No
dog,19,Male,normal,Summer,No
dog,8,Male,normal,Fall,No
dog,10,Male,normal,Spring,No
cat,6,Neutered,under age/weight,Summer,Yes
dog,11,Neutered,injured  moderate,Summer,No
dog,13,Neutered,normal,Summer,No
dog,7,Spayed,injured  mild,Winter,No
dog,14,Male,normal,Fall,No
rabbit,6,Female,normal,Summer,Yes
dog,8,Male,normal,Summer,No
cat,6,Unknown,under age/weight,Winter,No
cat,6,Female,under age/weight,Summer,No
dog,8,Male,normal,Winter,Yes
cat,6,Female,under age/weight,Fall,No
cat,6,Female,under age/weight,Fall,No
cat,6,Female,under age/weight,Fall,No
dog,8,Female,normal,Spring,No
dog,13,Female,normal,Winter,No
cat,6,Male,under age/weight,Spring,No
cat,6,Male,normal,Fall,Yes
dog,11,Neutered,normal,Fall,Yes
dog,9,Male,normal,Summer,No
bird,8,Unknown,ill mild,Fall,No
dog,7,Spayed,normal,Winter,Yes
dog,14,Male,normal,Summer,No
rabbit,8,Neutered,normal,Summer,No
dog,8,Male,normal,Spring,Yes
dog,7,Male,normal,Spring,No
dog,12,Neutered,normal,Winter,No
dog,15,Spayed,Other,Fall,No
cat,7,Female,under age/weight,Spring,No
other,8,Unknown,injured  severe,Winter,No
cat,0,Neutered,under age/weight,Summer,No
dog,14,Male,normal,Spring,Yes
cat,5,Male,fractious,Summer,No
cat,11,Neutered,normal,Summer,No
cat,6,Female,under age/weight,Summer,No
wild,8,Unknown,ill severe,Summer,No
dog,11,Male,normal,Fall,No
dog,8,Male,normal,Winter,No
cat,6,Female,ill severe,Spring,No
dog,11,Female,normal,Winter,No
dog,2,Female,normal,Spring,No
cat,7,Male,normal,Spring,No
cat,8,Male,normal,Spring,No
cat,5,Female,under age/weight,Fall,No
cat,5,Male,under age/weight,Fall,No
bird,8,Unknown,normal,Summer,No
cat,8,Neutered,fractious,Fall,No
dog,10,Male,normal,Summer,No
dog,10,Female,normal,Spring,No
cat,5,Male,under age/weight,Summer,No
dog,11,Neutered,normal,Summer,No
dog,9,Male,normal,Fall,No
dog,10,Male,injured  severe,Fall,No
dog,15,Spayed,normal,Winter,No
dog,10,Male,normal,Spring,No
cat,10,Male,normal,Fall,No
dog,10,Female,normal,Spring,No
dog,13,Female,normal,Spring,Yes
cat,2,Male,ill mild,Spring,Yes
dog,7,Male,normal,Spring,No
dog,7,Spayed,injured  moderate,Summer,Yes
cat,3,Female,under age/weight,Fall,No
cat,3,Female,under age/weight,Fall,No
dog,9,Neutered,normal,Summer,No
dog,11,Female,normal,Summer,No
dog,11,Male,normal,Spring,No
dog,9,Male,normal,Winter,No
dog,14,Neutered,normal,Winter,No
dog,10,Neutered,injured  moderate,Spring,No
bird,2,Male,injured  moderate,Spring,No
dog,3,Neutered,normal,Spring,Yes
cat,6,Female,under age/weight,Summer,No
cat,6,Male,under age/weight,Summer,No
cat,6,Male,injured  severe,Summer,No
dog,22,Spayed,normal,Summer,No
dog,7,Male,normal,Summer,No
cat,5,Female,under age/weight,Summer,No
cat,11,Male,normal,Winter,No
dog,10,Neutered,normal,Fall,No
cat,7,Female,ill mild,Fall,No
cat,7,Female,under age/weight,Summer,No
cat,10,Male,normal,Spring,No
cat,6,Male,under age/weight,Fall,No
dog,10,Male,normal,Fall,No
dog,7,Female,normal,Winter,No
cat,2,Female,normal,Summer,Yes
cat,2,Male,normal,Summer,No
dog,10,Neutered,normal,Fall,No
dog,9,Male,normal,Spring,No
dog,10,Male,normal,Winter,No
dog,9,Male,normal,Spring,No
cat,19,Male,ill mild,Winter,No
bird,7,Unknown,under age/weight,Summer,No
dog,16,Neutered,normal,Winter,No
cat,5,Female,ill moderatete,Winter,No
dog,1,Spayed,normal,Fall,Yes
cat,1,Female,i/i report,Summer,Yes
cat,7,Female,normal,Summer,No
cat,7,Female,normal,Summer,No
dog,8,Male,normal,Fall,No
dog,8,Spayed,normal,Spring,Yes
cat,8,Spayed,normal,Summer,Yes
Other,10,Unknown,injured  mild,Spring,No
cat,7,Female,normal,Summer,No
dog,13,Spayed,injured  mild,Winter,No
bird,3,Unknown,injured  mild,Winter,No
dog,10,Male,normal,Summer,No
dog,3,Female,normal,Spring,No
dog,14,Female,normal,Summer,No
dog,10,Male,normal,Summer,No
dog,8,Male,normal,Spring,Yes
dog,5,Male,normal,Winter,No
dog,7,Female,normal,Winter,No
dog,8,Neutered,normal,Spring,No
dog,9,Male,normal,Winter,No
dog,8,Female,injured  moderate,Spring,Yes
dog,17,Female,normal,Summer,No
dog,13,Spayed,normal,Winter,No
dog,12,Female,normal,Spring,No
cat,6,Female,under age/weight,Spring,No
cat,5,Male,normal,Summer,Yes
wild,3,Unknown,injured  severe,Winter,No
dog,10,Spayed,normal,Fall,No
cat,9,Neutered,ill mild,Spring,No
dog,10,Male,normal,Fall,No
dog,8,Male,normal,Winter,No
dog,8,Neutered,normal,Spring,No
Other,13,Unknown,normal,Summer,No
dog,6,Female,normal,Winter,No
cat,6,Male,normal,Summer,Yes
cat,7,Male,under age/weight,Spring,No
dog,6,Male,under age/weight,Summer,No
dog,13,Neutered,normal,Summer,No
dog,22,Male,normal,Summer,No
cat,5,Neutered,normal,Fall,Yes
dog,3,Spayed,normal,Summer,Yes
dog,2,Neutered,normal,Summer,Yes
dog,8,Male,normal,Winter,No
cat,6,Male,under age/weight,Summer,No
other,8,Female,injured  severe,Summer,No
dog,12,Female,normal,Fall,No
cat,1,Neutered,normal,Summer,Yes
dog,6,Male,normal,Fall,No
cat,8,Male,normal,Winter,No
dog,9,Male,normal,Winter,No
dog,21,Male,normal,Summer,No
dog,8,Male,normal,Fall,No
dog,9,Neutered,normal,Spring,No
cat,11,Female,normal,Summer,No
rabbit,2,Spayed,normal,Fall,No
rabbit,2,Spayed,normal,Fall,No
rabbit,2,Neutered,normal,Spring,No
rabbit,3,Neutered,normal,Fall,Yes
rabbit,2,Neutered,normal,Spring,Yes
cat,1,Unknown,under age/weight,Summer,No
dog,8,Male,normal,Winter,No
cat,7,Neutered,feral,Summer,No
cat,9,Neutered,ill mild,Fall,No
cat,8,Female,normal,Summer,No
cat,7,Female,under age/weight,Summer,No
dog,21,Female,normal,Fall,No
dog,19,Spayed,normal,Summer,No
dog,7,Male,normal,Summer,No
bird,6,Unknown,under age/weight,Spring,No
dog,8,Female,normal,Summer,No
dog,8,Female,normal,Fall,No
dog,3,Spayed,normal,Spring,Yes
cat,7,Neutered,normal,Spring,No
dog,8,Female,normal,Summer,No
cat,5,Male,normal,Summer,Yes
dog,6,Male,normal,Fall,No
other,12,Unknown,injured  severe,Fall,No
dog,8,Spayed,injured  severe,Spring,No
dog,10,Spayed,normal,Spring,No
cat,5,Spayed,under age/weight,Fall,Yes
bird,5,Unknown,under age/weight,Spring,No
dog,10,Female,normal,Spring,No
dog,13,Male,normal,Spring,No
cat,5,Male,injured  severe,Summer,No
dog,10,Female,normal,Fall,No
dog,19,Neutered,normal,Fall,No
bird,7,Unknown,injured  mild,Summer,No
dog,10,Neutered,normal,Winter,No
dog,10,Spayed,normal,Summer,No
wild,6,Unknown,under age/weight,Summer,No
dog,10,Neutered,normal,Spring,Yes
dog,7,Female,under age/weight,Fall,No
dog,10,Female,normal,Fall,No
dog,18,Neutered,injured  mild,Winter,No
cat,15,Spayed,injured  moderate,Winter,No
cat,7,Female,under age/weight,Spring,No
dog,16,Spayed,normal,Spring,No
dog,17,Male,ill moderatete,Winter,No
dog,6,Male,normal,Summer,No
dog,10,Male,normal,Spring,No
dog,7,Female,normal,Winter,No
dog,10,Male,normal,Winter,No
cat,10,Male,ill mild,Spring,No
cat,6,Unknown,under age/weight,Spring,No
dog,7,Unknown,under age/weight,Summer,No
dog,9,Male,normal,Summer,Yes
rabbit,7,Neutered,normal,Summer,No
cat,9,Neutered,feral,Winter,No
cat,13,Neutered,ill mild,Spring,Yes
dog,12,Female,normal,Spring,No
dog,9,Male,normal,Winter,No
dog,7,Female,normal,Summer,No
dog,8,Male,normal,Winter,No
cat,6,Male,normal,Fall,No
dog,10,Neutered,normal,Winter,Yes
dog,7,Male,normal,Fall,Yes
dog,12,Neutered,normal,Fall,No
dog,9,Female,normal,Fall,No
dog,14,Spayed,normal,Winter,Yes
dog,8,Male,normal,Spring,No
cat,9,Female,normal,Winter,No
dog,11,Male,normal,Summer,No
dog,8,Male,normal,Winter,No
dog,8,Male,normal,Spring,No
dog,6,Male,injured  moderate,Winter,No
cat,7,Female,normal,Winter,Yes
dog,9,Male,injured  mild,Summer,Yes
dog,9,Female,normal,Spring,No
dog,10,Neutered,normal,Summer,Yes
dog,2,Neutered,normal,Summer,Yes
dog,4,Male,normal,Summer,No
dog,14,Male,normal,Winter,No
cat,7,Unknown,normal,Fall,No
dog,10,Female,normal,Summer,No
dog,13,Spayed,normal,Fall,Yes
cat,1,Unknown,injured  moderate,Fall,No
cat,7,Spayed,normal,Summer,Yes
dog,4,Male,normal,Spring,No
cat,0,Spayed,normal,Summer,Yes
cat,0,Spayed,normal,Summer,Yes
cat,7,Unknown,under age/weight,Fall,No
cat,4,Unknown,under age/weight,Summer,No
bird,7,Male,normal,Winter,No
cat,7,Unknown,under age/weight,Fall,No
dog,6,Neutered,i/i report,Summer,No
cat,1,Female,normal,Fall,No
dog,2,Neutered,i/i report,Summer,Yes
cat,1,Spayed,ill severe,Summer,Yes
cat,7,Female,normal,Fall,No
cat,10,Female,normal,Fall,No
dog,8,Neutered,normal,Summer,Yes
dog,16,Neutered,ill severe,Spring,No
bird,7,Unknown,ill severe,Fall,No
bird,7,Unknown,ill severe,Summer,No
bird,3,Unknown,injured  moderate,Summer,No
bird,4,Unknown,injured  severe,Spring,No
cat,0,Male,under age/weight,Summer,No
dog,5,Male,normal,Spring,No
cat,0,Female,ill severe,Fall,No
cat,6,Female,normal,Winter,No
cat,6,Male,normal,Winter,No
dog,2,Male,injured  severe,Spring,No
cat,6,Neutered,normal,Spring,No
other,5,Unknown,injured  severe,Summer,No
cat,3,Neutered,normal,Fall,Yes
cat,2,Male,injured  severe,Fall,No
cat,2,Female,injured  severe,Spring,No
dog,8,Female,normal,Summer,No
cat,9,Unknown,ill severe,Fall,No
wild,5,Unknown,injured  severe,Spring,No
cat,8,Spayed,normal,Winter,Yes
cat,4,Male,ill mild,Winter,No
bird,6,Unknown,ill mild,Spring,No
dog,3,Neutered,normal,Winter,Yes
cat,9,Female,normal,Summer,No
dog,7,Spayed,normal,Spring,Yes
cat,1,Female,under age/weight,Summer,No
dog,4,Spayed,normal,Spring,No
bird,4,Unknown,ill severe,Spring,No
cat,8,Male,normal,Fall,No
dog,8,Male,normal,Winter,No
dog,6,Male,behavior  severe,Summer,No
cat,1,Neutered,ill mild,Spring,Yes
dog,10,Male,normal,Fall,No
dog,2,Male,normal,Spring,No
dog,12,Spayed,normal,Summer,No
cat,10,Spayed,normal,Spring,Yes
cat,9,Neutered,normal,Summer,Yes
cat,9,Female,normal,Winter,No
cat,10,Male,normal,Spring,No
cat,8,Male,normal,Winter,No
cat,12,Neutered,normal,Spring,Yes
cat,10,Female,normal,Winter,No
cat,12,Spayed,normal,Summer,Yes
cat,8,Male,under age/weight,Winter,No
cat,0,Neutered,normal,Fall,No
dog,2,Neutered,normal,Summer,Yes
dog,8,Female,normal,Winter,No
cat,7,Male,ill severe,Summer,No
dog,9,Female,normal,Winter,No
dog,1,Male,normal,Winter,No
dog,1,Female,normal,Winter,No
dog,1,Male,normal,Winter,No
cat,0,Male,under age/weight,Fall,No
cat,7,Male,injured  severe,Summer,No
cat,0,Male,under age/weight,Fall,No
cat,0,Female,under age/weight,Fall,No
dog,13,Female,normal,Fall,No
dog,8,Female,normal,Spring,No
cat,1,Female,under age/weight,Fall,No
cat,3,Female,injured  mild,Fall,No
cat,5,Male,normal,Summer,No
cat,5,Spayed,normal,Summer,Yes
cat,5,Male,under age/weight,Fall,No
cat,3,Neutered,normal,Spring,No
cat,9,Female,ill moderatete,Summer,No
cat,0,Female,under age/weight,Summer,No
cat,4,Spayed,normal,Fall,Yes
cat,6,Unknown,under age/weight,Spring,No
bird,4,Unknown,injured  moderate,Summer,No
cat,6,Unknown,under age/weight,Spring,No
cat,6,Unknown,under age/weight,Spring,No
cat,2,Female,under age/weight,Summer,No
cat,6,Unknown,ill severe,Fall,No
dog,8,Neutered,normal,Fall,Yes
dog,11,Neutered,normal,Fall,Yes
dog,12,Female,injured  severe,Fall,No
dog,9,Neutered,normal,Fall,Yes
wild,3,Unknown,ill severe,Spring,No
dog,11,Female,normal,Spring,No
cat,7,Male,under age/weight,Fall,No
cat,7,Male,ill severe,Fall,No
dog,9,Female,normal,Fall,No
dog,3,Neutered,injured  moderate,Spring,No
dog,6,Neutered,normal,Winter,Yes
dog,11,Spayed,normal,Winter,No
dog,10,Spayed,normal,Spring,No
dog,16,Male,ill severe,Summer,No
dog,1,Male,normal,Summer,No
dog,3,Female,ill mild,Fall,No
dog,12,Neutered,normal,Fall,Yes
dog,8,Neutered,normal,Fall,Yes
cat,1,Female,injured  severe,Fall,No
cat,7,Female,normal,Summer,Yes
bird,7,Unknown,injured  severe,Fall,No
cat,7,Male,under age/weight,Fall,No
cat,3,Male,under age/weight,Summer,No
cat,7,Male,under age/weight,Fall,No
dog,12,Neutered,normal,Summer,No
cat,7,Female,under age/weight,Fall,No
dog,1,Female,injured  severe,Fall,No
cat,5,Male,normal,Fall,No
cat,3,Unknown,under age/weight,Spring,No
wild,4,Unknown,under age/weight,Spring,No
wild,7,Unknown,under age/weight,Spring,No
cat,10,Male,ill severe,Fall,No
dog,7,Spayed,normal,Winter,Yes
cat,0,Spayed,under age/weight,Summer,No
dog,9,Male,normal,Spring,No
dog,8,Neutered,normal,Summer,Yes
cat,6,Female,under age/weight,Summer,No
wild,8,Unknown,ill moderatete,Winter,No
cat,11,Spayed,normal,Summer,No
dog,9,Female,normal,Summer,No
cat,1,Unknown,injured  severe,Fall,No
cat,0,Neutered,under age/weight,Fall,Yes
cat,3,Spayed,injured  mild,Summer,No
cat,3,Spayed,ill moderatete,Fall,No
dog,7,Male,normal,Fall,No
dog,6,Female,normal,Summer,No
dog,6,Male,normal,Summer,No
dog,10,Male,normal,Spring,No
cat,4,Female,normal,Summer,No
cat,3,Male,normal,Winter,No
cat,2,Neutered,ill moderatete,Winter,Yes
cat,17,Spayed,ill mild,Spring,No
bird,1,Unknown,injured  severe,Summer,No
cat,8,Male,normal,Fall,No
dog,10,Spayed,normal,Summer,No
Other,8,Male,normal,Spring,No
dog,2,Female,normal,Spring,No
dog,1,Spayed,normal,Summer,Yes
dog,3,Female,normal,Spring,No
dog,4,Male,ill mild,Summer,No
cat,1,Spayed,under age/weight,Fall,No
cat,1,Unknown,under age/weight,Summer,No
cat,3,Neutered,ill mild,Summer,No
cat,2,Unknown,normal,Winter,No
dog,4,Neutered,normal,Spring,Yes
bird,8,Unknown,under age/weight,Spring,No
dog,15,Spayed,normal,Winter,No
dog,8,Spayed,normal,Winter,No
cat,14,Female,normal,Fall,No
cat,5,Male,under age/weight,Fall,No
bird,3,Unknown,normal,Summer,No
cat,9,Female,normal,Summer,No
dog,15,Neutered,normal,Spring,No
dog,3,Female,normal,Fall,No
other,1,Unknown,under age/weight,Spring,No
wild,4,Unknown,ill severe,Fall,No
dog,0,Spayed,normal,Winter,No
dog,2,Neutered,ill moderatete,Summer,No
cat,0,Male,ill moderatete,Fall,No
dog,2,Spayed,injured  moderate,Summer,Yes
cat,6,Female,under age/weight,Spring,No
cat,6,Male,under age/weight,Summer,No
cat,8,Spayed,normal,Summer,No
cat,12,Neutered,feral,Winter,No
dog,9,Spayed,normal,Fall,Yes
cat,6,Neutered,ill moderatete,Spring,No
cat,1,Spayed,i/i report,Fall,Yes
dog,16,Neutered,Other,Fall,No
bird,3,Unknown,injured  mild,Summer,No
cat,7,Neutered,normal,Summer,Yes
dog,5,Male,injured  mild,Fall,No
dog,5,Male,injured  severe,Winter,No
cat,6,Male,ill moderatete,Summer,No
bird,8,Unknown,normal,Winter,No
cat,10,Neutered,ill moderatete,Winter,No
cat,0,Neutered,under age/weight,Fall,No
cat,0,Neutered,under age/weight,Fall,No
cat,0,Neutered,under age/weight,Fall,Yes
cat,10,Male,ill severe,Winter,No
dog,16,Neutered,ill mild,Winter,No
dog,13,Spayed,ill mild,Winter,No
cat,5,Unknown,under age/weight,Fall,No
cat,1,Spayed,ill mild,Fall,Yes
dog,1,Spayed,normal,Fall,Yes
cat,11,Spayed,normal,Fall,Yes
dog,7,Neutered,normal,Spring,Yes
dog,10,Neutered,injured  moderate,Summer,No
dog,17,Neutered,normal,Summer,No
dog,6,Male,under age/weight,Spring,No
dog,15,Female,ill severe,Fall,No
Other,6,Unknown,normal,Spring,No
dog,2,Spayed,injured  mild,Spring,Yes
cat,4,Spayed,injured  mild,Spring,Yes
dog,9,Neutered,i/i report,Spring,No
cat,1,Female,normal,Summer,No
cat,4,Male,injured  severe,Winter,No
dog,3,Neutered,normal,Fall,Yes
cat,0,Neutered,under age/weight,Fall,Yes
cat,1,Neutered,under age/weight,Summer,Yes
dog,1,Male,under age/weight,Spring,No
dog,1,Neutered,normal,Spring,Yes
dog,9,Neutered,normal,Summer,No
cat,0,Unknown,under age/weight,Spring,No
dog,1,Spayed,normal,Fall,Yes
cat,16,Neutered,normal,Winter,No
dog,10,Male,normal,Spring,No
cat,4,Female,under age/weight,Summer,No
cat,4,Spayed,normal,Summer,Yes
cat,15,Neutered,injured  mild,Winter,Yes
cat,7,Male,normal,Spring,No
cat,7,Male,under age/weight,Spring,No
cat,7,Male,under age/weight,Spring,No
cat,7,Male,under age/weight,Spring,No
cat,5,Female,normal,Spring,No
cat,6,Female,under age/weight,Summer,No
cat,0,Neutered,normal,Summer,No
dog,8,Female,normal,Summer,No
dog,9,Male,normal,Winter,No
cat,8,Neutered,normal,Winter,Yes
cat,1,Spayed,normal,Fall,No
dog,1,Male,ill moderatete,Winter,Yes
cat,0,Unknown,under age/weight,Summer,No
dog,16,Spayed,normal,Summer,No
bird,5,Unknown,under age/weight,Fall,No
dog,1,Neutered,normal,Spring,Yes
dog,9,Female,normal,Spring,No
dog,6,Female,normal,Spring,No
bird,5,Unknown,injured  severe,Winter,No
cat,8,Male,normal,Winter,No
dog,7,Male,normal,Winter,No
dog,2,Male,normal,Spring,No
dog,11,Neutered,normal,Winter,No
dog,7,Female,normal,Fall,No
dog,5,Male,normal,Spring,Yes
cat,7,Female,under age/weight,Fall,No
cat,7,Female,under age/weight,Fall,No
cat,4,Female,normal,Fall,No
dog,4,Neutered,normal,Spring,No
dog,3,Spayed,normal,Fall,Yes
dog,4,Female,injured  mild,Winter,No
cat,0,Unknown,under age/weight,Fall,No
dog,5,Male,normal,Fall,No
cat,0,Female,ill moderatete,Winter,No
cat,5,Neutered,normal,Winter,No
cat,3,Unknown,injured  severe,Winter,No
dog,6,Neutered,normal,Spring,No
cat,1,Male,under age/weight,Summer,Yes
cat,8,Female,ill moderatete,Winter,No
cat,1,Female,ill moderatete,Fall,No
cat,1,Female,normal,Fall,No
cat,9,Spayed,feral,Summer,No
dog,2,Male,normal,Fall,No
cat,4,Spayed,ill moderatete,Winter,Yes
cat,4,Female,under age/weight,Fall,No
rabbit,2,Neutered,normal,Fall,Yes
cat,6,Male,normal,Fall,No
cat,6,Female,normal,Fall,No
dog,8,Neutered,normal,Fall,No
cat,6,Male,normal,Fall,No
cat,6,Male,normal,Fall,No
dog,16,Spayed,ill mild,Fall,Yes
cat,7,Male,under age/weight,Fall,No
cat,7,Male,under age/weight,Fall,No
cat,2,Male,normal,Summer,No
cat,2,Male,under age/weight,Summer,Yes
cat,8,Female,ill mild,Summer,Yes
cat,7,Unknown,under age/weight,Spring,No
cat,4,Neutered,injured  moderate,Fall,No
cat,2,Male,under age/weight,Summer,Yes
cat,9,Male,injured  moderate,Winter,No
cat,0,Female,ill severe,Fall,No
cat,16,Spayed,normal,Winter,Yes
cat,10,Female,normal,Summer,No
cat,6,Female,normal,Summer,No
dog,7,Spayed,normal,Spring,Yes
dog,7,Neutered,normal,Spring,Yes
other,6,Unknown,under age/weight,Summer,No
other,6,Unknown,under age/weight,Summer,No
dog,5,Male,normal,Summer,No
cat,5,Spayed,normal,Summer,Yes
other,5,Unknown,under age/weight,Summer,No
cat,7,Neutered,normal,Fall,Yes
cat,10,Spayed,normal,Fall,No
cat,8,Spayed,normal,Fall,No
cat,6,Female,under age/weight,Summer,No
cat,7,Spayed,normal,Summer,Yes
cat,7,Spayed,normal,Summer,Yes
cat,9,Spayed,normal,Summer,No
dog,6,Spayed,fractious,Winter,Yes
cat,8,Neutered,normal,Summer,No
cat,14,Neutered,normal,Summer,No
cat,8,Spayed,normal,Summer,No
dog,3,Neutered,normal,Winter,Yes
cat,2,Neutered,normal,Spring,No
cat,11,Neutered,ill mild,Summer,No
dog,4,Neutered,normal,Winter,Yes
dog,3,Female,normal,Summer,No
cat,7,Unknown,under age/weight,Spring,No
cat,7,Unknown,under age/weight,Spring,No
cat,7,Unknown,under age/weight,Spring,No
dog,1,Male,normal,Spring,No
cat,7,Unknown,under age/weight,Fall,No
cat,7,Unknown,under age/weight,Fall,No
cat,7,Male,under age/weight,Fall,No
cat,3,Female,ill mild,Spring,Yes
cat,6,Female,under age/weight,Fall,No
cat,5,Female,normal,Spring,No
cat,8,Female,normal,Summer,No
cat,6,Neutered,normal,Summer,Yes
cat,8,Spayed,normal,Fall,No
cat,7,Unknown,under age/weight,Spring,No
cat,7,Female,under age/weight,Fall,No
cat,7,Unknown,under age/weight,Summer,No
dog,8,Male,normal,Winter,No
cat,6,Male,under age/weight,Summer,Yes
cat,7,Male,under age/weight,Fall,No
cat,7,Unknown,under age/weight,Spring,No
cat,1,Spayed,normal,Spring,Yes
cat,7,Unknown,under age/weight,Fall,No
bird,5,Unknown,ill severe,Fall,No
cat,5,Male,under age/weight,Summer,No
cat,2,Male,injured  severe,Summer,No
dog,3,Neutered,normal,Spring,Yes
cat,6,Spayed,normal,Winter,No
cat,2,Spayed,normal,Spring,Yes
cat,15,Neutered,ill mild,Spring,No
cat,4,Male,normal,Summer,No
cat,0,Unknown,under age/weight,Spring,No
cat,5,Male,injured  moderate,Spring,No
cat,3,Male,normal,Spring,No
cat,2,Male,under age/weight,Fall,No
Other,8,Male,normal,Summer,No
rabbit,8,Neutered,normal,Summer,No
dog,3,Neutered,normal,Fall,Yes
dog,10,Female,normal,Spring,No
dog,7,Male,normal,Spring,No
cat,6,Male,under age/weight,Fall,No
cat,6,Female,under age/weight,Fall,No
Other,4,Female,normal,Winter,Yes
cat,4,Spayed,behavior  mild,Fall,No
dog,15,Spayed,ill moderatete,Summer,No
dog,5,Neutered,normal,Winter,Yes
dog,4,Female,under age/weight,Fall,No
dog,3,Neutered,normal,Summer,Yes
cat,2,Female,injured  moderate,Summer,No
dog,8,Female,injured  severe,Fall,No
dog,5,Spayed,normal,Spring,Yes
cat,2,Spayed,fractious,Summer,No
cat,2,Male,under age/weight,Winter,Yes
cat,2,Male,under age/weight,Winter,Yes
cat,3,Female,injured  mild,Winter,No
cat,5,Female,under age/weight,Spring,No
cat,5,Unknown,under age/weight,Summer,No
cat,5,Female,under age/weight,Fall,No
cat,5,Male,under age/weight,Fall,No
cat,5,Female,under age/weight,Fall,No
cat,7,Neutered,injured  moderate,Summer,No
cat,3,Spayed,normal,Spring,No
cat,1,Neutered,under age/weight,Summer,No
cat,4,Male,injured  moderate,Spring,No
cat,8,Male,normal,Summer,No
wild,2,Unknown,under age/weight,Summer,No
cat,19,Male,normal,Summer,No
rabbit,1,Neutered,normal,Spring,Yes
dog,4,Spayed,i/i report,Spring,Yes
Other,3,Female,normal,Spring,Yes
cat,11,Neutered,feral,Spring,No
cat,13,Female,ill mild,Fall,No
dog,6,Spayed,normal,Fall,Yes
dog,5,Neutered,normal,Summer,Yes
cat,3,Female,injured  severe,Spring,No
cat,4,Unknown,under age/weight,Fall,No
cat,4,Unknown,under age/weight,Fall,No
cat,7,Unknown,under age/weight,Fall,No
cat,7,Unknown,under age/weight,Fall,No
cat,7,Unknown,under age/weight,Fall,No
cat,4,Female,under age/weight,Summer,No
cat,5,Male,normal,Summer,No
cat,5,Male,normal,Summer,No
dog,3,Female,normal,Summer,No
dog,11,Spayed,normal,Spring,No
dog,13,Male,normal,Fall,No
cat,7,Female,normal,Spring,No
dog,5,Female,normal,Fall,No
dog,5,Male,normal,Winter,No
dog,7,Female,normal,Fall,No
dog,8,Male,ill mild,Fall,No
dog,4,Neutered,normal,Winter,Yes
cat,12,Male,injured  moderate,Summer,No
cat,1,Neutered,injured  moderate,Fall,Yes
cat,7,Unknown,under age/weight,Summer,No
cat,0,Male,under age/weight,Summer,No
dog,5,Neutered,normal,Fall,No
dog,10,Spayed,ill mild,Fall,No
dog,8,Male,injured  moderate,Fall,No
cat,5,Male,under age/weight,Spring,No
cat,7,Female,normal,Summer,No
cat,5,Male,normal,Summer,No
cat,6,Unknown,under age/weight,Fall,No
cat,8,Spayed,normal,Fall,No
cat,2,Neutered,injured  mild,Fall,No
cat,3,Female,fractious,Spring,Yes
cat,5,Spayed,fractious,Spring,No
cat,14,Spayed,ill moderatete,Spring,Yes
dog,14,Spayed,ill mild,Winter,No
cat,2,Male,ill mild,Fall,No
cat,2,Male,normal,Summer,No
cat,2,Spayed,under age/weight,Summer,Yes
cat,6,Female,normal,Fall,No
cat,2,Male,under age/weight,Summer,No
cat,8,Male,normal,Summer,No
cat,7,Neutered,injured  severe,Summer,No
cat,1,Neutered,under age/weight,Spring,No
cat,3,Male,normal,Winter,No
cat,5,Unknown,normal,Winter,No
dog,17,Spayed,normal,Summer,No
dog,8,Male,normal,Spring,No
cat,3,Neutered,injured  mild,Fall,No
dog,5,Male,normal,Winter,No
dog,8,Female,normal,Fall,No
cat,2,Unknown,under age/weight,Summer,No
cat,2,Unknown,under age/weight,Summer,No
cat,12,Female,ill severe,Spring,No
dog,2,Spayed,normal,Winter,Yes
cat,5,Male,normal,Summer,No
dog,10,Female,injured  moderate,Summer,No
dog,10,Male,normal,Summer,No
dog,7,Neutered,normal,Winter,Yes
cat,10,Spayed,normal,Winter,Yes
cat,4,Female,ill mild,Fall,No
dog,4,Neutered,normal,Winter,Yes
dog,13,Neutered,normal,Spring,No
cat,5,Male,under age/weight,Spring,No
other,7,Unknown,normal,Spring,No
cat,4,Female,normal,Fall,Yes
dog,1,Female,under age/weight,Winter,No
dog,1,Male,under age/weight,Winter,No
cat,6,Spayed,normal,Fall,No
cat,1,Male,ill severe,Summer,No
rabbit,2,Spayed,normal,Winter,Yes
dog,6,Spayed,normal,Fall,Yes
cat,0,Neutered,under age/weight,Summer,Yes
cat,3,Male,ill severe,Summer,No
dog,0,Female,normal,Summer,No
dog,0,Male,normal,Summer,No
dog,1,Male,normal,Winter,No
dog,0,Female,normal,Summer,No
dog,0,Male,normal,Summer,No
dog,2,Neutered,normal,Fall,Yes
cat,0,Neutered,under age/weight,Fall,Yes
cat,5,Neutered,normal,Summer,No
cat,5,Neutered,normal,Summer,Yes
cat,5,Female,normal,Summer,No
other,8,Unknown,under age/weight,Spring,No
cat,11,Unknown,ill moderatete,Winter,No
cat,7,Male,normal,Winter,No
cat,7,Female,under age/weight,Summer,No
cat,1,Unknown,ill mild,Fall,No
cat,6,Unknown,under age/weight,Summer,No
cat,5,Neutered,normal,Winter,Yes
cat,5,Neutered,normal,Winter,Yes
cat,8,Neutered,normal,Summer,No
cat,8,Neutered,normal,Fall,No
rabbit,11,Spayed,normal,Summer,No
rabbit,10,Neutered,normal,Summer,No
dog,6,Male,injured  mild,Spring,Yes
cat,4,Neutered,normal,Spring,No
cat,5,Neutered,fractious,Fall,No
dog,4,Male,normal,Summer,Yes
cat,5,Male,under age/weight,Summer,No
cat,5,Female,under age/weight,Summer,No
dog,8,Female,normal,Summer,No
cat,13,Male,injured  severe,Winter,No
cat,3,Male,under age/weight,Fall,No
bird,6,Unknown,ill moderatete,Winter,No
dog,4,Neutered,normal,Summer,Yes
cat,5,Spayed,normal,Winter,No
cat,1,Male,under age/weight,Fall,No
cat,1,Female,under age/weight,Fall,No
cat,6,Neutered,normal,Spring,Yes
other,1,Unknown,normal,Summer,No
cat,9,Neutered,normal,Fall,Yes
cat,1,Spayed,under age/weight,Winter,Yes
cat,3,Spayed,injured  severe,Winter,Yes
other,1,Unknown,ill severe,Spring,No
dog,6,Neutered,normal,Winter,No
dog,3,Spayed,fractious,Summer,Yes
dog,8,Male,normal,Fall,No
cat,7,Unknown,under age/weight,Summer,No
cat,7,Unknown,under age/weight,Summer,No
cat,7,Unknown,under age/weight,Summer,No
cat,7,Spayed,fractious,Summer,No
dog,14,Neutered,normal,Spring,No
cat,4,Female,under age/weight,Summer,No
dog,4,Neutered,normal,Summer,Yes
dog,10,Female,normal,Winter,Yes
dog,10,Female,normal,Winter,No
dog,8,Neutered,normal,Spring,No
cat,0,Male,under age/weight,Fall,No
dog,3,Male,normal,Winter,No
cat,4,Spayed,under age/weight,Summer,Yes
cat,5,Female,fractious,Spring,No
cat,5,Spayed,fractious,Spring,No
cat,0,Female,ill moderatete,Spring,No
other,6,Female,normal,Summer,No
other,6,Male,normal,Summer,No
cat,8,Male,under age/weight,Spring,No
cat,7,Spayed,feral,Summer,Yes
cat,7,Spayed,feral,Summer,Yes
cat,7,Female,under age/weight,Fall,No
cat,7,Female,under age/weight,Fall,No
cat,8,Male,under age/weight,Spring,No
cat,2,Female,ill mild,Summer,No
cat,8,Spayed,normal,Winter,No
dog,14,Spayed,injured  mild,Spring,Yes
cat,1,Spayed,normal,Fall,Yes
cat,0,Spayed,under age/weight,Fall,Yes
cat,0,Female,under age/weight,Summer,No
cat,6,Female,under age/weight,Spring,No
cat,6,Female,under age/weight,Spring,No
cat,7,Male,under age/weight,Spring,No
cat,7,Female,under age/weight,Summer,No
cat,5,Male,normal,Summer,Yes
dog,1,Neutered,normal,Summer,Yes
dog,1,Neutered,normal,Summer,Yes
dog,1,Spayed,normal,Summer,Yes
dog,1,Neutered,normal,Summer,Yes
dog,1,Male,normal,Summer,Yes
dog,3,Spayed,normal,Summer,Yes
dog,12,Female,normal,Winter,No
cat,10,Female,normal,Winter,No
cat,7,Male,normal,Winter,No
cat,6,Male,under age/weight,Spring,No
other,4,Male,ill moderatete,Summer,No
cat,6,Spayed,normal,Summer,No
cat,4,Neutered,injured  moderate,Fall,No
dog,1,Neutered,normal,Winter,Yes
dog,1,Neutered,normal,Summer,Yes
dog,4,Female,normal,Summer,No
dog,10,Male,normal,Spring,No
cat,7,Male,normal,Summer,No
cat,9,Neutered,ill severe,Summer,No
cat,0,Female,under age/weight,Spring,No
cat,0,Female,under age/weight,Spring,No
cat,5,Female,normal,Summer,Yes
cat,7,Female,under age/weight,Summer,No
cat,6,Male,under age/weight,Summer,No
cat,6,Female,under age/weight,Summer,No
cat,8,Spayed,feral,Winter,No
other,8,Unknown,injured  severe,Spring,No
dog,3,Male,ill severe,Fall,No
cat,2,Male,under age/weight,Summer,No
wild,8,Unknown,under age/weight,Spring,No
wild,8,Unknown,under age/weight,Spring,No
cat,5,Male,under age/weight,Fall,No
dog,2,Neutered,normal,Summer,Yes
cat,3,Neutered,ill moderatete,Winter,Yes
cat,0,Female,normal,Spring,No
cat,5,Male,under age/weight,Spring,No
cat,5,Male,under age/weight,Spring,No
cat,7,Spayed,under age/weight,Summer,No
dog,11,Spayed,normal,Fall,No
cat,1,Spayed,under age/weight,Fall,No
other,1,Unknown,injured  severe,Summer,No
cat,6,Male,ill severe,Summer,No
cat,3,Female,injured  moderate,Summer,No
dog,10,Male,injured  moderate,Winter,No
cat,3,Neutered,under age/weight,Winter,Yes
cat,3,Female,under age/weight,Winter,Yes
dog,19,Male,Other,Winter,No
dog,8,Male,normal,Fall,No
cat,6,Unknown,ill moderatete,Fall,No
cat,2,Unknown,under age/weight,Spring,No
dog,4,Spayed,normal,Summer,Yes
cat,3,Spayed,normal,Spring,No
dog,8,Female,normal,Spring,No
cat,6,Neutered,normal,Fall,Yes
rabbit,1,Unknown,under age/weight,Spring,No
cat,5,Unknown,normal,Fall,No
cat,4,Neutered,under age/weight,Spring,Yes
dog,3,Neutered,normal,Spring,Yes
dog,10,Male,normal,Summer,No
rabbit,7,Female,normal,Spring,No
cat,6,Female,normal,Fall,No
cat,6,Unknown,normal,Fall,No
cat,7,Female,under age/weight,Fall,Yes
cat,7,Neutered,under age/weight,Winter,Yes
cat,7,Neutered,under age/weight,Winter,Yes
cat,5,Neutered,normal,Summer,Yes
cat,5,Spayed,normal,Summer,Yes
dog,8,Female,normal,Summer,Yes
dog,8,Male,normal,Winter,No
dog,5,Spayed,normal,Winter,Yes
cat,2,Unknown,ill moderatete,Spring,No
cat,2,Neutered,ill mild,Spring,Yes
cat,7,Spayed,fractious,Summer,No
cat,8,Female,injured  moderate,Spring,No
dog,13,Neutered,injured  moderate,Spring,Yes
dog,2,Spayed,normal,Fall,Yes
dog,8,Male,normal,Fall,No
cat,3,Female,Other,Spring,No
dog,9,Neutered,injured  severe,Winter,No
cat,4,Female,under age/weight,Spring,No
cat,7,Spayed,fractious,Winter,No
wild,8,Unknown,under age/weight,Spring,No
Other,6,Female,normal,Summer,Yes
dog,4,Female,injured  severe,Summer,No
dog,5,Male,normal,Fall,No
cat,1,Neutered,under age/weight,Spring,Yes
cat,2,Spayed,ill severe,Summer,Yes
rabbit,8,Spayed,injured  moderate,Summer,Yes
cat,4,Male,under age/weight,Summer,No
rabbit,3,Spayed,normal,Summer,No
cat,6,Male,under age/weight,Summer,No
dog,6,Spayed,normal,Fall,Yes
dog,5,Male,under age/weight,Summer,No
dog,6,Male,normal,Fall,No
rabbit,4,Spayed,normal,Spring,No
cat,1,Female,under age/weight,Spring,No
dog,13,Neutered,normal,Spring,No
cat,7,Neutered,normal,Summer,No
dog,3,Female,normal,Spring,No
dog,8,Neutered,normal,Fall,Yes
dog,4,Spayed,normal,Spring,Yes
dog,11,Neutered,normal,Fall,Yes
cat,8,Male,normal,Winter,Yes
dog,9,Female,normal,Winter,No
cat,0,Spayed,under age/weight,Summer,Yes
cat,0,Spayed,under age/weight,Summer,Yes
cat,0,Neutered,under age/weight,Summer,Yes
cat,1,Male,under age/weight,Summer,No
dog,8,Male,normal,Spring,Yes
cat,5,Male,under age/weight,Winter,Yes
dog,2,Spayed,injured  mild,Winter,No
cat,0,Neutered,under age/weight,Summer,Yes
cat,0,Spayed,under age/weight,Summer,Yes
cat,5,Neutered,fractious,Fall,Yes
cat,0,Spayed,under age/weight,Fall,Yes
cat,0,Neutered,under age/weight,Fall,Yes
cat,1,Neutered,under age/weight,Fall,No
cat,0,Female,under age/weight,Spring,No
bird,7,Unknown,injured  severe,Fall,No
cat,4,Male,normal,Summer,No
cat,1,Neutered,under age/weight,Winter,Yes
cat,1,Neutered,under age/weight,Winter,Yes
bird,5,Unknown,injured  severe,Spring,No
bird,5,Unknown,injured  moderate,Winter,No
dog,3,Female,i/i report,Winter,No
dog,10,Male,behavior  mild,Spring,No
dog,14,Male,normal,Summer,No
Other,10,Female,normal,Summer,No
cat,5,Male,under age/weight,Spring,No
dog,8,Spayed,normal,Fall,Yes
dog,10,Female,normal,Summer,No
other,5,Female,normal,Winter,Yes
cat,3,Female,under age/weight,Fall,No
cat,7,Male,under age/weight,Spring,No
dog,2,Male,injured  severe,Spring,No
dog,13,Female,normal,Fall,No
dog,13,Spayed,normal,Winter,Yes
dog,7,Neutered,ill mild,Spring,Yes
dog,17,Neutered,normal,Summer,No
dog,1,Spayed,normal,Fall,Yes
cat,14,Neutered,i/i report,Summer,Yes
cat,8,Neutered,feral,Summer,No
dog,5,Neutered,normal,Fall,Yes
dog,0,Male,normal,Fall,No
cat,8,Female,normal,Spring,No
dog,7,Male,normal,Winter,No
dog,2,Neutered,normal,Winter,Yes
dog,13,Female,normal,Spring,No
cat,1,Unknown,under age/weight,Fall,No
rabbit,7,Spayed,normal,Spring,No
cat,8,Neutered,behavior  severe,Spring,Yes
cat,3,Neutered,ill mild,Summer,Yes
cat,3,Spayed,ill mild,Summer,Yes
cat,0,Spayed,under age/weight,Fall,Yes
cat,0,Neutered,under age/weight,Fall,No
dog,8,Female,normal,Summer,No
cat,4,Male,under age/weight,Fall,No
dog,2,Neutered,normal,Winter,Yes
dog,3,Male,normal,Winter,No
cat,12,Male,normal,Fall,No
dog,9,Neutered,normal,Spring,No
dog,7,Spayed,injured  severe,Spring,Yes
dog,2,Male,normal,Fall,Yes
cat,0,Female,ill moderatete,Fall,No
dog,3,Female,normal,Fall,No
dog,3,Male,i/i report,Fall,No
dog,5,Male,normal,Summer,No
cat,7,Female,under age/weight,Summer,No
cat,8,Neutered,fractious,Spring,No
cat,7,Unknown,under age/weight,Summer,No
dog,3,Female,normal,Summer,Yes
dog,14,Female,ill mild,Fall,No
cat,9,Unknown,injured  moderate,Summer,No
cat,13,Male,ill severe,Spring,No
dog,10,Neutered,normal,Spring,No
dog,8,Male,normal,Spring,No
cat,2,Unknown,injured  severe,Summer,No
cat,6,Neutered,ill mild,Spring,No
cat,1,Unknown,injured  moderate,Summer,No
cat,1,Female,under age/weight,Fall,No
cat,1,Male,under age/weight,Fall,No
dog,1,Neutered,normal,Summer,Yes
dog,1,Male,normal,Fall,No
cat,1,Spayed,under age/weight,Fall,No
wild,8,Unknown,normal,Spring,No
dog,19,Male,normal,Summer,No
cat,9,Unknown,ill severe,Fall,No
cat,3,Female,under age/weight,Fall,No
cat,7,Spayed,normal,Fall,Yes
cat,6,Male,under age/weight,Spring,No
cat,6,Female,under age/weight,Spring,No
cat,5,Spayed,normal,Fall,No
cat,10,Spayed,normal,Spring,No
cat,7,Spayed,normal,Fall,No
dog,19,Female,injured  mild,Fall,No
cat,1,Neutered,normal,Fall,Yes
dog,9,Female,normal,Fall,No
cat,6,Male,under age/weight,Fall,No
cat,7,Neutered,normal,Fall,Yes
cat,9,Neutered,normal,Summer,No
cat,2,Neutered,normal,Summer,Yes
cat,7,Female,under age/weight,Fall,No
dog,6,Male,ill mild,Winter,No
cat,9,Spayed,fractious,Summer,No
dog,6,Neutered,normal,Summer,Yes
cat,8,Neutered,ill mild,Winter,Yes
dog,7,Female,normal,Spring,No
dog,9,Male,normal,Summer,No
cat,5,Male,ill severe,Summer,No
dog,15,Female,normal,Winter,No
dog,3,Female,normal,Winter,No
cat,6,Neutered,normal,Summer,Yes
dog,10,Male,behavior  severe,Summer,No
dog,11,Male,normal,Spring,Yes
dog,2,Female,normal,Summer,No
cat,5,Male,normal,Fall,No
cat,5,Female,normal,Summer,No
dog,6,Neutered,normal,Fall,Yes
dog,3,Male,normal,Winter,No
dog,12,Neutered,normal,Spring,No
dog,9,Neutered,normal,Winter,Yes
cat,2,Male,injured  mild,Summer,No
cat,1,Neutered,under age/weight,Summer,Yes
cat,0,Neutered,under age/weight,Summer,Yes
cat,1,Female,normal,Spring,No
cat,1,Female,under age/weight,Spring,No
cat,1,Male,under age/weight,Summer,Yes
cat,8,Female,under age/weight,Spring,No
cat,0,Male,under age/weight,Summer,No
dog,3,Spayed,injured  moderate,Summer,Yes
cat,0,Male,under age/weight,Summer,No
cat,1,Neutered,normal,Spring,Yes
rabbit,4,Spayed,normal,Summer,No
dog,3,Spayed,normal,Spring,Yes
dog,7,Male,normal,Winter,No
bird,8,Unknown,injured  severe,Spring,No
cat,3,Male,injured  severe,Summer,No
cat,5,Neutered,normal,Winter,No
wild,8,Unknown,under age/weight,Spring,No
wild,8,Unknown,under age/weight,Spring,No
wild,8,Unknown,under age/weight,Spring,No
wild,3,Unknown,ill severe,Spring,No
dog,5,Neutered,normal,Spring,Yes
cat,6,Male,fractious,Summer,No
cat,8,Spayed,normal,Spring,No
dog,4,Neutered,normal,Winter,No
bird,6,Unknown,injured  moderate,Fall,No
dog,10,Female,normal,Winter,No
dog,3,Female,ill severe,Spring,No
dog,3,Spayed,injured  moderate,Spring,Yes
Other,7,Male,normal,Fall,No
cat,2,Male,under age/weight,Fall,No
cat,2,Male,under age/weight,Fall,No
cat,2,Female,under age/weight,Fall,No
cat,6,Male,ill moderatete,Summer,No
cat,2,Male,ill moderatete,Winter,No
cat,1,Spayed,ill severe,Spring,No
cat,1,Neutered,ill severe,Spring,No
bird,3,Unknown,ill severe,Summer,No
cat,6,Male,fractious,Fall,No
bird,6,Unknown,under age/weight,Summer,No
cat,8,Unknown,under age/weight,Spring,No
cat,4,Female,normal,Summer,No
cat,5,Spayed,normal,Summer,Yes
cat,2,Male,normal,Summer,Yes
cat,2,Female,normal,Summer,Yes
cat,2,Male,normal,Summer,Yes
cat,7,Unknown,under age/weight,Fall,No
cat,4,Female,under age/weight,Fall,No
cat,0,Spayed,ill mild,Summer,Yes
dog,3,Neutered,normal,Summer,Yes
dog,19,Female,Other,Summer,No
dog,17,Spayed,Other,Summer,No
cat,5,Unknown,under age/weight,Summer,No
cat,3,Spayed,normal,Fall,Yes
cat,10,Spayed,normal,Summer,Yes
cat,8,Unknown,injured  severe,Fall,No
dog,12,Female,injured  moderate,Winter,No
dog,12,Male,normal,Winter,No
dog,10,Male,normal,Fall,No
dog,25,Neutered,Other,Fall,No
dog,8,Female,normal,Spring,No
bird,3,Unknown,injured  severe,Fall,No
dog,6,Female,normal,Summer,No
dog,15,Spayed,ill severe,Fall,No
dog,10,Male,normal,Summer,No
wild,8,Unknown,normal,Fall,No
dog,6,Male,normal,Fall,No
other,2,Unknown,under age/weight,Summer,No
cat,3,Male,normal,Winter,No
dog,9,Female,normal,Spring,No
dog,3,Neutered,injured  moderate,Summer,No
cat,6,Female,normal,Spring,No
dog,6,Female,normal,Fall,No
cat,5,Unknown,under age/weight,Summer,No
cat,5,Neutered,under age/weight,Fall,Yes
dog,8,Female,normal,Winter,No
dog,13,Female,Other,Summer,No
dog,5,Female,normal,Summer,No
cat,1,Male,under age/weight,Summer,No
cat,1,Male,under age/weight,Summer,No
cat,0,Spayed,under age/weight,Summer,No
cat,0,Neutered,under age/weight,Summer,Yes
cat,2,Neutered,under age/weight,Fall,Yes
cat,5,Male,under age/weight,Spring,Yes
cat,5,Male,normal,Summer,No
cat,2,Female,normal,Winter,No
cat,2,Male,normal,Winter,No
cat,1,Spayed,normal,Summer,Yes
cat,9,Male,injured  severe,Winter,No
cat,3,Male,normal,Fall,No
cat,2,Neutered,under age/weight,Summer,Yes
cat,2,Spayed,under age/weight,Summer,Yes
cat,0,Spayed,injured  moderate,Winter,Yes
cat,4,Neutered,injured  mild,Winter,No
cat,7,Female,normal,Summer,No
cat,4,Female,under age/weight,Fall,No
dog,8,Neutered,normal,Winter,No
cat,6,Male,fractious,Winter,No
dog,9,Male,normal,Summer,No
cat,5,Female,under age/weight,Spring,No
cat,8,Neutered,normal,Spring,No
cat,4,Spayed,normal,Fall,Yes
cat,4,Neutered,normal,Spring,Yes
cat,3,Male,behavior  mild,Winter,No
dog,4,Male,normal,Spring,No
cat,2,Neutered,under age/weight,Fall,No
cat,2,Neutered,under age/weight,Fall,No
dog,5,Female,normal,Fall,No
dog,6,Male,normal,Winter,No
cat,5,Neutered,ill severe,Fall,No
cat,1,Spayed,ill mild,Winter,Yes
dog,8,Spayed,injured  severe,Winter,No
cat,6,Female,under age/weight,Summer,No
dog,12,Male,normal,Spring,No
dog,3,Male,normal,Spring,No
dog,9,Male,normal,Winter,No
cat,11,Female,normal,Fall,No
dog,7,Male,normal,Spring,No
dog,2,Neutered,normal,Winter,Yes
dog,7,Female,normal,Winter,No
dog,10,Female,normal,Summer,No
cat,5,Spayed,injured  mild,Spring,Yes
dog,13,Male,normal,Winter,No
cat,0,Spayed,under age/weight,Fall,Yes
dog,9,Spayed,normal,Winter,No
cat,3,Female,injured  severe,Spring,No
cat,2,Spayed,normal,Spring,Yes
cat,7,Female,normal,Summer,No
cat,7,Spayed,normal,Summer,Yes
cat,7,Female,normal,Fall,No
cat,13,Neutered,feral,Winter,No
dog,3,Spayed,normal,Fall,Yes
cat,4,Male,injured  severe,Winter,No
dog,1,Spayed,injured  moderate,Fall,Yes
cat,2,Female,under age/weight,Fall,Yes
dog,0,Male,under age/weight,Spring,No
dog,2,Female,normal,Spring,No
cat,7,Male,ill severe,Winter,No
cat,6,Female,under age/weight,Fall,No
cat,5,Male,fractious,Spring,No
cat,5,Female,fractious,Spring,No
cat,7,Female,under age/weight,Fall,No
cat,1,Neutered,under age/weight,Summer,No
dog,5,Neutered,normal,Fall,Yes
dog,7,Spayed,normal,Summer,Yes
dog,9,Neutered,normal,Winter,Yes
cat,6,Unknown,under age/weight,Spring,No
cat,7,Unknown,normal,Fall,No
cat,7,Male,normal,Fall,No
cat,1,Spayed,ill mild,Summer,No
cat,6,Female,under age/weight,Fall,No
cat,6,Male,under age/weight,Fall,No
cat,6,Male,under age/weight,Fall,No
dog,10,Spayed,i/i report,Winter,No
bird,2,Unknown,injured  moderate,Spring,No
rabbit,6,Female,under age/weight,Summer,No
cat,2,Male,under age/weight,Fall,No
cat,2,Male,under age/weight,Fall,No
cat,5,Female,under age/weight,Summer,No
cat,7,Female,normal,Fall,No
cat,7,Male,normal,Fall,No
cat,10,Female,normal,Winter,No
dog,7,Male,normal,Summer,Yes
cat,3,Female,injured  mild,Spring,No
dog,12,Neutered,Other,Summer,No
cat,5,Spayed,normal,Fall,No
cat,1,Unknown,under age/weight,Spring,No
cat,1,Male,under age/weight,Spring,No
cat,1,Unknown,under age/weight,Spring,No
dog,4,Spayed,normal,Summer,Yes
dog,7,Female,Other,Winter,No
wild,8,Unknown,injured  severe,Summer,No
dog,1,Male,i/i report,Summer,No
cat,6,Female,normal,Summer,Yes
cat,6,Female,normal,Summer,No
cat,0,Neutered,under age/weight,Fall,Yes
dog,2,Spayed,normal,Fall,Yes
dog,9,Neutered,normal,Spring,No
dog,1,Spayed,normal,Summer,Yes
dog,3,Spayed,normal,Fall,Yes
dog,3,Neutered,normal,Summer,Yes
dog,1,Male,under age/weight,Winter,No
cat,11,Male,normal,Fall,No
cat,6,Spayed,fractious,Spring,No
cat,9,Neutered,normal,Winter,No
cat,6,Neutered,fractious,Winter,No
cat,3,Female,injured  mild,Spring,No
dog,8,Male,normal,Winter,No
other,3,Unknown,injured  severe,Summer,No
cat,7,Male,under age/weight,Fall,No
cat,8,Neutered,normal,Winter,No
dog,9,Male,normal,Summer,No
cat,8,Neutered,normal,Fall,No
cat,7,Spayed,ill moderatete,Winter,No
cat,7,Female,under age/weight,Fall,No
cat,6,Female,under age/weight,Summer,No
cat,6,Female,under age/weight,Summer,No
cat,10,Female,normal,Summer,No
cat,4,Spayed,normal,Fall,Yes
other,7,Unknown,under age/weight,Summer,No
cat,2,Unknown,injured  severe,Summer,No
cat,7,Female,under age/weight,Fall,No
dog,6,Male,under age/weight,Spring,No
dog,6,Male,under age/weight,Spring,No
dog,6,Female,under age/weight,Spring,No
dog,10,Male,normal,Fall,No
cat,11,Neutered,feral,Winter,No
cat,11,Neutered,feral,Spring,No
dog,18,Male,normal,Spring,Yes
bird,8,Unknown,ill severe,Fall,No
bird,8,Unknown,ill severe,Fall,No
bird,8,Unknown,ill severe,Fall,No
bird,8,Unknown,ill severe,Fall,No
bird,8,Unknown,ill severe,Fall,No
cat,5,Female,under age/weight,Spring,No
cat,8,Spayed,fractious,Summer,Yes
cat,5,Female,under age/weight,Spring,No
cat,5,Male,under age/weight,Spring,No
dog,6,Neutered,normal,Summer,Yes
cat,8,Neutered,fractious,Summer,No
cat,7,Female,normal,Spring,No
cat,6,Female,under age/weight,Summer,No
cat,0,Male,under age/weight,Spring,No
Other,5,Male,normal,Winter,No
cat,17,Neutered,normal,Summer,No
cat,6,Spayed,normal,Fall,No
cat,2,Neutered,ill moderatete,Fall,No
cat,2,Neutered,ill moderatete,Fall,No
dog,4,Neutered,ill mild,Spring,Yes
dog,2,Male,normal,Summer,Yes
cat,7,Spayed,normal,Summer,Yes
dog,3,Neutered,normal,Spring,Yes
dog,8,Neutered,behavior  severe,Fall,No
cat,4,Neutered,under age/weight,Winter,Yes
cat,5,Female,ill severe,Winter,No
cat,20,Spayed,normal,Summer,Yes
dog,9,Male,behavior  moderate,Winter,No
cat,5,Male,under age/weight,Fall,No
cat,7,Spayed,fractious,Spring,No
cat,6,Unknown,under age/weight,Summer,No
dog,12,Neutered,normal,Winter,No
dog,8,Neutered,normal,Winter,Yes
cat,8,Neutered,fractious,Summer,No
cat,1,Spayed,normal,Summer,Yes
cat,8,Unknown,normal,Summer,No
dog,1,Neutered,normal,Fall,Yes
cat,7,Unknown,under age/weight,Spring,No
cat,11,Spayed,feral,Spring,No
dog,17,Male,normal,Spring,No
cat,9,Male,normal,Fall,No
cat,8,Female,fractious,Fall,No
dog,13,Male,ill moderatete,Summer,No
dog,3,Spayed,normal,Winter,No
cat,2,Female,ill severe,Summer,No
dog,10,Male,normal,Winter,No
cat,5,Female,under age/weight,Summer,No
dog,13,Neutered,normal,Winter,No
dog,2,Spayed,normal,Fall,Yes
dog,10,Neutered,fractious,Spring,No
dog,12,Male,normal,Summer,No
cat,11,Neutered,ill moderatete,Summer,No
cat,0,Female,under age/weight,Fall,No
cat,5,Male,under age/weight,Fall,No
cat,4,Male,normal,Summer,No
Other,3,Unknown,normal,Summer,No
dog,4,Female,normal,Winter,No
cat,8,Female,ill severe,Winter,No
dog,9,Spayed,normal,Winter,No
Other,2,Unknown,normal,Summer,No
cat,3,Neutered,ill moderatete,Winter,Yes
cat,8,Neutered,fractious,Summer,No
dog,6,Male,normal,Summer,No
dog,18,Spayed,normal,Winter,No
cat,2,Neutered,injured  mild,Winter,No
cat,3,Spayed,under age/weight,Summer,Yes
dog,15,Male,normal,Summer,No
cat,7,Male,under age/weight,Spring,No
cat,7,Female,under age/weight,Spring,No
cat,11,Unknown,ill severe,Spring,No
rabbit,7,Neutered,injured  mild,Spring,Yes
dog,13,Neutered,normal,Winter,No
dog,9,Female,normal,Fall,No
cat,5,Neutered,normal,Winter,No
dog,3,Female,normal,Spring,No
cat,7,Female,under age/weight,Fall,No
bird,3,Unknown,under age/weight,Summer,No
dog,9,Female,normal,Fall,No
cat,4,Female,under age/weight,Fall,No
cat,4,Female,injured  moderate,Fall,No
other,0,Unknown,under age/weight,Summer,No
cat,6,Female,normal,Summer,No
dog,11,Spayed,normal,Winter,No
other,3,Unknown,under age/weight,Spring,No
cat,8,Male,injured  severe,Spring,No
cat,2,Unknown,under age/weight,Spring,No
cat,2,Unknown,under age/weight,Fall,No
cat,2,Unknown,under age/weight,Fall,No
dog,2,Male,normal,Summer,No
cat,4,Spayed,normal,Fall,Yes
cat,0,Female,under age/weight,Spring,No
cat,0,Female,under age/weight,Spring,No
cat,0,Male,under age/weight,Spring,No
wild,1,Female,under age/weight,Spring,No
cat,2,Unknown,ill moderatete,Summer,No
cat,1,Female,i/i report,Summer,No
dog,9,Male,normal,Summer,No
cat,7,Male,under age/weight,Summer,No
cat,7,Unknown,under age/weight,Spring,No
dog,3,Neutered,normal,Fall,Yes
cat,8,Male,behavior  moderate,Summer,No
cat,7,Female,behavior  moderate,Summer,No
cat,3,Spayed,normal,Fall,Yes
dog,9,Male,normal,Spring,No
cat,7,Spayed,normal,Spring,No
cat,7,Male,normal,Fall,Yes
dog,1,Spayed,normal,Winter,Yes
cat,7,Unknown,under age/weight,Spring,No
cat,7,Unknown,under age/weight,Spring,No
cat,7,Unknown,under age/weight,Spring,No
cat,8,Neutered,feral,Spring,No
cat,7,Unknown,under age/weight,Spring,No
cat,7,Spayed,feral,Fall,No
cat,5,Male,under age/weight,Fall,No
cat,5,Male,under age/weight,Fall,No
dog,2,Female,normal,Fall,No
dog,6,Female,normal,Spring,No
dog,8,Male,normal,Spring,No
cat,1,Female,under age/weight,Spring,No
cat,6,Unknown,under age/weight,Fall,No
dog,7,Neutered,normal,Fall,No
cat,5,Female,normal,Winter,No
dog,8,Spayed,normal,Summer,Yes
rabbit,2,Neutered,normal,Spring,No
dog,9,Neutered,injured  severe,Summer,Yes
dog,0,Female,ill moderatete,Fall,No
cat,0,Neutered,under age/weight,Fall,Yes
dog,4,Female,normal,Fall,No
cat,7,Unknown,under age/weight,Spring,No
cat,7,Unknown,under age/weight,Spring,No
cat,1,Male,normal,Fall,No
cat,3,Female,under age/weight,Summer,No
cat,7,Unknown,injured  mild,Winter,No
dog,13,Male,normal,Winter,No
cat,1,Spayed,under age/weight,Fall,Yes
cat,2,Male,under age/weight,Summer,Yes
dog,10,Female,normal,Winter,No
cat,4,Female,ill severe,Winter,No
cat,7,Male,under age/weight,Fall,No
dog,9,Female,normal,Winter,No
dog,10,Male,normal,Winter,No
cat,7,Female,under age/weight,Fall,No
cat,2,Male,ill mild,Summer,Yes
cat,2,Female,normal,Summer,No
cat,2,Female,normal,Summer,No
cat,14,Neutered,fractious,Winter,No
cat,14,Neutered,ill moderatete,Winter,Yes
dog,7,Neutered,normal,Spring,No
bird,6,Unknown,injured  severe,Summer,No
cat,5,Unknown,normal,Winter,No
dog,3,Neutered,normal,Summer,Yes
cat,3,Male,injured  moderate,Summer,No
cat,1,Neutered,under age/weight,Fall,Yes
dog,11,Spayed,normal,Spring,Yes
cat,4,Male,under age/weight,Fall,No
cat,2,Unknown,normal,Summer,No
cat,3,Female,normal,Summer,No
dog,2,Female,Other,Summer,No
dog,1,Spayed,normal,Summer,Yes
dog,1,Spayed,normal,Summer,Yes
dog,8,Neutered,normal,Summer,Yes
cat,6,Spayed,normal,Fall,No
dog,7,Female,normal,Summer,No
cat,7,Male,normal,Winter,No
cat,2,Spayed,under age/weight,Summer,Yes
cat,7,Female,normal,Winter,No
dog,9,Neutered,normal,Spring,No
dog,11,Male,normal,Summer,No
cat,4,Female,injured  moderate,Summer,No
cat,6,Female,under age/weight,Summer,No
cat,4,Female,under age/weight,Summer,No
cat,6,Unknown,normal,Summer,No
cat,4,Neutered,under age/weight,Spring,Yes
cat,4,Neutered,under age/weight,Spring,Yes
cat,5,Male,normal,Spring,No
cat,3,Male,ill moderatete,Summer,No
cat,5,Spayed,behavior  mild,Summer,Yes
cat,5,Spayed,ill severe,Winter,Yes
cat,6,Neutered,ill moderatete,Summer,No
dog,12,Neutered,ill moderatete,Summer,Yes
dog,4,Spayed,ill moderatete,Fall,Yes
dog,5,Female,normal,Winter,No
dog,2,Neutered,normal,Spring,No
cat,6,Neutered,normal,Summer,No
dog,3,Neutered,ill mild,Summer,Yes
cat,5,Neutered,ill mild,Fall,No
cat,6,Male,under age/weight,Spring,No
cat,2,Male,ill mild,Summer,No
cat,2,Spayed,ill moderatete,Fall,No
cat,6,Male,under age/weight,Summer,No
cat,7,Female,normal,Summer,No
cat,2,Male,under age/weight,Spring,No
cat,7,Male,under age/weight,Spring,No
cat,7,Female,under age/weight,Spring,No
dog,2,Spayed,normal,Winter,Yes
cat,10,Neutered,feral,Winter,No
cat,11,Spayed,feral,Winter,No
cat,9,Spayed,feral,Spring,No
cat,11,Neutered,feral,Winter,No
dog,5,Neutered,normal,Winter,No
cat,14,Male,ill mild,Summer,No
dog,9,Female,normal,Spring,No
cat,2,Female,under age/weight,Spring,No
dog,9,Female,normal,Spring,No
cat,2,Male,under age/weight,Spring,No
cat,6,Female,under age/weight,Summer,No
cat,2,Male,under age/weight,Spring,No
bird,7,Unknown,injured  severe,Fall,No
cat,2,Neutered,normal,Summer,No
cat,12,Neutered,normal,Spring,Yes
cat,3,Spayed,under age/weight,Winter,Yes
cat,8,Male,injured  severe,Spring,No
cat,2,Spayed,ill mild,Summer,Yes
bird,2,Unknown,injured  moderate,Spring,No
cat,8,Unknown,feral,Fall,No
dog,3,Male,injured  moderate,Winter,No
cat,0,Female,under age/weight,Spring,No
bird,9,Unknown,injured  severe,Winter,No
cat,8,Neutered,normal,Winter,Yes
cat,6,Male,under age/weight,Spring,No
dog,19,Female,injured  severe,Summer,No
dog,8,Female,normal,Winter,Yes
dog,13,Neutered,normal,Winter,No
dog,4,Male,normal,Summer,No
dog,12,Female,normal,Fall,No
cat,4,Female,under age/weight,Fall,No
cat,5,Unknown,under age/weight,Summer,No
cat,6,Female,normal,Summer,No
cat,13,Male,ill mild,Summer,Yes
dog,2,Female,normal,Spring,No
dog,9,Neutered,fractious,Summer,Yes
cat,6,Unknown,under age/weight,Fall,No
dog,6,Spayed,normal,Winter,Yes
cat,5,Female,under age/weight,Summer,No
cat,5,Male,under age/weight,Summer,No
dog,8,Female,normal,Summer,No
dog,21,Spayed,normal,Spring,No
cat,3,Neutered,injured  mild,Fall,Yes
cat,6,Male,under age/weight,Winter,No
cat,6,Female,under age/weight,Winter,No
dog,3,Male,normal,Spring,No
cat,2,Spayed,under age/weight,Spring,No
cat,6,Female,injured  severe,Fall,No
cat,11,Male,ill severe,Summer,No
cat,4,Neutered,normal,Summer,No
cat,5,Spayed,normal,Summer,Yes
cat,6,Male,normal,Summer,No
rabbit,8,Neutered,normal,Spring,Yes
dog,2,Neutered,normal,Summer,Yes
cat,4,Female,injured  severe,Summer,No
dog,11,Female,normal,Fall,No
cat,2,Spayed,i/i report,Fall,Yes
cat,6,Neutered,injured  mild,Fall,No
dog,1,Female,ill severe,Fall,No
dog,2,Neutered,normal,Fall,No
cat,1,Female,injured  severe,Fall,No
rabbit,4,Female,normal,Fall,No
cat,1,Male,i/i report,Spring,No
cat,1,Male,i/i report,Spring,No
cat,5,Spayed,i/i report,Winter,Yes
dog,7,Female,normal,Summer,No
cat,8,Male,ill severe,Summer,No
cat,8,Spayed,normal,Fall,No
cat,5,Female,under age/weight,Summer,No
cat,5,Unknown,under age/weight,Summer,No
cat,5,Male,under age/weight,Summer,No
dog,12,Male,normal,Spring,No
dog,6,Female,normal,Spring,No
cat,5,Spayed,under age/weight,Spring,Yes
cat,7,Spayed,normal,Winter,No
dog,8,Neutered,normal,Spring,No
cat,9,Neutered,injured  severe,Summer,No
dog,12,Male,normal,Winter,No
cat,7,Female,under age/weight,Spring,No
dog,12,Male,behavior  severe,Spring,No
dog,6,Spayed,normal,Winter,Yes
cat,3,Male,injured  mild,Summer,No
dog,8,Female,normal,Summer,No
cat,8,Female,normal,Spring,No
cat,11,Male,normal,Fall,No
dog,15,Neutered,injured  severe,Summer,No
cat,8,Male,normal,Winter,No
cat,8,Male,normal,Winter,No
dog,6,Spayed,under age/weight,Spring,Yes
cat,4,Unknown,ill severe,Summer,No
dog,13,Neutered,normal,Fall,Yes
cat,10,Spayed,normal,Winter,No
cat,10,Spayed,feral,Fall,No
dog,10,Male,normal,Winter,No
dog,10,Female,normal,Winter,No
cat,1,Neutered,under age/weight,Spring,Yes
cat,4,Neutered,normal,Fall,Yes
cat,6,Male,under age/weight,Fall,No
cat,0,Spayed,injured  moderate,Fall,Yes
cat,4,Spayed,normal,Fall,No
cat,6,Neutered,fractious,Summer,Yes
cat,7,Spayed,normal,Summer,No
cat,4,Spayed,under age/weight,Spring,Yes
cat,1,Unknown,normal,Spring,No
cat,4,Neutered,normal,Fall,Yes
cat,5,Unknown,under age/weight,Summer,No
cat,2,Male,under age/weight,Summer,No
dog,10,Spayed,normal,Winter,No
cat,0,Female,under age/weight,Summer,No
cat,6,Female,under age/weight,Spring,No
cat,6,Male,under age/weight,Spring,No
cat,7,Neutered,fractious,Summer,No
cat,5,Male,normal,Summer,No
cat,3,Male,normal,Spring,No
cat,3,Female,normal,Spring,No
dog,4,Neutered,ill mild,Winter,No
cat,8,Spayed,feral,Fall,No
cat,0,Neutered,normal,Winter,Yes
cat,9,Spayed,normal,Summer,No
dog,6,Male,i/i report,Spring,No
cat,6,Male,under age/weight,Fall,No
cat,5,Spayed,normal,Summer,No
cat,4,Male,under age/weight,Fall,No
cat,1,Spayed,under age/weight,Fall,Yes
cat,8,Spayed,feral,Summer,No
cat,1,Neutered,under age/weight,Fall,No
cat,6,Male,under age/weight,Spring,No
other,1,Unknown,injured  severe,Fall,No
cat,0,Spayed,under age/weight,Fall,Yes
cat,6,Female,under age/weight,Spring,No
cat,2,Male,under age/weight,Spring,No
cat,10,Neutered,normal,Fall,No
cat,1,Male,ill mild,Fall,No
cat,1,Male,ill mild,Fall,No
cat,15,Neutered,ill mild,Spring,Yes
cat,1,Spayed,injured  severe,Summer,No
cat,6,Female,under age/weight,Summer,No
dog,12,Spayed,normal,Summer,No
dog,11,Female,normal,Winter,No
wild,2,Unknown,under age/weight,Summer,No
wild,2,Unknown,under age/weight,Summer,No
cat,2,Male,under age/weight,Spring,Yes
cat,2,Male,under age/weight,Spring,No
dog,10,Male,normal,Winter,No
dog,7,Female,normal,Summer,No
cat,6,Unknown,under age/weight,Summer,No
cat,6,Unknown,under age/weight,Summer,No
cat,5,Unknown,under age/weight,Summer,No
cat,5,Unknown,under age/weight,Summer,No
cat,6,Male,under age/weight,Spring,No
cat,7,Unknown,under age/weight,Spring,No
cat,7,Unknown,under age/weight,Spring,No
cat,2,Neutered,injured  mild,Summer,No
cat,3,Male,under age/weight,Fall,No
cat,3,Female,under age/weight,Fall,No
cat,3,Female,under age/weight,Fall,No
dog,2,Male,behavior  moderate,Summer,No
Other,5,Male,normal,Spring,No
dog,8,Female,normal,Fall,No
dog,2,Spayed,ill mild,Summer,Yes
cat,14,Female,ill severe,Summer,No
dog,6,Neutered,normal,Fall,Yes
cat,3,Female,injured  severe,Fall,No
other,10,Unknown,Other,Fall,No
dog,4,Female,ill moderatete,Fall,No
dog,7,Spayed,normal,Fall,No
cat,2,Spayed,normal,Spring,Yes
dog,1,Female,under age/weight,Fall,No
cat,6,Neutered,normal,Winter,Yes
dog,3,Neutered,normal,Summer,Yes
dog,11,Male,normal,Spring,No
cat,2,Neutered,normal,Spring,Yes
wild,6,Unknown,under age/weight,Spring,No
dog,6,Spayed,normal,Spring,Yes
cat,17,Neutered,normal,Winter,No
cat,7,Unknown,under age/weight,Spring,No
cat,7,Unknown,under age/weight,Spring,No
cat,7,Unknown,under age/weight,Spring,No
cat,7,Unknown,under age/weight,Spring,No
cat,7,Unknown,under age/weight,Spring,No
cat,7,Unknown,under age/weight,Spring,No
cat,7,Unknown,under age/weight,Spring,No
rabbit,7,Male,normal,Fall,No
cat,3,Spayed,under age/weight,Winter,Yes
dog,8,Male,normal,Summer,No
cat,3,Neutered,injured  mild,Spring,Yes
wild,6,Female,ill severe,Winter,No
bird,2,Unknown,injured  severe,Spring,No
cat,2,Male,under age/weight,Fall,No
rabbit,4,Neutered,normal,Summer,No
other,5,Unknown,injured  severe,Fall,No
cat,7,Neutered,injured  moderate,Spring,No
dog,8,Female,normal,Fall,No
cat,7,Neutered,normal,Winter,No
cat,4,Male,normal,Winter,No
dog,1,Spayed,injured  mild,Winter,Yes
dog,4,Spayed,Other,Fall,No
dog,2,Male,normal,Fall,No
cat,1,Spayed,under age/weight,Winter,Yes
cat,7,Male,normal,Summer,No
dog,18,Neutered,normal,Spring,Yes
cat,3,Neutered,normal,Spring,No
cat,1,Unknown,injured  severe,Summer,No
cat,5,Spayed,fractious,Winter,Yes
cat,1,Spayed,normal,Winter,Yes
cat,2,Female,normal,Fall,No
cat,6,Male,under age/weight,Summer,No
cat,7,Spayed,normal,Summer,No
cat,6,Female,under age/weight,Summer,No
cat,6,Female,under age/weight,Summer,No
cat,6,Male,under age/weight,Summer,No
cat,1,Male,injured  severe,Spring,No
cat,1,Neutered,under age/weight,Fall,No
cat,1,Neutered,under age/weight,Winter,Yes
cat,2,Male,normal,Fall,Yes
cat,1,Neutered,normal,Spring,Yes
dog,3,Male,normal,Spring,No
cat,1,Male,i/i report,Fall,No
cat,15,Female,ill moderatete,Fall,No
dog,10,Spayed,normal,Winter,No
cat,7,Female,normal,Spring,No
cat,15,Female,ill mild,Fall,No
rabbit,7,Neutered,normal,Spring,No
cat,9,Spayed,normal,Spring,Yes
cat,4,Female,normal,Spring,No
dog,17,Male,ill moderatete,Winter,No
cat,9,Unknown,feral,Fall,No
cat,4,Male,injured  severe,Summer,No
cat,6,Spayed,normal,Summer,No
dog,23,Male,normal,Spring,No
cat,4,Neutered,normal,Summer,Yes
cat,3,Unknown,ill severe,Summer,No
cat,7,Unknown,under age/weight,Summer,No
cat,7,Unknown,under age/weight,Summer,No
cat,7,Male,normal,Fall,No
bird,7,Unknown,normal,Winter,No
cat,3,Female,under age/weight,Spring,No
cat,5,Male,under age/weight,Fall,No
cat,5,Female,under age/weight,Fall,No
cat,4,Female,under age/weight,Summer,No
cat,6,Spayed,injured  moderate,Winter,No
cat,5,Male,ill severe,Fall,No
wild,7,Unknown,under age/weight,Summer,No
wild,7,Unknown,under age/weight,Summer,No
dog,12,Neutered,normal,Spring,No
cat,7,Male,normal,Fall,Yes
bird,6,Unknown,injured  severe,Winter,No
cat,4,Female,ill mild,Summer,No
dog,8,Male,injured  severe,Summer,No
cat,6,Female,ill mild,Spring,No
cat,7,Male,normal,Spring,No
cat,7,Unknown,under age/weight,Fall,No
cat,2,Female,ill moderatete,Fall,No
dog,5,Male,normal,Spring,No
cat,13,Neutered,injured  mild,Fall,No
cat,1,Male,under age/weight,Winter,No
cat,4,Female,under age/weight,Fall,No
cat,4,Male,normal,Summer,No
cat,4,Male,under age/weight,Fall,No
dog,5,Male,normal,Summer,No
bird,1,Unknown,ill moderatete,Spring,No
rabbit,2,Female,normal,Spring,No
cat,5,Male,normal,Winter,No
cat,1,Male,injured  severe,Spring,No
cat,5,Male,under age/weight,Summer,No
cat,0,Female,injured  severe,Summer,No
cat,9,Neutered,ill mild,Spring,No
cat,1,Female,ill severe,Fall,No
dog,1,Spayed,normal,Spring,Yes
cat,2,Neutered,ill mild,Fall,Yes
cat,1,Female,ill moderatete,Summer,No
cat,7,Unknown,ill severe,Fall,No
dog,5,Female,normal,Winter,No
dog,6,Neutered,normal,Spring,Yes
wild,12,Female,ill mild,Fall,No
cat,6,Male,normal,Summer,No
cat,5,Spayed,normal,Winter,Yes
dog,11,Male,normal,Spring,No
cat,17,Male,normal,Fall,Yes
dog,10,Neutered,injured  mild,Winter,Yes
bird,1,Unknown,injured  moderate,Winter,No
cat,8,Spayed,normal,Summer,No
cat,7,Unknown,under age/weight,Spring,No
cat,7,Unknown,under age/weight,Fall,No
cat,7,Unknown,under age/weight,Spring,No
cat,5,Female,ill mild,Winter,No
cat,3,Male,under age/weight,Summer,No
dog,4,Neutered,normal,Fall,Yes
cat,5,Male,injured  severe,Spring,No
cat,3,Male,ill mild,Summer,Yes
dog,11,Male,normal,Summer,No
dog,10,Spayed,normal,Fall,No
cat,7,Neutered,ill mild,Spring,No
bird,0,Unknown,under age/weight,Summer,No
dog,1,Spayed,normal,Summer,Yes
cat,4,Male,under age/weight,Fall,No
cat,10,Unknown,ill severe,Fall,No
cat,9,Female,normal,Spring,Yes
cat,10,Neutered,feral,Spring,No
dog,8,Neutered,normal,Winter,Yes
cat,10,Neutered,fractious,Spring,No
cat,6,Female,normal,Summer,No
cat,8,Male,injured  severe,Summer,No
cat,6,Female,normal,Summer,No
cat,5,Neutered,normal,Spring,Yes
cat,5,Neutered,normal,Spring,Yes
dog,5,Spayed,injured  mild,Fall,Yes
dog,10,Neutered,normal,Spring,Yes
cat,4,Male,under age/weight,Spring,No
cat,4,Female,under age/weight,Spring,No
cat,9,Spayed,feral,Fall,No
cat,7,Female,under age/weight,Summer,No
rabbit,1,Neutered,normal,Winter,Yes
dog,11,Spayed,normal,Summer,No
cat,5,Neutered,normal,Fall,Yes
cat,5,Unknown,ill severe,Summer,No
cat,7,Male,under age/weight,Spring,No
cat,7,Female,under age/weight,Spring,No
dog,18,Male,injured  severe,Winter,Yes
dog,10,Female,normal,Winter,No
dog,1,Neutered,normal,Fall,Yes
cat,11,Male,normal,Winter,Yes
dog,11,Male,normal,Spring,No
cat,1,Female,normal,Summer,No
cat,1,Male,under age/weight,Fall,Yes
cat,1,Spayed,normal,Fall,Yes
cat,1,Male,under age/weight,Fall,Yes
cat,4,Neutered,injured  severe,Spring,No
cat,2,Unknown,under age/weight,Summer,No
cat,2,Unknown,under age/weight,Summer,No
cat,2,Unknown,under age/weight,Summer,No
cat,6,Neutered,normal,Fall,Yes
cat,5,Spayed,ill mild,Winter,Yes
cat,1,Unknown,under age/weight,Summer,No
cat,5,Female,ill moderatete,Winter,No
cat,5,Female,ill moderatete,Winter,No
cat,7,Unknown,normal,Summer,No
cat,7,Unknown,normal,Summer,No
dog,6,Neutered,injured  mild,Summer,Yes
cat,9,Unknown,injured  severe,Fall,No
cat,5,Male,ill moderatete,Winter,No
cat,6,Male,injured  mild,Summer,No
dog,6,Male,normal,Winter,No
cat,8,Spayed,normal,Spring,Yes
cat,0,Spayed,under age/weight,Summer,Yes
cat,0,Female,under age/weight,Spring,No
cat,0,Neutered,under age/weight,Winter,Yes
cat,1,Neutered,ill mild,Winter,Yes
cat,1,Male,under age/weight,Fall,No
cat,1,Female,injured  severe,Fall,No
cat,0,Male,under age/weight,Summer,No
cat,16,Neutered,injured  severe,Winter,No
cat,10,Neutered,injured  severe,Summer,No
bird,6,Unknown,injured  moderate,Spring,No
dog,0,Male,normal,Summer,No
cat,5,Female,normal,Fall,No
cat,8,Neutered,fractious,Spring,No
cat,7,Female,normal,Summer,Yes
cat,11,Neutered,ill moderatete,Winter,Yes
dog,12,Neutered,normal,Winter,No
cat,6,Male,under age/weight,Fall,No
cat,5,Female,normal,Summer,Yes
cat,6,Spayed,normal,Summer,No
cat,5,Spayed,normal,Fall,No
dog,8,Female,normal,Winter,No
dog,3,Female,normal,Fall,No
dog,4,Neutered,normal,Spring,Yes
dog,7,Spayed,normal,Summer,Yes
cat,7,Male,ill mild,Fall,No
dog,8,Neutered,normal,Spring,No
cat,6,Spayed,fractious,Winter,No
cat,11,Male,normal,Winter,No
cat,1,Unknown,injured  severe,Summer,No
dog,13,Male,normal,Winter,No
cat,5,Female,under age/weight,Spring,No
dog,11,Neutered,behavior  moderate,Fall,No
dog,8,Neutered,normal,Fall,No
dog,17,Neutered,normal,Fall,No
dog,17,Neutered,normal,Fall,No
cat,6,Female,fractious,Summer,Yes
cat,6,Male,fractious,Summer,No
bird,9,Unknown,injured  severe,Winter,No
cat,1,Neutered,ill mild,Summer,Yes
cat,3,Unknown,under age/weight,Summer,No
dog,3,Female,normal,Fall,No
cat,23,Female,normal,Winter,No
bird,1,Unknown,ill severe,Summer,No
cat,1,Female,injured  mild,Summer,No
cat,10,Spayed,normal,Spring,No
cat,2,Female,normal,Winter,No
bird,6,Unknown,injured  moderate,Fall,No
dog,8,Neutered,normal,Winter,Yes
rabbit,6,Neutered,normal,Winter,No
cat,2,Male,normal,Spring,No
cat,0,Female,under age/weight,Fall,No
dog,2,Neutered,normal,Spring,Yes
dog,1,Male,i/i report,Fall,No
cat,8,Spayed,feral,Summer,No
dog,14,Male,injured  severe,Spring,No
cat,1,Unknown,under age/weight,Spring,No
dog,11,Spayed,normal,Winter,No
cat,4,Male,normal,Spring,No
cat,4,Female,normal,Spring,No
cat,3,Female,injured  severe,Summer,No
dog,4,Male,normal,Winter,No
cat,1,Male,under age/weight,Winter,Yes
cat,1,Male,under age/weight,Fall,No
wild,4,Unknown,under age/weight,Spring,No
dog,4,Female,normal,Spring,No
dog,7,Male,normal,Summer,No
cat,2,Spayed,normal,Spring,No
cat,3,Male,ill mild,Fall,No
cat,3,Neutered,normal,Spring,No
dog,1,Neutered,injured  moderate,Winter,Yes
wild,7,Unknown,injured  moderate,Summer,No
wild,7,Unknown,injured  moderate,Summer,No
dog,0,Female,under age/weight,Fall,No
cat,1,Spayed,under age/weight,Winter,No
cat,1,Female,under age/weight,Winter,No
cat,1,Neutered,under age/weight,Winter,No
dog,4,Spayed,normal,Summer,Yes
dog,23,Neutered,normal,Winter,No
dog,1,Male,injured  severe,Spring,No
cat,0,Female,under age/weight,Summer,No
cat,0,Female,under age/weight,Summer,No
dog,3,Neutered,normal,Fall,No
dog,4,Male,normal,Winter,No
dog,12,Male,Other,Winter,No
cat,2,Spayed,normal,Summer,Yes
dog,8,Male,normal,Summer,No
cat,9,Neutered,normal,Winter,No
cat,1,Female,ill severe,Fall,No
cat,7,Female,normal,Winter,No
cat,2,Female,under age/weight,Spring,No
cat,6,Unknown,under age/weight,Fall,No
cat,15,Spayed,ill severe,Fall,No
cat,7,Female,normal,Fall,No
dog,16,Spayed,normal,Summer,No
cat,6,Unknown,under age/weight,Spring,No
rabbit,3,Spayed,normal,Summer,No
cat,2,Unknown,under age/weight,Summer,No
cat,2,Unknown,under age/weight,Summer,No
cat,5,Female,normal,Summer,No
cat,2,Unknown,under age/weight,Summer,No
cat,1,Spayed,under age/weight,Fall,No
dog,15,Male,normal,Fall,No
cat,6,Spayed,normal,Fall,Yes
cat,4,Spayed,ill mild,Spring,Yes
cat,10,Neutered,normal,Summer,Yes
cat,4,Spayed,normal,Spring,Yes
cat,4,Spayed,normal,Spring,No
cat,5,Unknown,under age/weight,Summer,No
cat,4,Neutered,injured  severe,Winter,No
dog,6,Neutered,normal,Spring,Yes
dog,7,Male,normal,Winter,No
dog,3,Spayed,normal,Summer,Yes
dog,2,Neutered,normal,Summer,Yes
cat,10,Female,normal,Spring,No
dog,7,Unknown,normal,Winter,No
dog,5,Neutered,Other,Fall,Yes
dog,2,Neutered,normal,Winter,Yes
cat,0,Male,under age/weight,Fall,Yes
cat,0,Neutered,under age/weight,Summer,Yes
cat,5,Spayed,normal,Summer,Yes
dog,2,Neutered,ill mild,Summer,No
dog,7,Female,normal,Fall,No
cat,9,Unknown,normal,Fall,No
dog,1,Neutered,normal,Fall,Yes
cat,2,Female,ill mild,Summer,No
dog,5,Female,ill mild,Summer,No
cat,14,Female,ill mild,Winter,No
dog,13,Female,normal,Fall,No
dog,7,Neutered,normal,Spring,Yes
cat,4,Male,under age/weight,Spring,No
cat,4,Female,under age/weight,Spring,No
cat,4,Female,under age/weight,Spring,No
cat,1,Male,normal,Spring,No
cat,2,Neutered,injured  mild,Fall,No
cat,1,Unknown,under age/weight,Fall,No
dog,1,Male,under age/weight,Fall,No
cat,0,Unknown,injured  severe,Summer,No
cat,0,Neutered,ill mild,Summer,Yes
cat,0,Neutered,normal,Summer,Yes
cat,8,Neutered,normal,Fall,Yes
dog,6,Female,normal,Fall,No
dog,3,Male,ill moderatete,Fall,No
cat,9,Female,normal,Spring,No
cat,7,Male,normal,Fall,No
cat,7,Female,normal,Fall,No
cat,0,Female,ill mild,Fall,No
dog,11,Male,normal,Summer,No
cat,7,Neutered,feral,Winter,No
dog,2,Neutered,normal,Summer,Yes
cat,7,Unknown,under age/weight,Fall,No
cat,5,Male,normal,Fall,No
dog,9,Neutered,normal,Winter,No
cat,7,Female,under age/weight,Summer,No
cat,7,Male,under age/weight,Summer,No
cat,8,Male,normal,Spring,No
cat,8,Male,normal,Spring,No
dog,10,Male,normal,Winter,No
cat,11,Neutered,feral,Winter,No
dog,7,Female,normal,Spring,No
dog,3,Male,normal,Summer,Yes
dog,4,Spayed,normal,Spring,Yes
cat,7,Male,normal,Winter,Yes
cat,4,Male,ill severe,Fall,No
cat,8,Unknown,fractious,Winter,No
cat,10,Male,normal,Summer,No
cat,1,Male,normal,Summer,Yes
dog,7,Male,normal,Fall,No
cat,7,Male,under age/weight,Fall,No
Other,9,Unknown,normal,Winter,No
dog,6,Neutered,normal,Fall,Yes
cat,7,Male,under age/weight,Summer,No
cat,1,Male,ill moderatete,Summer,Yes
cat,3,Male,under age/weight,Fall,No
cat,6,Spayed,normal,Winter,No
cat,1,Unknown,under age/weight,Summer,No
dog,15,Neutered,normal,Winter,No
cat,8,Female,normal,Winter,No
cat,8,Male,normal,Winter,No
cat,5,Unknown,under age/weight,Summer,No
dog,6,Female,ill mild,Spring,No
cat,3,Spayed,normal,Winter,No
cat,2,Spayed,normal,Winter,Yes
cat,3,Spayed,normal,Winter,Yes
cat,1,Female,under age/weight,Summer,No
cat,11,Unknown,normal,Winter,No
cat,2,Neutered,under age/weight,Winter,Yes
cat,11,Unknown,normal,Fall,No
cat,10,Neutered,fractious,Summer,No
wild,2,Female,ill mild,Spring,No
other,5,Unknown,injured  moderate,Winter,No
dog,6,Spayed,normal,Summer,Yes
cat,9,Unknown,normal,Summer,No
cat,7,Male,under age/weight,Summer,No
dog,10,Male,normal,Fall,No
cat,6,Female,under age/weight,Summer,No
cat,6,Unknown,under age/weight,Spring,No
cat,6,Male,normal,Fall,No
cat,5,Female,normal,Summer,No
cat,15,Male,injured  moderate,Fall,No
dog,5,Female,normal,Summer,No
cat,10,Neutered,normal,Fall,Yes
cat,10,Spayed,normal,Summer,No
cat,6,Female,normal,Winter,No
cat,5,Male,under age/weight,Winter,No
cat,5,Male,under age/weight,Winter,No
dog,2,Female,normal,Summer,No
dog,9,Spayed,normal,Winter,Yes
cat,6,Neutered,normal,Winter,No
Other,15,Unknown,normal,Summer,No
cat,3,Female,injured  moderate,Fall,No
cat,5,Male,under age/weight,Summer,Yes
dog,2,Female,injured  moderate,Fall,No
dog,13,Male,normal,Summer,No
cat,2,Neutered,ill mild,Fall,Yes
cat,3,Spayed,ill mild,Summer,Yes
cat,5,Spayed,normal,Summer,No
cat,8,Unknown,ill severe,Spring,No
dog,14,Neutered,ill severe,Fall,No
dog,4,Spayed,normal,Winter,Yes
cat,16,Female,ill mild,Fall,No
cat,4,Male,normal,Fall,No
cat,7,Unknown,under age/weight,Summer,No
dog,8,Neutered,injured  mild,Fall,Yes
dog,8,Male,normal,Winter,No
dog,8,Male,normal,Spring,No
cat,6,Unknown,under age/weight,Fall,No
cat,6,Unknown,under age/weight,Fall,No
cat,5,Unknown,normal,Summer,No
wild,0,Unknown,injured  severe,Summer,No
cat,4,Female,under age/weight,Fall,No
bird,6,Unknown,normal,Summer,No
dog,7,Female,ill severe,Fall,No
wild,1,Unknown,injured  severe,Spring,No
cat,1,Spayed,under age/weight,Summer,No
dog,2,Female,i/i report,Spring,Yes
wild,1,Unknown,under age/weight,Summer,No
wild,1,Unknown,under age/weight,Summer,No
cat,2,Female,under age/weight,Summer,No
cat,4,Spayed,normal,Fall,Yes
dog,11,Female,normal,Fall,Yes
cat,7,Female,under age/weight,Summer,No
cat,11,Spayed,normal,Fall,No
cat,4,Neutered,normal,Winter,No
cat,12,Neutered,ill severe,Winter,No
dog,2,Spayed,normal,Spring,Yes
cat,1,Male,normal,Winter,No
dog,10,Male,normal,Summer,No
cat,3,Male,normal,Spring,No
bird,9,Unknown,injured  mild,Summer,No
wild,7,Unknown,under age/weight,Spring,No
cat,2,Male,injured  severe,Fall,No
cat,9,Male,ill mild,Summer,No
dog,2,Male,normal,Spring,No
cat,7,Male,under age/weight,Summer,No
bird,8,Unknown,injured  severe,Summer,No
cat,12,Male,ill moderatete,Winter,No
dog,6,Female,normal,Summer,No
dog,2,Spayed,normal,Spring,Yes
cat,0,Spayed,under age/weight,Summer,Yes
cat,0,Spayed,under age/weight,Summer,Yes
cat,0,Neutered,under age/weight,Summer,Yes
cat,5,Female,normal,Summer,No
dog,2,Neutered,normal,Spring,Yes
cat,7,Unknown,under age/weight,Spring,No
cat,7,Female,under age/weight,Spring,No
cat,5,Male,under age/weight,Spring,No
dog,4,Male,normal,Fall,No
dog,1,Neutered,normal,Spring,Yes
cat,1,Male,under age/weight,Fall,No
rabbit,3,Spayed,normal,Summer,Yes
cat,0,Neutered,under age/weight,Summer,Yes
cat,1,Neutered,injured  mild,Summer,No
cat,1,Neutered,normal,Winter,Yes
dog,8,Spayed,normal,Summer,Yes
cat,0,Female,ill mild,Summer,No
rabbit,1,Spayed,normal,Spring,No
rabbit,2,Neutered,normal,Spring,No
cat,1,Neutered,under age/weight,Summer,Yes
wild,6,Unknown,under age/weight,Spring,No
wild,6,Unknown,under age/weight,Spring,No
cat,8,Male,normal,Summer,Yes
cat,7,Spayed,normal,Winter,No
cat,9,Spayed,normal,Winter,No
cat,10,Spayed,normal,Winter,No
cat,7,Neutered,normal,Summer,No
cat,8,Female,normal,Winter,No
cat,2,Neutered,ill moderatete,Summer,No
cat,7,Female,under age/weight,Fall,No
dog,13,Spayed,normal,Summer,No
dog,3,Spayed,normal,Summer,Yes
cat,8,Spayed,normal,Summer,No
cat,3,Neutered,injured  moderate,Fall,Yes
cat,15,Spayed,injured  mild,Fall,No
cat,6,Female,ill mild,Summer,Yes
cat,6,Neutered,injured  mild,Winter,Yes
dog,11,Spayed,normal,Winter,No
cat,8,Female,normal,Spring,No
dog,13,Female,normal,Winter,No
cat,2,Male,injured  moderate,Summer,No
cat,11,Neutered,fractious,Winter,No
wild,5,Unknown,under age/weight,Summer,No
dog,6,Male,normal,Spring,No
dog,4,Neutered,normal,Spring,Yes
cat,2,Male,normal,Spring,No
cat,2,Male,normal,Spring,No
cat,2,Male,normal,Spring,No
dog,9,Female,normal,Winter,No
cat,2,Female,under age/weight,Summer,No
cat,4,Spayed,normal,Fall,No
cat,5,Female,normal,Fall,No
cat,2,Male,under age/weight,Winter,No
cat,3,Neutered,ill moderatete,Summer,No
cat,0,Female,under age/weight,Spring,No
dog,2,Spayed,normal,Fall,Yes
cat,1,Spayed,ill mild,Fall,Yes
cat,0,Spayed,under age/weight,Summer,Yes
cat,0,Spayed,under age/weight,Summer,Yes
cat,0,Unknown,under age/weight,Spring,No
cat,5,Spayed,ill mild,Spring,No
dog,5,Spayed,normal,Fall,No
dog,0,Male,under age/weight,Fall,No
cat,3,Female,under age/weight,Fall,No
cat,8,Female,normal,Spring,Yes
cat,1,Male,under age/weight,Spring,No
cat,4,Female,under age/weight,Fall,No
dog,8,Female,normal,Spring,No
dog,8,Male,behavior  moderate,Fall,No
cat,4,Female,normal,Fall,No
bird,8,Female,normal,Winter,No
cat,1,Female,i/i report,Summer,Yes
dog,10,Spayed,normal,Fall,No
cat,1,Spayed,i/i report,Fall,Yes
cat,1,Neutered,i/i report,Fall,Yes
dog,11,Spayed,normal,Spring,No
dog,3,Spayed,normal,Summer,Yes
bird,6,Unknown,ill severe,Fall,No
cat,7,Unknown,under age/weight,Fall,No
cat,7,Unknown,under age/weight,Fall,No
dog,9,Male,normal,Summer,No
cat,7,Unknown,under age/weight,Fall,No
cat,7,Unknown,under age/weight,Fall,No
cat,8,Neutered,normal,Fall,No
cat,9,Neutered,feral,Fall,No
cat,11,Neutered,normal,Winter,Yes
dog,5,Spayed,normal,Summer,Yes
cat,0,Unknown,normal,Fall,No
cat,4,Female,under age/weight,Spring,No
cat,4,Male,under age/weight,Spring,No
dog,12,Female,injured  moderate,Summer,No
cat,10,Male,ill severe,Summer,No
dog,16,Female,normal,Winter,No
dog,1,Neutered,normal,Fall,Yes
cat,4,Male,injured  moderate,Fall,No
dog,5,Neutered,normal,Spring,Yes
cat,6,Spayed,behavior  mild,Summer,No
bird,6,Unknown,injured  severe,Fall,No
bird,4,Unknown,ill severe,Winter,No
dog,7,Spayed,normal,Winter,No
dog,8,Female,normal,Winter,No
cat,10,Unknown,injured  severe,Summer,No
dog,3,Male,normal,Summer,No
cat,2,Female,under age/weight,Spring,No
cat,5,Neutered,normal,Winter,Yes
dog,11,Neutered,fractious,Summer,No
dog,13,Female,normal,Summer,No
cat,6,Male,normal,Spring,No
dog,2,Spayed,normal,Summer,Yes
cat,3,Neutered,normal,Fall,Yes
cat,3,Neutered,normal,Fall,Yes
cat,4,Male,under age/weight,Summer,No
cat,2,Male,i/i report,Summer,No
cat,2,Female,i/i report,Summer,No
cat,1,Neutered,normal,Winter,Yes
wild,0,Unknown,injured  severe,Summer,No
dog,0,Female,under age/weight,Summer,No
dog,0,Male,under age/weight,Summer,No
cat,1,Neutered,normal,Fall,No
dog,0,Male,under age/weight,Summer,No
dog,0,Male,under age/weight,Summer,No
dog,0,Female,under age/weight,Summer,No
dog,1,Neutered,normal,Summer,Yes
cat,2,Male,under age/weight,Spring,No
dog,11,Spayed,normal,Fall,Yes
wild,3,Unknown,injured  moderate,Winter,No
cat,0,Spayed,under age/weight,Fall,Yes
cat,11,Male,fractious,Summer,No
dog,11,Female,normal,Winter,No
cat,7,Female,under age/weight,Fall,Yes
cat,7,Male,under age/weight,Fall,No
cat,9,Spayed,normal,Fall,No
cat,7,Female,under age/weight,Fall,No
cat,7,Neutered,under age/weight,Winter,Yes
dog,1,Neutered,normal,Winter,Yes
cat,5,Female,normal,Summer,Yes
dog,8,Male,normal,Spring,No
cat,5,Spayed,normal,Fall,Yes
cat,1,Neutered,normal,Spring,Yes
cat,4,Spayed,normal,Spring,Yes
dog,11,Male,normal,Spring,No
cat,9,Neutered,normal,Spring,No
dog,2,Spayed,normal,Summer,Yes
cat,3,Spayed,injured  mild,Winter,Yes
dog,14,Spayed,ill moderatete,Winter,No
cat,3,Male,under age/weight,Winter,No
dog,11,Female,Other,Winter,No
cat,4,Male,under age/weight,Summer,No
cat,4,Neutered,under age/weight,Summer,Yes
cat,4,Spayed,under age/weight,Summer,Yes
cat,4,Female,injured  severe,Fall,No
cat,5,Male,under age/weight,Summer,No
cat,5,Male,under age/weight,Summer,No
dog,9,Male,normal,Spring,No
bird,1,Unknown,ill mild,Fall,No
other,7,Unknown,ill moderatete,Spring,No
cat,4,Male,under age/weight,Summer,No
cat,2,Female,under age/weight,Spring,No
cat,10,Spayed,feral,Summer,No
cat,18,Spayed,normal,Winter,No
cat,4,Neutered,i/i report,Summer,No
cat,5,Female,under age/weight,Summer,No
cat,5,Male,under age/weight,Summer,No
cat,9,Spayed,normal,Summer,No
dog,6,Spayed,normal,Winter,Yes
dog,10,Spayed,normal,Spring,Yes
cat,5,Male,normal,Summer,No
cat,2,Neutered,under age/weight,Winter,Yes
cat,3,Neutered,normal,Summer,Yes
cat,6,Male,under age/weight,Fall,No
cat,0,Unknown,injured  moderate,Summer,No
cat,3,Female,under age/weight,Fall,Yes
cat,8,Neutered,ill moderatete,Spring,Yes
dog,7,Female,normal,Winter,No
dog,6,Female,ill severe,Spring,Yes
cat,6,Female,under age/weight,Summer,No
cat,2,Neutered,ill severe,Fall,No
cat,0,Male,under age/weight,Spring,No
cat,2,Male,ill mild,Winter,Yes
dog,14,Male,ill mild,Fall,No
cat,4,Female,under age/weight,Summer,No
dog,11,Female,normal,Winter,No
dog,8,Male,normal,Winter,No
dog,6,Male,normal,Fall,No
cat,6,Male,injured  mild,Summer,No
bird,2,Unknown,injured  moderate,Fall,No
cat,13,Female,ill mild,Winter,No
cat,6,Unknown,ill severe,Spring,No
dog,10,Male,normal,Spring,No
dog,6,Male,normal,Winter,No
cat,3,Unknown,injured  severe,Spring,No
dog,2,Male,normal,Spring,No
dog,5,Male,normal,Summer,No
bird,6,Male,normal,Summer,No
cat,7,Female,normal,Spring,No
other,2,Male,normal,Spring,No
cat,5,Female,under age/weight,Summer,No
cat,7,Spayed,normal,Summer,No
dog,4,Female,normal,Winter,No
cat,3,Male,normal,Spring,No
dog,7,Neutered,normal,Spring,Yes
cat,3,Female,normal,Spring,No
cat,11,Neutered,normal,Spring,No
dog,5,Male,injured  mild,Spring,No
cat,4,Female,normal,Fall,No
dog,2,Neutered,ill severe,Winter,Yes
dog,1,Female,ill mild,Fall,No
dog,4,Female,ill mild,Fall,No
dog,5,Neutered,normal,Winter,Yes
cat,0,Male,normal,Summer,No
cat,5,Unknown,under age/weight,Summer,No
cat,3,Neutered,injured  severe,Fall,Yes
wild,8,Unknown,injured  severe,Spring,No
dog,16,Neutered,normal,Winter,No
dog,10,Neutered,normal,Spring,No
cat,4,Unknown,injured  severe,Summer,No
dog,1,Female,normal,Spring,No
dog,2,Female,normal,Summer,No
cat,4,Female,under age/weight,Fall,No
dog,14,Spayed,normal,Fall,No
dog,6,Male,normal,Spring,No
cat,6,Female,under age/weight,Summer,No
cat,3,Male,ill moderatete,Winter,No
cat,10,Female,ill moderatete,Summer,No
dog,6,Male,normal,Fall,No
cat,8,Male,ill severe,Spring,No
cat,5,Neutered,ill mild,Fall,Yes
cat,8,Female,ill moderatete,Winter,No
cat,0,Spayed,ill mild,Summer,Yes
cat,0,Neutered,ill mild,Summer,Yes
cat,0,Neutered,ill mild,Fall,Yes
dog,12,Male,normal,Winter,No
cat,1,Spayed,under age/weight,Spring,Yes
cat,1,Spayed,under age/weight,Spring,Yes
dog,9,Neutered,normal,Spring,No
dog,6,Neutered,normal,Fall,Yes
dog,11,Female,normal,Summer,No
dog,7,Neutered,normal,Winter,No
dog,10,Female,normal,Fall,Yes
wild,5,Unknown,normal,Spring,No
dog,6,Male,injured  severe,Summer,No
dog,3,Male,normal,Summer,No
dog,4,Female,normal,Fall,Yes
cat,0,Neutered,under age/weight,Summer,Yes
dog,8,Male,normal,Spring,No
dog,8,Female,normal,Spring,No
dog,8,Neutered,normal,Winter,Yes
dog,4,Neutered,normal,Winter,No
cat,1,Spayed,under age/weight,Fall,No
cat,1,Spayed,under age/weight,Fall,No
dog,1,Spayed,normal,Summer,Yes
cat,1,Neutered,under age/weight,Winter,Yes
dog,0,Male,under age/weight,Summer,No
dog,0,Male,under age/weight,Summer,No
cat,0,Spayed,under age/weight,Summer,No
cat,0,Neutered,under age/weight,Summer,No
cat,0,Neutered,under age/weight,Summer,No
cat,6,Female,ill mild,Spring,No
cat,2,Spayed,normal,Fall,No
cat,0,Unknown,under age/weight,Summer,No
cat,0,Unknown,under age/weight,Fall,No
cat,0,Female,under age/weight,Fall,No
cat,10,Neutered,normal,Fall,No
dog,13,Female,ill mild,Summer,No
dog,10,Neutered,normal,Winter,No
dog,7,Male,normal,Fall,No
dog,7,Female,normal,Winter,Yes
dog,7,Male,normal,Summer,No
cat,8,Female,ill mild,Winter,No
cat,11,Male,ill moderatete,Spring,No
dog,19,Neutered,normal,Summer,No
cat,5,Male,injured  severe,Summer,No
cat,7,Male,under age/weight,Spring,No
cat,5,Female,under age/weight,Fall,No
cat,5,Female,under age/weight,Summer,No
cat,7,Unknown,normal,Fall,No
cat,5,Male,under age/weight,Spring,No
cat,6,Unknown,normal,Fall,No
cat,6,Unknown,normal,Fall,No
dog,11,Neutered,Other,Summer,No
cat,2,Neutered,under age/weight,Summer,No
cat,2,Spayed,under age/weight,Summer,Yes
cat,2,Spayed,under age/weight,Summer,Yes
cat,13,Female,fractious,Fall,No
cat,6,Unknown,ill moderatete,Summer,No
dog,8,Spayed,behavior  severe,Spring,Yes
cat,12,Spayed,normal,Winter,Yes
cat,12,Spayed,normal,Summer,No
cat,3,Neutered,ill moderatete,Summer,Yes
dog,5,Female,normal,Spring,Yes
dog,4,Female,normal,Spring,No
cat,6,Neutered,normal,Summer,No
dog,16,Neutered,normal,Fall,No
cat,1,Male,normal,Spring,No
cat,4,Unknown,under age/weight,Summer,No
dog,12,Neutered,injured  moderate,Winter,No
dog,20,Spayed,normal,Winter,No
cat,4,Female,fractious,Summer,No
cat,13,Male,ill mild,Summer,No
dog,3,Spayed,normal,Summer,Yes
cat,14,Spayed,fractious,Spring,Yes
cat,0,Spayed,under age/weight,Fall,Yes
cat,5,Female,normal,Summer,Yes
dog,5,Neutered,normal,Spring,No
cat,0,Female,under age/weight,Spring,No
cat,0,Female,under age/weight,Fall,No
dog,9,Neutered,normal,Summer,Yes
dog,3,Male,injured  moderate,Fall,No
cat,6,Spayed,fractious,Summer,No
cat,7,Spayed,fractious,Summer,No
cat,7,Male,under age/weight,Spring,No
cat,8,Neutered,ill moderatete,Fall,Yes
other,2,Unknown,injured  severe,Summer,No
dog,6,Neutered,behavior  severe,Summer,Yes
cat,4,Female,under age/weight,Summer,No
cat,8,Male,under age/weight,Winter,No
cat,8,Female,under age/weight,Winter,No
cat,9,Unknown,ill moderatete,Winter,No
wild,3,Male,injured  moderate,Winter,No
cat,2,Male,ill severe,Spring,No
cat,6,Unknown,under age/weight,Fall,No
dog,7,Female,normal,Spring,No
cat,2,Female,under age/weight,Summer,No
cat,2,Male,under age/weight,Summer,No
cat,2,Female,under age/weight,Summer,No
cat,3,Spayed,fractious,Summer,No
cat,7,Spayed,fractious,Summer,No
cat,2,Female,under age/weight,Fall,No
dog,9,Neutered,normal,Winter,Yes
cat,6,Unknown,injured  severe,Spring,No
cat,6,Male,under age/weight,Fall,No
cat,2,Female,ill moderatete,Spring,Yes
cat,18,Neutered,normal,Spring,No
dog,9,Female,injured  mild,Summer,No
cat,3,Female,injured  moderate,Spring,No
cat,7,Male,under age/weight,Winter,No
dog,1,Female,ill severe,Spring,No
cat,1,Male,under age/weight,Fall,No
cat,6,Male,under age/weight,Fall,No
cat,8,Unknown,ill severe,Winter,No
cat,5,Female,normal,Winter,No
cat,5,Male,normal,Winter,No
cat,5,Male,normal,Winter,No
cat,1,Spayed,ill mild,Winter,Yes
cat,12,Male,normal,Winter,No
dog,5,Neutered,normal,Fall,Yes
cat,1,Spayed,normal,Spring,Yes
dog,5,Male,normal,Winter,No
dog,9,Neutered,ill mild,Summer,Yes
dog,13,Neutered,normal,Summer,No
dog,9,Spayed,normal,Winter,No
cat,1,Spayed,injured  severe,Winter,Yes
dog,3,Spayed,normal,Fall,Yes
dog,9,Female,normal,Winter,No
cat,6,Female,under age/weight,Fall,No
cat,5,Neutered,fractious,Summer,No
dog,7,Female,normal,Summer,No
cat,2,Neutered,ill mild,Fall,Yes
dog,3,Neutered,normal,Spring,Yes
cat,4,Female,under age/weight,Summer,No
cat,1,Neutered,i/i report,Spring,Yes
rabbit,1,Spayed,normal,Fall,No
rabbit,0,Spayed,normal,Fall,No
cat,13,Male,injured  moderate,Spring,No
rabbit,1,Spayed,normal,Summer,No
dog,4,Male,normal,Winter,No
dog,10,Female,normal,Summer,No
cat,4,Spayed,under age/weight,Fall,Yes
dog,5,Spayed,normal,Winter,No
cat,17,Male,ill mild,Spring,No
dog,15,Male,ill mild,Winter,No
cat,6,Male,under age/weight,Fall,No
bird,4,Unknown,ill severe,Fall,No
cat,15,Neutered,normal,Summer,No
cat,6,Female,under age/weight,Spring,No
cat,2,Female,under age/weight,Spring,No
cat,2,Male,ill moderatete,Spring,No
wild,0,Female,under age/weight,Fall,No
other,1,Unknown,injured  mild,Spring,No
cat,3,Neutered,fractious,Summer,No
cat,8,Neutered,normal,Summer,No
dog,13,Female,normal,Summer,No
cat,6,Female,under age/weight,Summer,No
cat,11,Male,normal,Spring,No
dog,11,Female,normal,Spring,No
dog,9,Male,normal,Spring,No
cat,7,Spayed,normal,Spring,No
dog,7,Neutered,behavior  moderate,Fall,No
cat,11,Neutered,feral,Winter,No
cat,10,Neutered,normal,Winter,No
cat,5,Female,under age/weight,Summer,No
cat,5,Female,under age/weight,Summer,No
cat,5,Female,under age/weight,Summer,No
cat,4,Spayed,ill severe,Fall,No
cat,6,Neutered,ill mild,Winter,Yes
cat,1,Neutered,ill mild,Winter,No
cat,4,Neutered,normal,Spring,No
cat,2,Neutered,normal,Fall,Yes
cat,8,Unknown,injured  severe,Summer,No
cat,1,Male,normal,Summer,No
cat,1,Male,normal,Summer,No
dog,7,Neutered,normal,Summer,No
Other,5,Female,normal,Winter,No
Other,5,Female,normal,Winter,No
cat,7,Female,under age/weight,Fall,No
cat,6,Female,under age/weight,Spring,No
dog,19,Spayed,injured  severe,Spring,No
cat,1,Unknown,ill severe,Summer,No
dog,3,Female,ill moderatete,Summer,No
cat,1,Unknown,ill moderatete,Spring,No
dog,2,Female,normal,Winter,No
cat,5,Male,ill severe,Spring,No
cat,6,Neutered,injured  mild,Winter,Yes
cat,9,Female,normal,Fall,No
cat,7,Female,under age/weight,Summer,No
cat,7,Female,under age/weight,Summer,No
cat,7,Male,under age/weight,Summer,No
dog,6,Male,ill severe,Winter,No
cat,6,Male,under age/weight,Summer,No
cat,6,Male,under age/weight,Spring,No
cat,8,Spayed,normal,Fall,No
dog,6,Spayed,normal,Spring,No
rabbit,1,Female,injured  moderate,Spring,No
dog,2,Neutered,normal,Summer,Yes
dog,3,Neutered,normal,Winter,Yes
dog,10,Male,normal,Summer,No
cat,7,Female,normal,Spring,No
dog,24,Neutered,normal,Spring,No
cat,1,Male,under age/weight,Fall,No
cat,1,Female,under age/weight,Fall,No
dog,9,Spayed,normal,Winter,Yes
cat,1,Male,normal,Summer,No
cat,7,Unknown,under age/weight,Winter,No
cat,7,Unknown,under age/weight,Winter,No
dog,7,Female,under age/weight,Fall,No
cat,7,Unknown,under age/weight,Winter,No
cat,8,Neutered,normal,Spring,No
dog,12,Neutered,normal,Summer,Yes
dog,13,Neutered,normal,Winter,No
cat,4,Male,Other,Fall,No
dog,18,Neutered,normal,Fall,No
cat,10,Female,ill severe,Summer,No
dog,16,Neutered,Other,Spring,No
cat,3,Spayed,injured  moderate,Winter,Yes
cat,4,Male,under age/weight,Fall,No
dog,10,Female,ill moderatete,Winter,Yes
dog,12,Spayed,normal,Summer,No
cat,4,Female,under age/weight,Winter,No
cat,4,Female,under age/weight,Winter,No
cat,7,Unknown,under age/weight,Summer,No
rabbit,9,Spayed,normal,Winter,No
rabbit,8,Female,injured  mild,Fall,No
dog,7,Neutered,normal,Winter,No
dog,3,Neutered,normal,Spring,Yes
cat,10,Spayed,normal,Spring,No
cat,8,Female,normal,Spring,No
cat,0,Spayed,under age/weight,Winter,Yes
cat,8,Male,under age/weight,Spring,No
cat,8,Female,under age/weight,Spring,No
cat,8,Female,under age/weight,Spring,No
other,5,Unknown,under age/weight,Spring,No
cat,0,Male,ill severe,Fall,No
cat,10,Female,normal,Summer,No
cat,4,Spayed,ill mild,Winter,Yes
dog,12,Neutered,ill moderatete,Fall,No
cat,6,Male,under age/weight,Fall,No
cat,8,Spayed,normal,Summer,No
dog,1,Neutered,normal,Spring,Yes
dog,11,Female,normal,Summer,No
cat,3,Male,injured  mild,Spring,No
bird,5,Unknown,ill severe,Spring,No
dog,1,Spayed,normal,Fall,Yes
dog,6,Male,Other,Fall,No
cat,2,Neutered,normal,Fall,No
dog,9,Spayed,injured  mild,Summer,Yes
dog,2,Female,normal,Spring,No
cat,1,Neutered,ill mild,Fall,Yes
dog,2,Neutered,normal,Spring,Yes
dog,0,Male,under age/weight,Fall,No
dog,8,Neutered,behavior  severe,Spring,No
cat,6,Male,under age/weight,Summer,No
dog,6,Female,normal,Summer,Yes
dog,15,Neutered,normal,Summer,Yes
cat,8,Spayed,normal,Winter,Yes
cat,8,Neutered,feral,Spring,No
cat,4,Female,injured  severe,Fall,No
cat,2,Neutered,ill mild,Summer,Yes
dog,12,Spayed,normal,Summer,Yes
cat,12,Male,ill moderatete,Spring,No
cat,9,Male,ill severe,Summer,No
dog,15,Spayed,normal,Spring,No
dog,13,Neutered,normal,Winter,No
dog,17,Neutered,normal,Summer,No
cat,5,Spayed,under age/weight,Summer,Yes
cat,5,Spayed,under age/weight,Summer,Yes
bird,8,Unknown,normal,Summer,No
dog,11,Neutered,normal,Fall,Yes
cat,7,Female,under age/weight,Summer,No
cat,7,Male,under age/weight,Summer,No
cat,7,Male,under age/weight,Summer,No
Other,8,Female,normal,Fall,No
Other,6,Female,normal,Fall,No
dog,11,Male,normal,Winter,No
cat,5,Unknown,under age/weight,Fall,No
cat,5,Spayed,fractious,Summer,Yes
cat,5,Spayed,fractious,Summer,Yes
Other,1,Male,normal,Summer,No
cat,7,Male,under age/weight,Fall,No
wild,5,Unknown,ill severe,Summer,No
cat,3,Female,under age/weight,Spring,No
cat,4,Female,normal,Fall,No
cat,1,Female,ill moderatete,Spring,No
cat,6,Male,fractious,Fall,No
cat,4,Spayed,fractious,Summer,No
cat,6,Female,under age/weight,Spring,No
cat,7,Unknown,under age/weight,Spring,No
cat,7,Unknown,under age/weight,Spring,No
cat,8,Spayed,normal,Fall,No
cat,10,Spayed,normal,Spring,No
dog,1,Neutered,normal,Summer,Yes
cat,5,Female,under age/weight,Fall,No
cat,2,Female,ill severe,Fall,No
cat,8,Spayed,normal,Summer,No
cat,5,Male,fractious,Summer,No
cat,5,Female,fractious,Summer,Yes
cat,10,Neutered,injured  moderate,Summer,No
cat,8,Spayed,feral,Winter,No
dog,5,Male,normal,Summer,No
dog,2,Neutered,normal,Fall,Yes
dog,14,Spayed,normal,Winter,No
wild,3,Unknown,injured  severe,Summer,No
cat,7,Male,injured  severe,Spring,No
bird,4,Unknown,injured  mild,Fall,No
dog,6,Female,normal,Fall,No
dog,21,Neutered,Other,Spring,No
dog,10,Male,normal,Spring,No
cat,23,Spayed,normal,Spring,Yes
dog,8,Female,normal,Spring,No
cat,1,Neutered,normal,Summer,No
cat,7,Female,ill severe,Winter,No
bird,9,Unknown,ill mild,Spring,No
cat,2,Spayed,fractious,Summer,No
cat,0,Male,under age/weight,Summer,No
dog,13,Male,normal,Summer,No
dog,13,Female,Other,Spring,No
dog,16,Neutered,normal,Spring,No
dog,17,Neutered,normal,Spring,No
cat,10,Neutered,fractious,Spring,No
other,2,Female,under age/weight,Fall,No
cat,11,Neutered,normal,Winter,No
cat,12,Neutered,normal,Spring,Yes
cat,10,Neutered,normal,Spring,Yes
cat,12,Neutered,normal,Spring,Yes
cat,11,Spayed,normal,Winter,Yes
cat,10,Spayed,normal,Winter,No
wild,2,Female,under age/weight,Spring,No
cat,9,Neutered,normal,Winter,No
cat,10,Neutered,normal,Winter,No
dog,8,Spayed,normal,Spring,No
dog,1,Spayed,normal,Fall,Yes
other,2,Unknown,injured  severe,Spring,No
cat,12,Neutered,injured  moderate,Summer,No
bird,2,Unknown,injured  severe,Fall,No
cat,8,Neutered,fractious,Summer,No
cat,7,Spayed,normal,Winter,Yes
cat,7,Spayed,normal,Spring,Yes
cat,3,Female,under age/weight,Spring,No
cat,5,Female,under age/weight,Summer,No
cat,5,Male,under age/weight,Summer,No
cat,6,Female,under age/weight,Summer,No
cat,6,Unknown,under age/weight,Spring,No
cat,1,Unknown,under age/weight,Summer,No
cat,6,Spayed,fractious,Summer,Yes
cat,8,Spayed,normal,Fall,No
bird,3,Unknown,injured  moderate,Fall,No
cat,2,Male,under age/weight,Summer,No
cat,2,Female,under age/weight,Summer,No
dog,12,Spayed,normal,Summer,No
cat,1,Female,under age/weight,Summer,No
cat,1,Male,under age/weight,Summer,No
cat,0,Male,under age/weight,Fall,No
dog,3,Spayed,normal,Spring,Yes
dog,2,Female,fractious,Summer,No
cat,2,Neutered,under age/weight,Fall,Yes
cat,2,Male,under age/weight,Summer,No
cat,2,Neutered,under age/weight,Summer,Yes
cat,4,Spayed,normal,Summer,No
cat,5,Female,under age/weight,Fall,No
cat,7,Female,under age/weight,Summer,No
cat,2,Spayed,under age/weight,Summer,Yes
cat,4,Neutered,ill mild,Fall,No
dog,4,Male,normal,Winter,No
cat,2,Unknown,ill severe,Summer,No
dog,5,Spayed,injured  moderate,Summer,Yes
cat,1,Male,injured  moderate,Fall,Yes
cat,5,Male,normal,Winter,Yes
dog,1,Neutered,normal,Winter,Yes
cat,2,Male,under age/weight,Summer,Yes
cat,2,Male,under age/weight,Summer,Yes
dog,2,Male,normal,Winter,Yes
cat,18,Neutered,normal,Winter,Yes
dog,5,Spayed,normal,Winter,Yes
cat,7,Male,normal,Winter,No
cat,6,Unknown,ill moderatete,Summer,No
cat,4,Male,under age/weight,Summer,No
rabbit,7,Spayed,normal,Winter,Yes
dog,3,Male,normal,Spring,No
dog,5,Spayed,i/i report,Summer,Yes
dog,2,Male,normal,Winter,Yes
dog,4,Spayed,normal,Spring,Yes
cat,0,Spayed,normal,Fall,Yes
cat,7,Female,under age/weight,Spring,No
cat,7,Male,under age/weight,Spring,No
cat,7,Female,under age/weight,Spring,No
dog,1,Neutered,normal,Summer,Yes
dog,12,Female,normal,Spring,No
dog,3,Neutered,normal,Summer,Yes
cat,2,Spayed,under age/weight,Summer,Yes
cat,2,Spayed,under age/weight,Summer,Yes
dog,3,Male,normal,Summer,No
dog,10,Neutered,normal,Winter,No
cat,9,Spayed,normal,Summer,No
bird,2,Unknown,injured  severe,Fall,No
wild,3,Unknown,injured  severe,Spring,No
wild,3,Unknown,injured  severe,Spring,No
wild,3,Unknown,injured  severe,Spring,No
cat,4,Neutered,normal,Spring,Yes
dog,2,Male,ill moderatete,Winter,Yes
dog,10,Female,normal,Spring,Yes
cat,6,Male,under age/weight,Spring,No
cat,6,Male,under age/weight,Spring,No
cat,6,Male,under age/weight,Spring,No
cat,0,Neutered,normal,Fall,Yes
cat,0,Spayed,normal,Fall,No
dog,7,Female,behavior  severe,Fall,No
cat,5,Male,under age/weight,Spring,No
cat,1,Neutered,ill mild,Spring,Yes
cat,1,Spayed,ill mild,Spring,Yes
cat,4,Female,under age/weight,Winter,Yes
cat,4,Female,under age/weight,Winter,Yes
dog,2,Neutered,normal,Winter,Yes
cat,10,Neutered,normal,Winter,Yes
cat,4,Neutered,injured  mild,Summer,No
dog,6,Neutered,injured  moderate,Spring,No
cat,7,Female,under age/weight,Fall,No
dog,2,Neutered,normal,Winter,No
dog,5,Male,injured  severe,Spring,No
rabbit,3,Neutered,normal,Spring,Yes
cat,3,Male,ill moderatete,Fall,No
dog,11,Female,injured  moderate,Spring,No
cat,3,Spayed,normal,Spring,Yes
wild,7,Unknown,under age/weight,Spring,No
wild,7,Unknown,under age/weight,Spring,No
cat,2,Neutered,under age/weight,Summer,Yes
dog,11,Female,normal,Winter,No
dog,13,Female,injured  mild,Winter,No
bird,7,Unknown,injured  mild,Spring,No
dog,7,Neutered,normal,Spring,Yes
cat,0,Neutered,ill mild,Fall,Yes
dog,7,Neutered,normal,Winter,No
cat,2,Male,normal,Summer,No
cat,4,Male,ill mild,Winter,No
cat,2,Male,under age/weight,Fall,No
other,2,Unknown,under age/weight,Winter,No
cat,2,Neutered,normal,Summer,Yes
cat,6,Spayed,normal,Winter,No
dog,2,Neutered,normal,Spring,No
cat,7,Male,injured  mild,Winter,No
wild,5,Unknown,ill severe,Fall,No
cat,4,Female,under age/weight,Summer,No
cat,1,Unknown,under age/weight,Summer,No
cat,1,Unknown,under age/weight,Summer,No
dog,4,Female,normal,Spring,No
other,3,Unknown,under age/weight,Spring,No
other,3,Unknown,under age/weight,Spring,No
other,3,Unknown,under age/weight,Spring,No
cat,10,Male,fractious,Winter,No
dog,4,Neutered,normal,Summer,Yes
other,1,Male,injured  moderate,Fall,No
cat,1,Male,ill mild,Winter,No
dog,6,Male,injured  severe,Winter,No
cat,3,Neutered,ill mild,Fall,Yes
dog,1,Neutered,normal,Summer,Yes
cat,6,Female,ill severe,Fall,No
dog,12,Spayed,normal,Fall,No
cat,1,Male,ill mild,Winter,No
cat,1,Spayed,under age/weight,Summer,No
dog,1,Neutered,normal,Fall,Yes
dog,6,Female,normal,Spring,No
dog,2,Male,normal,Summer,No
dog,7,Spayed,normal,Winter,No
rabbit,8,Spayed,normal,Fall,Yes
cat,8,Male,under age/weight,Spring,No
cat,7,Male,fractious,Summer,No
other,4,Female,ill mild,Spring,No
bird,4,Unknown,injured  moderate,Spring,No
dog,11,Spayed,normal,Summer,No
cat,5,Female,normal,Winter,No
dog,8,Female,normal,Summer,No
cat,9,Spayed,normal,Summer,Yes
cat,5,Female,normal,Fall,No
dog,14,Female,normal,Summer,No
cat,2,Spayed,under age/weight,Summer,Yes
cat,6,Male,normal,Fall,Yes
cat,1,Spayed,i/i report,Spring,Yes
cat,7,Male,under age/weight,Summer,No
cat,7,Female,under age/weight,Summer,No
cat,7,Female,normal,Summer,No
dog,10,Male,normal,Spring,No
dog,19,Female,normal,Fall,No
dog,12,Female,normal,Winter,No
dog,9,Male,normal,Winter,No
cat,3,Neutered,injured  mild,Fall,Yes
dog,11,Spayed,normal,Fall,Yes
cat,6,Unknown,fractious,Spring,No
cat,19,Neutered,normal,Summer,No
cat,1,Male,under age/weight,Fall,No
dog,1,Female,ill mild,Summer,Yes
dog,2,Neutered,i/i report,Winter,Yes
cat,2,Female,under age/weight,Summer,No
dog,8,Spayed,normal,Fall,No
cat,5,Male,under age/weight,Spring,No
cat,5,Female,under age/weight,Summer,No
cat,5,Female,normal,Fall,No
cat,6,Male,normal,Summer,No
cat,0,Neutered,under age/weight,Summer,No
cat,7,Female,normal,Spring,Yes
cat,6,Male,under age/weight,Fall,No
cat,6,Male,under age/weight,Fall,No
cat,1,Male,normal,Summer,Yes
cat,1,Female,under age/weight,Summer,No
dog,8,Neutered,normal,Winter,No
dog,12,Male,ill mild,Spring,No
cat,0,Female,injured  mild,Fall,No
dog,8,Female,normal,Summer,No
cat,3,Male,normal,Summer,No
cat,2,Spayed,under age/weight,Summer,Yes
cat,2,Neutered,under age/weight,Summer,Yes
dog,3,Male,ill mild,Summer,Yes
cat,1,Spayed,under age/weight,Summer,Yes
cat,2,Male,ill moderatete,Winter,No
dog,1,Neutered,normal,Spring,Yes
cat,9,Unknown,injured  severe,Summer,No
cat,5,Female,under age/weight,Summer,No
cat,5,Female,under age/weight,Summer,No
dog,15,Male,Other,Winter,No
cat,1,Neutered,under age/weight,Winter,Yes
dog,7,Female,normal,Summer,No
dog,6,Male,normal,Summer,No
dog,7,Female,normal,Summer,No
dog,5,Female,normal,Spring,No
cat,4,Neutered,normal,Fall,Yes
wild,1,Unknown,under age/weight,Spring,No
cat,0,Female,under age/weight,Spring,No
dog,0,Male,under age/weight,Summer,No
cat,11,Neutered,ill moderatete,Winter,No
cat,4,Neutered,normal,Spring,Yes
dog,15,Spayed,normal,Spring,No
cat,7,Male,under age/weight,Summer,No
dog,10,Female,injured  mild,Fall,No
dog,1,Spayed,ill mild,Summer,Yes
other,3,Female,normal,Summer,No
other,3,Male,normal,Summer,No
dog,16,Neutered,normal,Summer,No
dog,15,Female,normal,Winter,No
cat,6,Male,under age/weight,Summer,No
cat,5,Male,normal,Fall,No
cat,3,Male,normal,Fall,No
cat,6,Male,under age/weight,Spring,No
other,7,Male,ill severe,Winter,No
bird,5,Unknown,ill severe,Summer,No
dog,17,Neutered,injured  mild,Winter,No
other,1,Unknown,injured  severe,Winter,No
cat,2,Female,under age/weight,Summer,No
dog,4,Male,normal,Spring,No
cat,13,Spayed,injured  severe,Winter,No
cat,2,Male,under age/weight,Summer,Yes
cat,2,Spayed,normal,Fall,Yes
cat,2,Neutered,under age/weight,Fall,Yes
dog,3,Spayed,normal,Winter,No
dog,9,Female,normal,Winter,No
dog,12,Neutered,normal,Winter,Yes
dog,9,Male,normal,Fall,No
cat,7,Female,normal,Fall,No
dog,6,Male,behavior  moderate,Summer,No
cat,7,Female,under age/weight,Summer,No
cat,8,Spayed,fractious,Winter,No
cat,8,Male,normal,Winter,No
dog,7,Male,normal,Winter,No
other,10,Unknown,ill severe,Winter,No
cat,4,Female,normal,Summer,No
other,12,Unknown,injured  severe,Winter,No
other,7,Unknown,under age/weight,Winter,No
bird,7,Unknown,injured  moderate,Fall,No
cat,7,Female,under age/weight,Fall,No
cat,11,Spayed,normal,Spring,Yes
cat,15,Female,ill mild,Fall,No
cat,8,Female,normal,Winter,No
cat,8,Spayed,normal,Spring,Yes
cat,5,Spayed,normal,Winter,No
cat,5,Male,normal,Fall,No
cat,5,Male,normal,Fall,No
cat,1,Male,under age/weight,Summer,No
dog,4,Female,injured  severe,Winter,No
cat,5,Unknown,ill severe,Summer,No
bird,7,Unknown,under age/weight,Summer,No
bird,7,Unknown,under age/weight,Summer,No
dog,9,Neutered,normal,Summer,Yes
cat,2,Spayed,ill moderatete,Fall,No
dog,6,Male,ill mild,Fall,No
dog,9,Male,normal,Spring,No
cat,2,Neutered,under age/weight,Fall,Yes
cat,2,Female,under age/weight,Spring,Yes
rabbit,7,Female,normal,Fall,No
cat,9,Neutered,normal,Spring,No
dog,12,Spayed,normal,Winter,No
dog,7,Neutered,normal,Fall,Yes
cat,6,Female,ill severe,Spring,No
dog,12,Female,normal,Winter,No
cat,1,Female,under age/weight,Summer,Yes
cat,1,Unknown,under age/weight,Summer,No
cat,12,Neutered,ill mild,Fall,No
dog,3,Neutered,behavior  mild,Summer,Yes
cat,7,Female,under age/weight,Summer,No
cat,7,Female,under age/weight,Summer,No
cat,7,Female,under age/weight,Summer,No
dog,9,Female,normal,Spring,No
cat,2,Spayed,normal,Winter,No
cat,0,Female,under age/weight,Fall,No
cat,0,Neutered,under age/weight,Winter,Yes
cat,9,Female,normal,Summer,No
dog,11,Male,behavior  severe,Summer,No
dog,12,Female,Other,Summer,No
dog,6,Female,normal,Summer,No
dog,5,Female,normal,Summer,No
dog,2,Spayed,normal,Summer,Yes
dog,2,Spayed,normal,Summer,Yes
cat,8,Male,normal,Fall,No
cat,6,Male,under age/weight,Summer,No
dog,16,Female,injured  severe,Winter,No
cat,2,Spayed,under age/weight,Summer,Yes
cat,0,Unknown,under age/weight,Fall,No
cat,6,Unknown,under age/weight,Fall,No
dog,9,Female,normal,Summer,No
dog,13,Spayed,Other,Spring,No
dog,16,Neutered,injured  moderate,Fall,Yes
dog,13,Male,normal,Spring,No
cat,2,Neutered,injured  severe,Fall,Yes
cat,6,Female,under age/weight,Summer,No
cat,6,Unknown,under age/weight,Summer,No
dog,10,Male,normal,Spring,No
cat,7,Unknown,under age/weight,Winter,No
cat,13,Neutered,feral,Winter,No
cat,1,Spayed,under age/weight,Fall,No
rabbit,6,Spayed,normal,Spring,No
rabbit,6,Neutered,normal,Spring,No
cat,2,Spayed,ill severe,Summer,Yes
cat,13,Spayed,normal,Fall,No
dog,10,Male,normal,Spring,No
cat,9,Male,injured  moderate,Winter,No
dog,10,Female,fractious,Fall,No
cat,1,Unknown,under age/weight,Spring,No
cat,0,Male,under age/weight,Spring,No
cat,4,Unknown,under age/weight,Summer,No
bird,2,Unknown,normal,Spring,No
dog,12,Female,normal,Spring,No
dog,7,Female,normal,Spring,No
dog,2,Neutered,normal,Winter,Yes
dog,13,Female,ill severe,Winter,No
cat,0,Female,under age/weight,Summer,No
cat,5,Neutered,injured  mild,Summer,No
cat,0,Neutered,normal,Fall,Yes
cat,2,Male,normal,Summer,Yes
dog,2,Spayed,normal,Fall,No
cat,5,Unknown,injured  severe,Summer,No
dog,2,Male,normal,Fall,No
bird,4,Unknown,injured  moderate,Winter,No
dog,6,Neutered,normal,Spring,Yes
cat,14,Male,ill moderatete,Winter,No
cat,0,Male,under age/weight,Spring,No
cat,0,Female,under age/weight,Spring,No
cat,7,Female,under age/weight,Fall,No
cat,9,Spayed,normal,Fall,No
cat,1,Male,ill mild,Fall,Yes
cat,0,Female,under age/weight,Summer,No
cat,2,Male,normal,Fall,Yes
cat,8,Female,under age/weight,Spring,No
cat,8,Male,under age/weight,Spring,No
dog,10,Neutered,normal,Winter,No
bird,3,Unknown,normal,Fall,No
cat,7,Unknown,under age/weight,Spring,No
cat,2,Female,normal,Summer,No
cat,0,Unknown,under age/weight,Spring,No
dog,16,Neutered,ill moderatete,Fall,No
dog,11,Neutered,ill severe,Spring,No
cat,8,Spayed,normal,Winter,Yes
cat,1,Female,under age/weight,Summer,No
dog,5,Spayed,normal,Summer,Yes
cat,6,Female,under age/weight,Spring,No
cat,5,Male,under age/weight,Summer,No
cat,3,Female,under age/weight,Spring,No
cat,3,Female,under age/weight,Spring,No
cat,3,Female,under age/weight,Spring,No
dog,2,Male,under age/weight,Winter,No
dog,10,Female,ill mild,Summer,No
dog,5,Male,injured  severe,Summer,No
dog,5,Spayed,normal,Summer,Yes
dog,2,Neutered,normal,Winter,Yes
cat,3,Male,under age/weight,Fall,No
cat,3,Female,under age/weight,Fall,No
cat,3,Male,under age/weight,Fall,No
dog,21,Male,normal,Fall,No
dog,5,Male,normal,Winter,No
dog,5,Neutered,normal,Spring,Yes
dog,4,Neutered,normal,Summer,Yes
dog,4,Spayed,normal,Summer,Yes
cat,3,Neutered,ill mild,Winter,No
dog,16,Neutered,ill mild,Fall,No
cat,5,Male,under age/weight,Spring,No
cat,5,Female,under age/weight,Spring,No
dog,6,Neutered,normal,Summer,No
dog,2,Female,normal,Fall,Yes
cat,5,Female,under age/weight,Summer,No
dog,2,Neutered,normal,Summer,Yes
wild,9,Unknown,injured  severe,Fall,No
cat,17,Neutered,Other,Summer,No
dog,3,Neutered,injured  moderate,Fall,No
dog,3,Neutered,injured  moderate,Fall,No
dog,11,Neutered,injured  severe,Spring,Yes
cat,9,Male,normal,Spring,No
dog,1,Neutered,normal,Fall,Yes
dog,4,Male,normal,Winter,No
cat,1,Male,under age/weight,Fall,No
other,7,Unknown,ill severe,Fall,No
dog,16,Spayed,ill moderatete,Spring,Yes
cat,7,Male,under age/weight,Spring,No
dog,18,Neutered,Other,Summer,No
wild,3,Unknown,ill severe,Winter,No
dog,8,Male,normal,Spring,No
dog,3,Neutered,normal,Winter,Yes
cat,9,Neutered,normal,Winter,Yes
cat,0,Spayed,under age/weight,Summer,No
cat,4,Neutered,normal,Spring,Yes
cat,4,Spayed,normal,Spring,Yes
dog,8,Spayed,normal,Winter,No
bird,7,Unknown,injured  moderate,Summer,No
bird,7,Unknown,injured  severe,Fall,No
rabbit,2,Spayed,normal,Spring,Yes
rabbit,2,Neutered,normal,Winter,Yes
dog,8,Male,normal,Winter,No
dog,4,Female,normal,Summer,No
cat,0,Neutered,under age/weight,Fall,Yes
dog,16,Female,normal,Fall,Yes
wild,3,Unknown,injured  severe,Spring,No
dog,14,Neutered,normal,Fall,Yes
bird,9,Unknown,injured  severe,Spring,No
dog,1,Spayed,normal,Summer,No
dog,16,Male,normal,Fall,No
cat,4,Female,ill severe,Fall,No
dog,3,Neutered,normal,Summer,Yes
cat,0,Female,under age/weight,Spring,No
cat,0,Female,under age/weight,Spring,No
dog,19,Male,normal,Fall,No
cat,4,Male,under age/weight,Summer,No
cat,6,Male,under age/weight,Fall,No
cat,6,Female,under age/weight,Fall,No
cat,3,Female,ill moderatete,Fall,No
bird,8,Unknown,injured  mild,Spring,No
dog,4,Male,normal,Fall,No
cat,1,Neutered,ill mild,Winter,No
cat,15,Neutered,injured  mild,Fall,No
cat,2,Spayed,normal,Winter,Yes
bird,8,Unknown,injured  severe,Summer,No
dog,12,Neutered,injured  mild,Winter,Yes
dog,7,Female,normal,Summer,No
cat,3,Neutered,normal,Fall,Yes
cat,3,Neutered,normal,Spring,Yes
cat,6,Spayed,normal,Fall,No
dog,3,Neutered,normal,Fall,No
cat,2,Neutered,under age/weight,Summer,Yes
dog,8,Male,normal,Summer,No
bird,2,Unknown,injured  severe,Summer,No
cat,9,Neutered,injured  severe,Fall,No
dog,4,Male,behavior  moderate,Winter,No
cat,12,Neutered,ill mild,Spring,No
bird,2,Female,normal,Spring,No
bird,2,Unknown,normal,Fall,No
dog,3,Male,normal,Summer,No
dog,1,Neutered,normal,Spring,Yes
cat,0,Neutered,under age/weight,Fall,Yes
dog,2,Neutered,normal,Fall,Yes
dog,1,Female,normal,Winter,No
dog,1,Male,normal,Winter,No
cat,1,Male,under age/weight,Fall,No
dog,3,Male,normal,Winter,Yes
dog,1,Male,normal,Spring,No
cat,5,Neutered,normal,Summer,No
cat,2,Neutered,normal,Summer,No
cat,12,Spayed,normal,Winter,No
dog,10,Neutered,normal,Summer,Yes
cat,9,Spayed,fractious,Summer,No
cat,11,Neutered,normal,Fall,No
dog,15,Neutered,normal,Winter,No
wild,6,Unknown,ill severe,Spring,No
cat,6,Spayed,normal,Summer,No
cat,9,Female,normal,Winter,Yes
cat,6,Spayed,normal,Spring,No
dog,17,Neutered,normal,Spring,No
cat,4,Spayed,under age/weight,Winter,Yes
other,4,Unknown,injured  severe,Fall,No
cat,14,Female,ill severe,Winter,No
dog,6,Female,normal,Fall,No
cat,1,Male,under age/weight,Spring,No
other,7,Unknown,injured  severe,Winter,No
rabbit,5,Unknown,under age/weight,Spring,No
dog,11,Male,normal,Fall,No
cat,7,Male,normal,Summer,No
cat,20,Neutered,normal,Fall,Yes
wild,9,Unknown,ill moderatete,Winter,No
dog,15,Neutered,Other,Fall,No
dog,12,Neutered,normal,Winter,No
cat,7,Unknown,under age/weight,Summer,No
cat,8,Spayed,normal,Summer,No
cat,0,Male,under age/weight,Fall,No
cat,5,Male,under age/weight,Fall,No
dog,1,Neutered,normal,Summer,Yes
dog,1,Spayed,normal,Summer,Yes
dog,6,Spayed,normal,Winter,Yes
dog,3,Female,normal,Winter,No
dog,13,Neutered,injured  moderate,Summer,No
cat,22,Neutered,Other,Spring,No
dog,4,Spayed,normal,Fall,Yes
cat,4,Neutered,normal,Fall,Yes
cat,5,Unknown,fractious,Fall,No
dog,7,Male,normal,Winter,No
cat,6,Spayed,normal,Winter,Yes
dog,5,Female,normal,Fall,No
cat,6,Male,under age/weight,Summer,No
dog,2,Spayed,normal,Fall,No
cat,10,Neutered,fractious,Winter,No
dog,13,Male,normal,Winter,No
dog,6,Female,normal,Summer,No
dog,9,Neutered,normal,Summer,No
dog,4,Female,normal,Spring,No
cat,4,Unknown,under age/weight,Spring,No
wild,4,Unknown,injured  mild,Summer,No
dog,9,Spayed,normal,Summer,No
cat,5,Spayed,under age/weight,Summer,Yes
wild,4,Male,ill severe,Winter,No
other,7,Unknown,normal,Spring,No
cat,6,Female,normal,Winter,No
cat,1,Male,normal,Summer,No
cat,6,Male,under age/weight,Spring,No
cat,6,Female,under age/weight,Spring,No
cat,7,Spayed,normal,Winter,No
cat,6,Neutered,normal,Summer,Yes
cat,8,Spayed,normal,Summer,No
dog,3,Spayed,normal,Summer,Yes
cat,5,Male,under age/weight,Spring,No
cat,5,Male,under age/weight,Spring,No
dog,7,Male,normal,Spring,No
dog,6,Female,normal,Spring,No
cat,0,Neutered,ill moderatete,Summer,Yes
cat,0,Neutered,under age/weight,Summer,Yes
dog,9,Female,normal,Summer,Yes
dog,3,Neutered,normal,Fall,No
cat,7,Male,under age/weight,Fall,No
cat,0,Spayed,normal,Winter,Yes
cat,0,Neutered,normal,Winter,Yes
cat,0,Neutered,normal,Winter,Yes
dog,5,Male,normal,Summer,No
cat,6,Female,normal,Summer,No
dog,11,Female,normal,Winter,No
dog,5,Neutered,normal,Spring,Yes
cat,2,Spayed,normal,Summer,No
cat,0,Female,under age/weight,Summer,No
cat,3,Male,injured  severe,Spring,No
cat,7,Neutered,feral,Summer,No
wild,7,Unknown,under age/weight,Spring,No
dog,12,Spayed,normal,Winter,No
dog,1,Spayed,normal,Summer,Yes
rabbit,10,Female,normal,Winter,No
cat,8,Male,normal,Fall,No
other,6,Unknown,under age/weight,Spring,No
dog,3,Spayed,normal,Fall,No
dog,1,Neutered,normal,Summer,Yes
cat,8,Neutered,injured  moderate,Summer,No
dog,10,Spayed,normal,Winter,No
cat,7,Female,normal,Summer,Yes
dog,14,Male,normal,Winter,No
cat,5,Female,normal,Summer,No
cat,4,Male,normal,Fall,No
cat,9,Neutered,normal,Spring,No
cat,0,Male,ill moderatete,Summer,No
dog,1,Spayed,under age/weight,Summer,Yes
dog,8,Female,normal,Summer,No
cat,6,Male,normal,Spring,Yes
cat,6,Female,normal,Spring,No
dog,9,Neutered,injured  severe,Summer,No
dog,8,Female,under age/weight,Spring,No
dog,9,Female,normal,Winter,No
cat,7,Neutered,ill severe,Summer,Yes
dog,10,Male,normal,Summer,No
cat,7,Female,under age/weight,Spring,No
cat,6,Spayed,normal,Winter,No
cat,2,Spayed,under age/weight,Fall,Yes
cat,7,Neutered,feral,Summer,Yes
dog,5,Neutered,normal,Summer,No
cat,9,Female,normal,Spring,No
cat,0,Unknown,under age/weight,Summer,No
cat,2,Neutered,ill mild,Fall,Yes
cat,2,Spayed,ill mild,Fall,Yes
rabbit,1,Neutered,normal,Summer,No
cat,1,Unknown,under age/weight,Summer,No
cat,1,Neutered,normal,Winter,Yes
dog,2,Neutered,normal,Summer,No
cat,8,Male,ill severe,Spring,No
cat,0,Neutered,ill moderatete,Fall,Yes
cat,0,Spayed,i/i report,Winter,Yes
dog,4,Spayed,normal,Summer,Yes
cat,4,Spayed,normal,Spring,No
dog,11,Female,injured  severe,Fall,No
cat,2,Female,injured  severe,Summer,No
dog,12,Spayed,normal,Winter,Yes
cat,5,Male,under age/weight,Fall,No
cat,9,Spayed,normal,Spring,No
dog,6,Female,normal,Spring,No
cat,6,Neutered,normal,Fall,No
cat,7,Female,under age/weight,Summer,No
cat,7,Female,under age/weight,Summer,No
cat,7,Male,under age/weight,Summer,No
cat,12,Female,normal,Fall,No
cat,2,Neutered,injured  mild,Winter,No
dog,0,Male,under age/weight,Summer,No
dog,0,Male,under age/weight,Summer,No
cat,4,Spayed,fractious,Fall,No
dog,3,Neutered,normal,Spring,Yes
dog,9,Male,normal,Winter,No
rabbit,5,Spayed,normal,Winter,No
cat,10,Neutered,injured  moderate,Spring,No
cat,1,Male,under age/weight,Spring,No
dog,5,Male,normal,Winter,No
dog,7,Male,normal,Summer,No
dog,8,Neutered,normal,Summer,No
cat,6,Spayed,under age/weight,Fall,Yes
dog,7,Neutered,normal,Spring,No
cat,6,Male,normal,Summer,No
dog,9,Neutered,normal,Summer,Yes
cat,1,Female,injured  moderate,Spring,No
cat,9,Male,injured  severe,Winter,No
cat,2,Neutered,normal,Summer,Yes
cat,2,Male,normal,Summer,Yes
cat,2,Spayed,normal,Summer,Yes
dog,11,Spayed,normal,Fall,Yes
cat,0,Neutered,under age/weight,Summer,Yes
cat,0,Neutered,under age/weight,Summer,Yes
cat,0,Spayed,under age/weight,Fall,Yes
cat,8,Male,normal,Fall,No
cat,6,Male,normal,Fall,No
cat,18,Spayed,ill mild,Fall,Yes
cat,7,Male,normal,Summer,No
dog,7,Female,normal,Summer,No
cat,9,Female,normal,Summer,No
cat,10,Spayed,normal,Fall,No
cat,4,Female,injured  moderate,Spring,No
dog,6,Female,normal,Winter,No
cat,9,Spayed,feral,Fall,No
cat,8,Female,normal,Spring,No
cat,8,Male,normal,Spring,No
cat,9,Female,normal,Spring,No
cat,5,Neutered,injured  moderate,Winter,Yes
cat,0,Spayed,ill mild,Winter,Yes
dog,15,Female,ill mild,Winter,No
cat,2,Neutered,ill moderatete,Spring,Yes
cat,3,Spayed,normal,Winter,Yes
cat,5,Female,normal,Winter,No
cat,3,Male,normal,Fall,No
cat,2,Male,under age/weight,Spring,No
cat,3,Neutered,ill mild,Spring,No
dog,4,Neutered,injured  mild,Spring,Yes
dog,4,Spayed,injured  mild,Spring,Yes
cat,1,Spayed,ill mild,Winter,Yes
cat,0,Spayed,under age/weight,Fall,Yes
cat,0,Neutered,normal,Summer,Yes
dog,7,Spayed,normal,Summer,Yes
dog,11,Male,normal,Fall,No
cat,11,Female,normal,Winter,No
dog,10,Female,normal,Summer,Yes
dog,12,Neutered,normal,Winter,No
cat,6,Male,normal,Summer,No
cat,6,Male,normal,Summer,No
cat,7,Female,under age/weight,Spring,No
dog,3,Neutered,behavior  moderate,Spring,Yes
cat,7,Spayed,normal,Fall,No
cat,23,Neutered,fractious,Summer,No
dog,7,Female,ill severe,Spring,No
cat,11,Female,normal,Spring,No
cat,5,Spayed,normal,Winter,No
cat,19,Female,normal,Summer,Yes
bird,3,Unknown,injured  severe,Summer,No
dog,7,Female,normal,Winter,Yes
cat,21,Neutered,ill mild,Spring,No
cat,11,Female,normal,Fall,Yes
dog,8,Neutered,normal,Summer,No
dog,15,Male,normal,Fall,No
Other,12,Female,normal,Spring,No
cat,5,Neutered,normal,Winter,Yes
cat,12,Male,ill severe,Fall,No
dog,9,Male,normal,Winter,No
dog,1,Spayed,normal,Summer,Yes
cat,6,Neutered,normal,Winter,Yes
cat,7,Female,under age/weight,Spring,No
cat,9,Spayed,normal,Spring,No
cat,7,Male,under age/weight,Spring,No
cat,8,Neutered,normal,Summer,No
cat,5,Male,under age/weight,Spring,No
cat,7,Female,normal,Spring,No
cat,2,Spayed,normal,Winter,Yes
cat,1,Neutered,normal,Spring,Yes
cat,1,Female,normal,Spring,No
cat,1,Neutered,under age/weight,Summer,Yes
cat,1,Neutered,under age/weight,Fall,Yes
cat,4,Female,under age/weight,Fall,No
cat,13,Male,injured  severe,Winter,No
cat,4,Spayed,under age/weight,Spring,Yes
cat,4,Male,under age/weight,Spring,Yes
dog,2,Male,normal,Spring,Yes
dog,21,Spayed,normal,Summer,No
cat,8,Spayed,normal,Spring,No
bird,1,Unknown,injured  severe,Spring,No
cat,4,Male,under age/weight,Fall,No
cat,4,Neutered,under age/weight,Summer,Yes
cat,4,Spayed,under age/weight,Summer,Yes
cat,4,Female,under age/weight,Fall,No
cat,4,Male,under age/weight,Fall,No
cat,4,Spayed,normal,Summer,Yes
cat,4,Male,under age/weight,Spring,No
cat,4,Neutered,normal,Summer,Yes
bird,5,Unknown,injured  severe,Spring,No
cat,1,Neutered,under age/weight,Fall,No
cat,1,Unknown,under age/weight,Summer,No
cat,11,Male,injured  severe,Summer,No
dog,14,Male,Other,Spring,No
dog,14,Neutered,normal,Summer,Yes
cat,4,Female,normal,Spring,No
cat,4,Spayed,under age/weight,Spring,Yes
dog,9,Neutered,normal,Spring,Yes
dog,9,Female,normal,Summer,No
dog,7,Female,normal,Summer,Yes
dog,10,Male,normal,Winter,No
cat,7,Male,under age/weight,Spring,No
other,7,Unknown,injured  severe,Spring,No
cat,3,Spayed,normal,Winter,Yes
cat,2,Unknown,normal,Winter,No
cat,6,Neutered,ill severe,Winter,No
other,3,Unknown,injured  mild,Fall,No
cat,2,Female,normal,Summer,Yes
dog,4,Male,normal,Fall,No
cat,2,Male,under age/weight,Spring,Yes
dog,2,Neutered,injured  mild,Summer,Yes
cat,14,Female,ill moderatete,Winter,No
dog,3,Neutered,normal,Spring,Yes
dog,2,Neutered,normal,Fall,No
rabbit,3,Neutered,normal,Fall,No
dog,2,Neutered,injured  mild,Spring,Yes
dog,4,Male,normal,Winter,No
dog,13,Female,injured  mild,Summer,No
cat,1,Unknown,ill severe,Summer,No
cat,3,Neutered,under age/weight,Fall,Yes
dog,4,Neutered,normal,Fall,Yes
bird,1,Unknown,injured  moderate,Fall,No
cat,13,Neutered,normal,Spring,No
cat,4,Spayed,normal,Fall,Yes
cat,2,Unknown,under age/weight,Fall,No
dog,10,Spayed,normal,Winter,Yes
cat,4,Male,under age/weight,Spring,No
cat,1,Spayed,normal,Winter,Yes
cat,6,Female,normal,Summer,No
cat,6,Male,under age/weight,Summer,No
dog,14,Spayed,normal,Summer,No
cat,6,Unknown,under age/weight,Spring,No
dog,8,Male,normal,Spring,No
cat,6,Male,under age/weight,Summer,No
cat,7,Male,fractious,Spring,No
dog,11,Male,normal,Winter,No
cat,7,Unknown,under age/weight,Fall,No
cat,0,Spayed,normal,Fall,Yes
cat,0,Neutered,normal,Fall,Yes
cat,2,Female,normal,Winter,No
cat,1,Neutered,i/i report,Winter,Yes
dog,7,Male,normal,Fall,No
dog,3,Neutered,normal,Fall,No
dog,3,Male,normal,Fall,No
dog,4,Female,normal,Fall,No
dog,8,Male,normal,Fall,No
cat,2,Female,under age/weight,Winter,No
dog,4,Spayed,i/i report,Summer,Yes
cat,4,Male,ill mild,Summer,No
cat,7,Spayed,fractious,Winter,No
cat,7,Neutered,feral,Winter,No
cat,8,Neutered,ill moderatete,Spring,No
cat,6,Neutered,normal,Spring,No
cat,6,Male,normal,Spring,No
cat,0,Male,under age/weight,Fall,No
dog,19,Spayed,normal,Summer,No
cat,1,Male,under age/weight,Summer,No
cat,10,Female,ill severe,Spring,No
cat,0,Neutered,under age/weight,Spring,No
cat,0,Spayed,under age/weight,Spring,No
dog,14,Spayed,normal,Fall,No
cat,0,Unknown,under age/weight,Winter,No
cat,0,Unknown,under age/weight,Winter,No
cat,4,Male,normal,Summer,No
cat,2,Neutered,under age/weight,Fall,Yes
cat,3,Neutered,ill moderatete,Winter,No
cat,2,Male,under age/weight,Winter,No
dog,11,Male,injured  severe,Fall,No
cat,1,Neutered,under age/weight,Spring,No
cat,1,Female,under age/weight,Spring,No
cat,2,Neutered,normal,Spring,Yes
cat,4,Spayed,normal,Spring,Yes
cat,5,Neutered,normal,Spring,Yes
cat,0,Neutered,under age/weight,Fall,Yes
cat,6,Male,under age/weight,Summer,No
cat,10,Neutered,fractious,Summer,No
cat,0,Male,under age/weight,Fall,No
bird,1,Unknown,injured  severe,Summer,No
Other,3,Male,ill moderatete,Winter,No
cat,1,Spayed,ill mild,Spring,No
cat,7,Neutered,ill moderatete,Summer,No
cat,1,Male,ill mild,Summer,No
cat,5,Female,under age/weight,Winter,No
cat,5,Male,under age/weight,Winter,No
cat,7,Unknown,under age/weight,Summer,No
dog,1,Neutered,normal,Fall,No
bird,1,Unknown,injured  severe,Spring,No
dog,7,Female,normal,Winter,No
cat,5,Unknown,under age/weight,Fall,Yes
cat,6,Unknown,under age/weight,Summer,No
other,5,Unknown,injured  severe,Spring,No
other,5,Unknown,injured  severe,Spring,No
other,5,Unknown,injured  severe,Spring,No
cat,10,Spayed,normal,Summer,No
cat,4,Male,normal,Fall,No
cat,0,Male,under age/weight,Spring,No
cat,12,Female,normal,Summer,Yes
cat,1,Spayed,under age/weight,Fall,Yes
dog,3,Female,normal,Winter,No
dog,10,Male,normal,Winter,No
wild,5,Female,injured  severe,Fall,No
cat,2,Spayed,under age/weight,Fall,Yes
Other,3,Male,normal,Spring,No
dog,3,Male,normal,Spring,No
cat,7,Male,normal,Winter,No
dog,5,Female,injured  severe,Fall,No
cat,6,Male,normal,Summer,No
cat,6,Female,normal,Fall,No
cat,7,Male,under age/weight,Spring,No
cat,6,Male,under age/weight,Spring,No
cat,8,Unknown,ill severe,Summer,No
dog,2,Male,normal,Fall,No
cat,2,Spayed,normal,Spring,Yes
dog,5,Female,injured  mild,Winter,No
cat,0,Male,under age/weight,Spring,No
cat,9,Female,normal,Spring,No
cat,2,Female,normal,Summer,No
cat,2,Unknown,ill mild,Fall,No
cat,2,Unknown,ill mild,Fall,No
cat,2,Unknown,ill mild,Fall,No
cat,4,Neutered,normal,Fall,No
cat,1,Neutered,under age/weight,Winter,Yes
dog,2,Male,normal,Fall,No
dog,1,Neutered,normal,Fall,No
dog,1,Male,normal,Summer,Yes
cat,1,Male,under age/weight,Summer,No
cat,1,Female,under age/weight,Summer,No
dog,1,Spayed,normal,Fall,Yes
cat,6,Male,ill mild,Summer,Yes
cat,5,Spayed,ill mild,Winter,Yes
Other,11,Female,normal,Winter,No
dog,1,Female,normal,Winter,No
dog,1,Female,normal,Winter,No
cat,4,Male,ill moderatete,Summer,No
cat,2,Spayed,normal,Fall,Yes
cat,2,Male,normal,Fall,No
bird,1,Unknown,under age/weight,Summer,No
dog,12,Neutered,normal,Summer,Yes
bird,9,Unknown,ill severe,Spring,No
dog,10,Female,normal,Spring,No
cat,6,Neutered,ill moderatete,Fall,No
bird,8,Unknown,injured  moderate,Spring,No
dog,25,Male,injured  severe,Winter,No
dog,3,Female,injured  mild,Spring,No
cat,13,Spayed,normal,Winter,Yes
cat,11,Spayed,normal,Fall,No
dog,8,Female,normal,Summer,No
dog,13,Male,normal,Winter,No
cat,7,Unknown,under age/weight,Summer,No
dog,9,Female,normal,Spring,No
dog,2,Neutered,normal,Fall,Yes
cat,2,Male,under age/weight,Spring,Yes
dog,11,Spayed,normal,Fall,Yes
dog,14,Neutered,normal,Fall,No
cat,6,Unknown,under age/weight,Spring,No
cat,2,Neutered,normal,Summer,No
cat,4,Spayed,normal,Spring,Yes
dog,12,Male,injured  severe,Winter,No
dog,16,Spayed,normal,Fall,No
dog,10,Male,normal,Summer,No
cat,5,Unknown,under age/weight,Summer,No
cat,5,Unknown,under age/weight,Summer,No
dog,8,Female,normal,Winter,No
dog,1,Female,injured  moderate,Summer,No
dog,4,Female,normal,Winter,No
cat,5,Male,under age/weight,Summer,No
cat,7,Spayed,fractious,Spring,No
cat,5,Unknown,ill severe,Fall,No
dog,6,Male,normal,Spring,No
dog,9,Male,normal,Summer,No
dog,7,Male,under age/weight,Summer,No
dog,8,Female,normal,Fall,No
cat,6,Unknown,under age/weight,Summer,No
bird,6,Unknown,under age/weight,Spring,No
cat,5,Neutered,under age/weight,Summer,Yes
cat,5,Neutered,under age/weight,Summer,Yes
other,1,Unknown,ill severe,Summer,No
other,1,Unknown,under age/weight,Spring,No
cat,1,Unknown,under age/weight,Summer,No
dog,7,Female,normal,Winter,No
dog,9,Male,normal,Fall,No
dog,1,Neutered,behavior  mild,Summer,Yes
dog,1,Female,injured  severe,Winter,No
cat,8,Neutered,fractious,Winter,No
cat,7,Female,under age/weight,Summer,No
cat,1,Female,ill moderatete,Fall,No
dog,17,Spayed,Other,Fall,No
bird,5,Unknown,under age/weight,Spring,No
dog,4,Spayed,under age/weight,Fall,Yes
cat,7,Neutered,normal,Winter,Yes
bird,5,Unknown,under age/weight,Spring,No
cat,9,Spayed,normal,Fall,Yes
cat,7,Male,normal,Summer,No
cat,8,Spayed,feral,Summer,No
cat,2,Spayed,normal,Fall,Yes
cat,6,Female,under age/weight,Fall,No
cat,6,Female,under age/weight,Fall,No
cat,0,Female,under age/weight,Spring,No
cat,0,Unknown,injured  severe,Summer,No
cat,8,Unknown,under age/weight,Spring,No
cat,7,Spayed,fractious,Spring,No
cat,7,Unknown,fractious,Summer,No
cat,6,Spayed,normal,Fall,Yes
dog,9,Spayed,normal,Spring,Yes
cat,0,Female,under age/weight,Spring,No
cat,7,Male,under age/weight,Fall,No
cat,7,Female,normal,Fall,No
cat,4,Female,under age/weight,Fall,No
cat,6,Female,normal,Fall,No
cat,6,Spayed,fractious,Fall,No
dog,8,Male,normal,Winter,No
cat,6,Neutered,normal,Fall,Yes
dog,9,Female,normal,Fall,No
cat,2,Spayed,under age/weight,Spring,Yes
cat,3,Spayed,normal,Spring,Yes
cat,1,Male,under age/weight,Summer,No
dog,1,Neutered,normal,Spring,No
cat,4,Male,under age/weight,Fall,No
cat,2,Unknown,under age/weight,Summer,No
cat,3,Neutered,ill mild,Winter,Yes
dog,0,Male,i/i report,Winter,No
cat,6,Female,under age/weight,Summer,No
cat,1,Unknown,under age/weight,Fall,No
cat,2,Neutered,ill mild,Summer,Yes
dog,10,Neutered,normal,Spring,No
cat,12,Female,injured  moderate,Winter,No
dog,11,Spayed,normal,Summer,No
dog,5,Neutered,normal,Summer,Yes
bird,6,Unknown,injured  moderate,Summer,No
dog,4,Female,behavior  severe,Winter,No
dog,2,Male,normal,Winter,No
dog,10,Spayed,injured  mild,Winter,No
cat,3,Neutered,ill moderatete,Spring,No
cat,4,Female,under age/weight,Summer,No
cat,6,Male,under age/weight,Fall,No
dog,2,Male,injured  severe,Summer,No
dog,11,Male,normal,Summer,No
dog,10,Male,Other,Summer,Yes
cat,1,Female,under age/weight,Summer,No
dog,8,Spayed,normal,Fall,No
cat,2,Male,injured  moderate,Spring,No
bird,8,Unknown,injured  severe,Winter,No
wild,4,Unknown,injured  severe,Fall,No
dog,4,Neutered,ill mild,Spring,Yes
bird,3,Unknown,ill severe,Fall,No
Other,1,Unknown,normal,Summer,No
cat,4,Neutered,ill severe,Summer,Yes
dog,2,Male,normal,Summer,No
cat,6,Neutered,ill mild,Fall,No
cat,5,Male,normal,Winter,No
cat,16,Male,ill moderatete,Spring,Yes
dog,2,Spayed,i/i report,Winter,No
dog,10,Spayed,normal,Fall,No
cat,6,Male,under age/weight,Spring,No
cat,12,Female,injured  severe,Fall,No
cat,0,Neutered,under age/weight,Fall,Yes
dog,1,Male,under age/weight,Winter,No
dog,1,Female,under age/weight,Winter,No
dog,1,Male,under age/weight,Winter,No
cat,2,Spayed,ill severe,Summer,No
cat,12,Neutered,ill severe,Winter,No
other,6,Unknown,injured  severe,Winter,No
dog,5,Spayed,normal,Winter,Yes
cat,5,Spayed,ill moderatete,Winter,No
dog,7,Neutered,normal,Winter,Yes
dog,3,Male,normal,Spring,No
dog,5,Male,Other,Winter,No
dog,15,Neutered,normal,Summer,No
dog,6,Spayed,normal,Summer,No
dog,1,Neutered,normal,Spring,Yes
cat,1,Unknown,under age/weight,Summer,No
cat,1,Unknown,under age/weight,Summer,No
cat,1,Male,normal,Fall,Yes
cat,1,Male,normal,Fall,Yes
dog,6,Neutered,normal,Summer,No
cat,7,Spayed,normal,Fall,Yes
cat,4,Male,under age/weight,Summer,No
cat,6,Female,normal,Winter,No
other,7,Unknown,injured  mild,Spring,No
Other,5,Male,normal,Summer,No
cat,9,Unknown,injured  severe,Winter,No
cat,0,Neutered,under age/weight,Fall,Yes
dog,5,Female,normal,Winter,No
cat,3,Neutered,normal,Fall,Yes
dog,6,Spayed,normal,Fall,Yes
dog,4,Neutered,normal,Fall,Yes
cat,7,Spayed,fractious,Winter,No
cat,6,Unknown,under age/weight,Spring,No
cat,6,Unknown,under age/weight,Spring,No
dog,10,Female,ill mild,Summer,No
cat,1,Female,injured  severe,Fall,No
cat,1,Male,normal,Winter,No
dog,2,Neutered,injured  mild,Fall,No
cat,0,Male,under age/weight,Fall,No
cat,16,Neutered,normal,Spring,Yes
cat,7,Female,under age/weight,Spring,No
cat,7,Female,under age/weight,Spring,No
cat,7,Spayed,normal,Spring,Yes
dog,7,Female,normal,Fall,No
cat,7,Unknown,under age/weight,Fall,No
cat,7,Unknown,under age/weight,Fall,No
dog,12,Male,normal,Fall,No
cat,7,Unknown,under age/weight,Fall,No
dog,13,Male,normal,Fall,No
cat,8,Male,behavior  moderate,Winter,No
cat,6,Neutered,fractious,Fall,No
cat,1,Spayed,normal,Winter,No
other,3,Unknown,under age/weight,Spring,No
dog,4,Unknown,injured  severe,Spring,No
dog,8,Male,normal,Winter,No
cat,3,Female,under age/weight,Spring,No
cat,4,Female,normal,Spring,No
cat,9,Neutered,normal,Fall,No
cat,9,Female,normal,Fall,No
dog,10,Female,normal,Spring,Yes
dog,12,Female,normal,Fall,No
cat,5,Neutered,under age/weight,Winter,Yes
bird,7,Male,injured  mild,Fall,No
dog,12,Neutered,Other,Fall,No
dog,12,Spayed,normal,Winter,No
dog,10,Male,normal,Winter,No
dog,9,Female,normal,Spring,No
dog,17,Neutered,normal,Winter,No
other,5,Unknown,normal,Summer,No
cat,2,Unknown,ill severe,Fall,No
wild,3,Unknown,injured  severe,Fall,No
bird,4,Unknown,injured  mild,Fall,No
dog,6,Spayed,normal,Fall,Yes
cat,9,Neutered,fractious,Summer,No
dog,14,Female,injured  mild,Winter,No
cat,1,Neutered,under age/weight,Spring,Yes
dog,1,Male,injured  severe,Fall,No
dog,11,Female,injured  mild,Winter,No
Other,11,Female,normal,Spring,No
cat,4,Unknown,under age/weight,Spring,No
cat,10,Spayed,normal,Fall,No
cat,6,Unknown,normal,Spring,No
cat,6,Unknown,normal,Spring,No
dog,15,Neutered,normal,Winter,Yes
dog,12,Male,normal,Summer,No
dog,5,Male,normal,Winter,No
other,3,Unknown,under age/weight,Spring,No
cat,0,Male,under age/weight,Fall,No
cat,0,Female,under age/weight,Fall,No
other,1,Unknown,ill severe,Spring,No
dog,19,Neutered,normal,Winter,No
dog,9,Male,normal,Summer,No
dog,11,Spayed,normal,Winter,No
cat,4,Male,under age/weight,Summer,Yes
cat,4,Male,under age/weight,Summer,No
cat,6,Unknown,under age/weight,Fall,No
dog,3,Female,normal,Spring,Yes
wild,5,Unknown,injured  severe,Summer,No
cat,15,Neutered,feral,Spring,No
cat,0,Spayed,under age/weight,Fall,Yes
dog,4,Female,normal,Winter,No
cat,2,Spayed,under age/weight,Fall,Yes
dog,10,Neutered,normal,Spring,No
cat,1,Neutered,ill mild,Summer,Yes
cat,7,Male,under age/weight,Fall,No
cat,2,Neutered,normal,Winter,Yes
cat,10,Spayed,normal,Summer,No
dog,14,Male,Other,Summer,No
cat,0,Female,under age/weight,Spring,No
cat,0,Female,under age/weight,Spring,No
cat,0,Male,under age/weight,Spring,No
dog,13,Female,normal,Spring,No
cat,3,Spayed,under age/weight,Winter,Yes
cat,4,Spayed,injured  mild,Summer,Yes
cat,4,Spayed,ill severe,Summer,No
dog,3,Neutered,normal,Fall,Yes
cat,11,Spayed,fractious,Spring,No
dog,10,Female,injured  moderate,Spring,No
dog,7,Male,normal,Fall,No
dog,1,Male,normal,Spring,No
cat,7,Male,injured  moderate,Spring,No
dog,7,Female,normal,Winter,No
dog,8,Female,injured  moderate,Summer,No
cat,9,Female,ill mild,Winter,No
cat,4,Spayed,normal,Winter,No
cat,4,Spayed,normal,Winter,No
cat,4,Male,ill severe,Fall,No
cat,2,Spayed,ill mild,Winter,No
dog,10,Male,behavior  moderate,Spring,No
dog,16,Male,normal,Winter,No
dog,7,Spayed,behavior  moderate,Spring,No
cat,1,Male,under age/weight,Winter,No
cat,1,Spayed,ill mild,Summer,Yes
wild,3,Unknown,ill severe,Spring,No
cat,11,Female,normal,Spring,No
wild,3,Unknown,injured  moderate,Summer,No
cat,2,Unknown,ill severe,Fall,No
cat,2,Unknown,under age/weight,Fall,No
cat,2,Male,under age/weight,Fall,No
cat,1,Neutered,under age/weight,Summer,Yes
Other,5,Female,normal,Fall,No
cat,5,Neutered,ill severe,Fall,No
dog,8,Female,normal,Summer,Yes
cat,12,Male,normal,Winter,No
dog,10,Neutered,normal,Winter,No
cat,0,Neutered,under age/weight,Summer,Yes
cat,0,Spayed,normal,Fall,No
cat,0,Female,under age/weight,Summer,No
cat,4,Female,under age/weight,Summer,No
cat,5,Female,fractious,Fall,No
bird,0,Unknown,injured  moderate,Spring,No
dog,13,Neutered,Other,Fall,No
dog,9,Neutered,behavior  mild,Fall,Yes
cat,8,Neutered,normal,Summer,Yes
cat,0,Spayed,under age/weight,Fall,Yes
dog,2,Neutered,normal,Winter,Yes
cat,1,Female,under age/weight,Spring,No
cat,1,Spayed,under age/weight,Spring,No
cat,1,Spayed,under age/weight,Spring,No
cat,1,Spayed,normal,Spring,No
cat,1,Neutered,under age/weight,Spring,No
cat,1,Spayed,under age/weight,Summer,Yes
cat,1,Neutered,under age/weight,Summer,Yes
cat,0,Male,under age/weight,Summer,No
dog,2,Neutered,normal,Summer,Yes
cat,1,Spayed,under age/weight,Winter,Yes
dog,7,Male,injured  mild,Fall,No
cat,1,Spayed,ill mild,Fall,No
bird,4,Unknown,injured  severe,Fall,No
cat,3,Male,under age/weight,Fall,No
cat,3,Male,injured  severe,Summer,No
dog,18,Spayed,normal,Fall,No
dog,10,Male,normal,Winter,No
dog,16,Spayed,normal,Summer,No
cat,5,Male,normal,Fall,No
dog,8,Neutered,ill mild,Fall,Yes
cat,4,Unknown,under age/weight,Fall,No
dog,15,Spayed,behavior  moderate,Spring,No
dog,5,Neutered,ill mild,Fall,Yes
dog,11,Female,normal,Winter,No
dog,12,Female,normal,Spring,No
dog,1,Male,normal,Summer,No
dog,3,Male,normal,Summer,No
dog,3,Female,normal,Summer,No
cat,10,Spayed,normal,Summer,Yes
cat,7,Female,normal,Summer,No
dog,16,Female,normal,Spring,No
cat,0,Male,ill severe,Summer,No
cat,8,Neutered,feral,Spring,No
dog,5,Spayed,injured  mild,Spring,Yes
dog,15,Female,normal,Summer,No
cat,0,Unknown,under age/weight,Spring,No
cat,0,Unknown,under age/weight,Spring,No
dog,4,Neutered,ill mild,Summer,Yes
cat,7,Female,under age/weight,Summer,No
cat,7,Unknown,under age/weight,Summer,No
dog,13,Spayed,normal,Winter,Yes
cat,0,Male,under age/weight,Fall,No
cat,3,Unknown,under age/weight,Spring,No
dog,10,Male,injured  severe,Winter,No
cat,6,Female,normal,Spring,No
dog,11,Female,normal,Fall,No
cat,2,Male,under age/weight,Spring,No
cat,2,Male,under age/weight,Spring,No
cat,8,Spayed,feral,Summer,No
dog,2,Spayed,normal,Fall,Yes
cat,4,Unknown,under age/weight,Spring,No
bird,8,Unknown,under age/weight,Summer,No
dog,7,Spayed,normal,Winter,Yes
cat,0,Unknown,ill moderatete,Fall,No
cat,5,Female,under age/weight,Summer,No
dog,7,Neutered,injured  mild,Summer,Yes
dog,19,Neutered,injured  mild,Summer,No
cat,1,Female,under age/weight,Summer,No
dog,3,Neutered,normal,Fall,Yes
cat,2,Female,injured  severe,Summer,No
other,3,Unknown,normal,Fall,No
other,3,Unknown,normal,Fall,No
other,3,Unknown,normal,Fall,No
other,3,Unknown,normal,Fall,No
other,3,Unknown,normal,Fall,No
cat,12,Spayed,injured  mild,Fall,No
wild,2,Female,injured  severe,Winter,No
dog,12,Male,normal,Winter,No
dog,11,Neutered,normal,Spring,No
wild,4,Unknown,under age/weight,Summer,No
bird,7,Female,injured  mild,Spring,No
bird,7,Female,injured  mild,Spring,No
dog,4,Neutered,normal,Winter,Yes
dog,1,Female,normal,Spring,No
cat,0,Male,under age/weight,Winter,No
cat,14,Neutered,ill mild,Fall,No
cat,9,Unknown,injured  severe,Fall,No
dog,8,Male,normal,Spring,No
dog,3,Neutered,normal,Spring,Yes
dog,6,Neutered,injured  mild,Summer,Yes
cat,8,Male,injured  severe,Spring,No
other,2,Unknown,under age/weight,Summer,No
other,1,Unknown,injured  severe,Fall,No
cat,3,Unknown,injured  moderate,Winter,No
cat,8,Male,ill severe,Summer,No
dog,3,Female,normal,Spring,No
rabbit,5,Spayed,normal,Fall,No
dog,3,Female,normal,Fall,No
Other,4,Female,normal,Summer,No
bird,17,Male,normal,Summer,No
dog,7,Spayed,normal,Summer,Yes
bird,1,Unknown,injured  mild,Fall,No
dog,6,Neutered,normal,Spring,Yes
dog,1,Neutered,normal,Summer,Yes
dog,3,Neutered,normal,Summer,Yes
cat,1,Spayed,normal,Winter,Yes
dog,1,Female,under age/weight,Fall,No
cat,1,Male,ill mild,Winter,Yes
cat,2,Female,ill mild,Winter,No
dog,2,Neutered,normal,Summer,Yes
dog,7,Unknown,normal,Summer,No
cat,7,Female,under age/weight,Summer,No
cat,7,Female,under age/weight,Summer,No
cat,7,Male,under age/weight,Summer,No
cat,2,Unknown,injured  severe,Fall,No
cat,10,Spayed,normal,Spring,No
cat,6,Neutered,fractious,Summer,No
cat,7,Male,ill mild,Winter,No
bird,4,Unknown,injured  moderate,Summer,No
dog,10,Male,normal,Summer,Yes
bird,9,Unknown,injured  moderate,Spring,No
cat,10,Spayed,normal,Winter,No
dog,16,Male,Other,Spring,No
dog,7,Neutered,normal,Winter,No
cat,5,Spayed,normal,Spring,No
cat,6,Female,normal,Winter,Yes
rabbit,5,Spayed,normal,Fall,No
cat,11,Female,ill severe,Summer,No
other,4,Female,injured  severe,Spring,No
other,2,Unknown,under age/weight,Spring,No
other,2,Unknown,under age/weight,Spring,No
dog,4,Male,ill moderatete,Fall,No
dog,5,Neutered,Other,Spring,Yes
wild,1,Male,injured  severe,Fall,No
cat,2,Spayed,normal,Fall,Yes
dog,11,Female,i/i report,Summer,No
cat,10,Male,ill moderatete,Spring,No
dog,2,Male,normal,Summer,No
dog,10,Spayed,normal,Summer,No
cat,6,Spayed,normal,Winter,No
cat,1,Male,under age/weight,Fall,No
dog,4,Spayed,normal,Summer,Yes
dog,7,Female,i/i report,Spring,No
cat,0,Neutered,under age/weight,Summer,Yes
cat,18,Spayed,normal,Winter,Yes
cat,1,Spayed,normal,Spring,Yes
other,7,Male,injured  severe,Winter,No
cat,2,Spayed,injured  severe,Summer,Yes
cat,13,Male,injured  severe,Fall,No
cat,2,Male,under age/weight,Fall,Yes
cat,0,Female,under age/weight,Fall,No
cat,0,Male,under age/weight,Fall,No
dog,10,Male,ill moderatete,Summer,No
cat,1,Neutered,ill moderatete,Fall,Yes
dog,11,Neutered,normal,Summer,No
cat,7,Male,injured  severe,Spring,No
cat,1,Male,under age/weight,Winter,No
cat,1,Neutered,under age/weight,Winter,Yes
cat,2,Unknown,under age/weight,Spring,No
cat,5,Spayed,normal,Fall,Yes
cat,2,Neutered,under age/weight,Spring,Yes
cat,2,Spayed,under age/weight,Spring,Yes
cat,4,Spayed,normal,Fall,Yes
dog,12,Male,normal,Summer,No
cat,7,Neutered,fractious,Summer,No
cat,6,Female,under age/weight,Summer,No
cat,8,Spayed,fractious,Spring,No
cat,11,Neutered,fractious,Spring,No
dog,7,Neutered,normal,Spring,No
dog,14,Male,injured  moderate,Fall,No
dog,5,Neutered,normal,Spring,Yes
cat,6,Female,ill mild,Winter,No
other,3,Unknown,ill moderatete,Summer,No
cat,5,Neutered,normal,Winter,Yes
cat,4,Spayed,ill mild,Summer,Yes
cat,2,Male,ill mild,Summer,No
cat,2,Neutered,ill mild,Summer,Yes
dog,13,Neutered,injured  mild,Summer,No
dog,8,Male,normal,Winter,No
dog,14,Neutered,injured  moderate,Fall,No
dog,3,Spayed,normal,Fall,No
cat,1,Female,injured  severe,Winter,No
dog,4,Female,normal,Fall,No
cat,4,Male,normal,Summer,No
dog,10,Male,behavior  moderate,Summer,No
dog,3,Female,normal,Summer,No
dog,7,Male,injured  moderate,Winter,No
cat,1,Neutered,under age/weight,Winter,Yes
dog,5,Male,injured  mild,Fall,No
cat,6,Spayed,normal,Fall,No
other,6,Unknown,injured  severe,Summer,No
cat,1,Female,under age/weight,Fall,Yes
cat,1,Neutered,normal,Fall,Yes
cat,1,Spayed,normal,Spring,Yes
bird,6,Unknown,injured  moderate,Summer,No
bird,4,Unknown,injured  severe,Summer,No
cat,11,Spayed,normal,Summer,Yes
dog,12,Female,normal,Spring,Yes
cat,5,Male,under age/weight,Spring,No
dog,4,Neutered,injured  severe,Winter,No
cat,3,Unknown,ill severe,Winter,No
dog,17,Neutered,normal,Spring,No
cat,1,Spayed,normal,Winter,Yes
cat,1,Male,under age/weight,Summer,No
cat,3,Spayed,normal,Summer,Yes
cat,2,Male,under age/weight,Summer,No
cat,5,Male,normal,Summer,No
cat,11,Unknown,ill severe,Fall,No
dog,6,Female,normal,Summer,No
dog,6,Female,normal,Summer,No
dog,20,Spayed,normal,Winter,No
dog,19,Female,normal,Winter,No
cat,4,Unknown,injured  severe,Winter,No
dog,2,Female,normal,Winter,No
other,8,Unknown,under age/weight,Spring,No
dog,16,Male,normal,Winter,No
dog,8,Female,normal,Fall,No
dog,5,Neutered,normal,Spring,Yes
cat,3,Unknown,ill mild,Winter,No
cat,5,Female,ill moderatete,Fall,No
wild,5,Unknown,injured  severe,Fall,No
dog,11,Female,normal,Winter,No
dog,16,Neutered,normal,Winter,No
cat,2,Neutered,normal,Winter,No
dog,14,Male,injured  mild,Summer,No
dog,8,Male,normal,Winter,No
cat,5,Male,injured  severe,Winter,No
cat,1,Neutered,normal,Fall,Yes
cat,2,Spayed,ill moderatete,Winter,No
cat,5,Neutered,normal,Fall,Yes
cat,16,Neutered,ill moderatete,Winter,Yes
cat,3,Female,normal,Summer,No
cat,7,Female,under age/weight,Summer,No
cat,6,Spayed,normal,Winter,No
cat,12,Spayed,normal,Summer,Yes
cat,7,Female,injured  severe,Summer,No
cat,2,Neutered,injured  mild,Summer,No
cat,4,Spayed,normal,Fall,Yes
dog,14,Neutered,normal,Fall,No
cat,5,Neutered,ill severe,Spring,No
cat,10,Female,ill severe,Fall,No
other,5,Unknown,injured  severe,Winter,No
cat,1,Neutered,normal,Spring,Yes
dog,14,Male,normal,Fall,No
dog,3,Male,normal,Winter,No
cat,5,Spayed,normal,Winter,Yes
dog,6,Female,normal,Winter,No
dog,3,Male,normal,Summer,No
dog,1,Male,normal,Winter,No
dog,7,Neutered,normal,Summer,Yes
cat,3,Unknown,injured  severe,Winter,No
cat,7,Spayed,normal,Summer,Yes
cat,1,Female,ill mild,Summer,No
cat,2,Neutered,ill mild,Summer,Yes
cat,2,Neutered,ill mild,Summer,Yes
cat,6,Neutered,normal,Spring,Yes
cat,5,Male,under age/weight,Summer,No
cat,5,Male,under age/weight,Summer,No
bird,5,Unknown,under age/weight,Spring,No
dog,2,Spayed,normal,Spring,Yes
cat,2,Male,ill mild,Fall,Yes
cat,2,Female,ill mild,Fall,Yes
cat,2,Female,ill mild,Fall,No
cat,4,Spayed,ill mild,Summer,Yes
cat,1,Neutered,under age/weight,Spring,Yes
dog,8,Male,injured  severe,Winter,No
cat,7,Male,ill mild,Summer,No
cat,13,Spayed,Other,Fall,Yes
dog,8,Neutered,normal,Winter,Yes
dog,16,Spayed,injured  moderate,Summer,No
dog,5,Male,normal,Winter,No
dog,4,Spayed,normal,Spring,Yes
other,6,Unknown,injured  severe,Summer,No
cat,5,Spayed,behavior  moderate,Winter,Yes
cat,0,Spayed,under age/weight,Fall,No
cat,1,Female,injured  severe,Fall,No
cat,1,Unknown,i/i report,Summer,No
dog,11,Neutered,injured  mild,Spring,No
dog,5,Spayed,normal,Winter,No
dog,5,Neutered,normal,Fall,Yes
cat,5,Female,under age/weight,Summer,Yes
cat,5,Male,under age/weight,Summer,Yes
cat,6,Unknown,ill severe,Fall,No
bird,5,Female,injured  mild,Spring,No
cat,2,Unknown,under age/weight,Spring,No
dog,10,Female,Other,Spring,No
other,7,Female,under age/weight,Winter,No
dog,14,Neutered,normal,Winter,Yes
dog,11,Neutered,normal,Fall,No
dog,14,Male,ill mild,Fall,No
cat,0,Unknown,under age/weight,Fall,No
cat,5,Unknown,under age/weight,Spring,No
dog,17,Spayed,normal,Summer,No
dog,11,Female,normal,Fall,No
cat,7,Female,ill moderatete,Fall,No
dog,16,Neutered,normal,Spring,No
dog,8,Female,normal,Spring,No
bird,6,Unknown,injured  mild,Spring,No
dog,7,Male,normal,Fall,No
bird,4,Unknown,injured  severe,Fall,No
cat,3,Female,under age/weight,Fall,No
cat,11,Neutered,ill mild,Winter,No
dog,11,Neutered,normal,Winter,No
dog,7,Spayed,normal,Fall,Yes
dog,15,Neutered,normal,Fall,No
cat,4,Female,normal,Summer,No
cat,0,Spayed,under age/weight,Fall,Yes
dog,6,Neutered,normal,Spring,No
cat,6,Female,normal,Winter,No
dog,4,Spayed,normal,Spring,Yes
dog,4,Spayed,normal,Fall,Yes
cat,8,Spayed,feral,Winter,No
cat,2,Unknown,ill severe,Fall,No
dog,13,Spayed,normal,Spring,No
dog,6,Male,normal,Fall,No
dog,3,Male,normal,Fall,No
cat,11,Female,normal,Winter,No
cat,0,Spayed,under age/weight,Fall,Yes
cat,2,Female,ill severe,Summer,No
cat,8,Neutered,fractious,Winter,No
other,1,Unknown,ill moderatete,Fall,No
dog,9,Unknown,normal,Spring,No
wild,3,Unknown,injured  severe,Summer,No
dog,14,Female,normal,Winter,No
dog,6,Male,normal,Winter,No
dog,8,Spayed,injured  severe,Summer,No
dog,11,Neutered,injured  moderate,Winter,No
cat,2,Neutered,under age/weight,Winter,Yes
cat,2,Female,under age/weight,Winter,Yes
cat,4,Spayed,normal,Spring,Yes
wild,3,Unknown,injured  severe,Spring,No
dog,4,Spayed,normal,Summer,Yes
cat,2,Neutered,under age/weight,Winter,No
cat,2,Spayed,under age/weight,Winter,No
dog,23,Female,Other,Winter,No
rabbit,0,Unknown,under age/weight,Spring,No
dog,13,Neutered,normal,Fall,No
dog,15,Neutered,normal,Fall,No
cat,2,Female,injured  severe,Fall,No
dog,4,Male,ill moderatete,Spring,No
dog,12,Spayed,normal,Spring,No
dog,12,Neutered,normal,Spring,No
other,5,Unknown,injured  severe,Fall,No
cat,1,Male,under age/weight,Summer,No
wild,5,Unknown,normal,Summer,No
cat,4,Spayed,normal,Fall,No
cat,6,Male,under age/weight,Fall,No
cat,7,Neutered,fractious,Fall,No
cat,1,Spayed,normal,Winter,No
cat,3,Spayed,under age/weight,Spring,Yes
dog,7,Female,under age/weight,Summer,No
cat,9,Male,normal,Summer,No
dog,6,Neutered,normal,Spring,No
dog,8,Female,normal,Summer,No
cat,13,Neutered,normal,Spring,Yes
dog,17,Male,normal,Fall,No
dog,4,Neutered,normal,Fall,No
bird,6,Unknown,injured  mild,Fall,No
cat,7,Neutered,feral,Winter,No
cat,7,Female,normal,Spring,No
cat,2,Spayed,normal,Summer,Yes
cat,2,Spayed,normal,Summer,Yes
cat,10,Male,ill moderatete,Summer,No
dog,9,Male,normal,Summer,Yes
cat,10,Spayed,normal,Winter,No
dog,15,Spayed,normal,Winter,No
cat,7,Male,under age/weight,Summer,No
cat,3,Neutered,normal,Spring,Yes
dog,2,Female,normal,Spring,No
rabbit,4,Unknown,injured  severe,Spring,No
dog,12,Female,normal,Fall,No
cat,2,Male,under age/weight,Summer,Yes
wild,7,Unknown,ill severe,Fall,No
cat,17,Neutered,normal,Spring,No
cat,6,Male,under age/weight,Spring,No
bird,7,Unknown,injured  severe,Summer,No
cat,3,Male,under age/weight,Spring,No
cat,3,Male,under age/weight,Spring,No
cat,1,Female,ill mild,Fall,Yes
cat,7,Female,under age/weight,Fall,No
dog,5,Neutered,normal,Spring,Yes
cat,7,Female,under age/weight,Spring,No
cat,5,Neutered,fractious,Summer,No
dog,5,Neutered,Other,Fall,No
cat,2,Neutered,normal,Spring,Yes
cat,0,Spayed,normal,Fall,Yes
dog,13,Male,normal,Spring,No
cat,1,Female,ill mild,Summer,No
cat,6,Male,behavior  mild,Spring,No
dog,2,Female,normal,Spring,No
dog,4,Neutered,ill mild,Summer,Yes
dog,3,Neutered,normal,Fall,Yes
cat,0,Spayed,under age/weight,Fall,Yes
cat,2,Neutered,under age/weight,Summer,Yes
cat,2,Male,injured  mild,Summer,No
cat,2,Neutered,under age/weight,Summer,Yes
cat,2,Male,under age/weight,Summer,Yes
dog,2,Male,normal,Winter,No
wild,4,Female,ill moderatete,Summer,No
cat,6,Female,under age/weight,Spring,No
cat,7,Male,under age/weight,Summer,No
cat,6,Spayed,normal,Spring,Yes
dog,2,Female,ill severe,Fall,No
cat,4,Male,under age/weight,Spring,No
dog,19,Female,ill severe,Summer,No
cat,6,Unknown,under age/weight,Summer,No
cat,1,Female,injured  severe,Fall,No
cat,7,Female,ill severe,Fall,No
dog,3,Male,normal,Spring,No
dog,3,Spayed,normal,Spring,No
cat,6,Neutered,normal,Summer,Yes
cat,0,Male,under age/weight,Summer,No
cat,0,Female,under age/weight,Summer,No
cat,7,Spayed,normal,Fall,No
cat,2,Male,under age/weight,Spring,No
dog,15,Spayed,injured  severe,Winter,No
dog,8,Neutered,injured  moderate,Summer,No
cat,5,Male,under age/weight,Spring,No
cat,9,Neutered,fractious,Fall,No
cat,1,Male,under age/weight,Summer,No
dog,10,Male,normal,Summer,No
other,3,Unknown,under age/weight,Spring,No
other,3,Unknown,under age/weight,Spring,No
cat,5,Neutered,normal,Fall,No
wild,8,Unknown,normal,Fall,No
dog,11,Male,behavior  severe,Spring,No
dog,13,Neutered,behavior  mild,Summer,No
dog,8,Male,normal,Fall,No
cat,7,Female,ill severe,Spring,No
cat,9,Male,ill moderatete,Spring,No
cat,12,Male,injured  severe,Summer,No
cat,3,Male,under age/weight,Fall,No
bird,7,Unknown,injured  severe,Winter,No
cat,1,Neutered,i/i report,Summer,Yes
rabbit,2,Neutered,normal,Spring,Yes
dog,1,Neutered,normal,Summer,Yes
dog,2,Spayed,normal,Spring,Yes
wild,4,Unknown,ill severe,Fall,No
dog,8,Spayed,ill severe,Winter,Yes
cat,1,Spayed,under age/weight,Winter,Yes
other,5,Male,injured  severe,Winter,No
dog,2,Neutered,i/i report,Fall,Yes
bird,8,Female,normal,Spring,No
cat,8,Spayed,normal,Summer,Yes
cat,6,Male,normal,Fall,Yes
cat,10,Female,normal,Fall,No
cat,7,Female,under age/weight,Summer,No
cat,7,Male,under age/weight,Summer,No
cat,7,Female,under age/weight,Summer,No
other,3,Unknown,under age/weight,Winter,No
dog,6,Neutered,normal,Spring,Yes
other,8,Unknown,ill severe,Winter,No
dog,8,Neutered,normal,Spring,No
cat,5,Male,under age/weight,Summer,No
cat,5,Female,under age/weight,Summer,No
cat,13,Female,ill severe,Winter,No
cat,5,Neutered,normal,Fall,Yes
cat,11,Female,normal,Spring,No
dog,9,Female,normal,Fall,No
cat,1,Spayed,under age/weight,Summer,No
cat,1,Female,under age/weight,Summer,No
dog,14,Female,normal,Winter,Yes
cat,1,Unknown,under age/weight,Winter,No
cat,0,Unknown,under age/weight,Winter,No
dog,12,Female,normal,Winter,No
dog,9,Spayed,normal,Fall,Yes
cat,1,Male,under age/weight,Spring,No
dog,10,Female,normal,Spring,No
cat,11,Neutered,normal,Summer,No
cat,4,Spayed,fractious,Fall,No
dog,3,Neutered,normal,Summer,No
cat,8,Male,normal,Spring,Yes
cat,8,Male,normal,Spring,Yes
dog,7,Male,normal,Fall,Yes
dog,8,Spayed,normal,Spring,No
cat,0,Spayed,ill mild,Fall,No
cat,1,Female,under age/weight,Summer,Yes
cat,2,Spayed,ill mild,Summer,Yes
dog,7,Male,normal,Winter,No
other,7,Unknown,under age/weight,Summer,No
dog,5,Spayed,normal,Winter,No
dog,14,Male,normal,Spring,No
dog,7,Spayed,normal,Spring,Yes
cat,5,Female,normal,Fall,No
cat,1,Neutered,under age/weight,Summer,Yes
cat,1,Neutered,under age/weight,Summer,Yes
cat,1,Neutered,under age/weight,Summer,No
dog,6,Spayed,normal,Spring,Yes
dog,3,Male,normal,Fall,No
cat,4,Male,ill mild,Summer,No
rabbit,5,Spayed,normal,Summer,No
cat,2,Unknown,under age/weight,Spring,No
dog,3,Spayed,normal,Fall,Yes
cat,7,Male,under age/weight,Summer,No
cat,1,Spayed,normal,Fall,Yes
cat,3,Male,normal,Summer,No
cat,4,Neutered,normal,Summer,Yes
cat,5,Spayed,fractious,Winter,No
dog,12,Neutered,behavior  severe,Winter,No
cat,1,Spayed,under age/weight,Spring,No
dog,13,Male,normal,Fall,No
dog,11,Female,normal,Fall,No
dog,1,Spayed,injured  moderate,Fall,Yes
dog,1,Spayed,injured  moderate,Fall,Yes
cat,1,Spayed,under age/weight,Summer,Yes
bird,8,Female,injured  moderate,Spring,No
rabbit,4,Neutered,normal,Fall,No
dog,17,Male,normal,Winter,No
cat,0,Neutered,under age/weight,Summer,Yes
dog,3,Male,i/i report,Winter,No
cat,0,Neutered,under age/weight,Summer,No
cat,0,Female,under age/weight,Summer,No
dog,8,Male,normal,Summer,No
dog,7,Neutered,normal,Winter,Yes
cat,9,Spayed,normal,Summer,No
cat,7,Female,normal,Summer,No
cat,0,Neutered,ill mild,Summer,No
cat,1,Spayed,normal,Summer,No
dog,15,Male,behavior  severe,Winter,No
cat,5,Male,under age/weight,Summer,No
dog,5,Neutered,behavior  mild,Fall,Yes
dog,9,Male,normal,Spring,No
dog,9,Spayed,normal,Spring,No
Other,5,Female,normal,Summer,No
other,7,Unknown,injured  severe,Fall,No
cat,1,Neutered,normal,Fall,No
bird,8,Unknown,ill severe,Fall,No
cat,4,Neutered,fractious,Winter,Yes
cat,7,Male,under age/weight,Summer,No
cat,5,Female,normal,Summer,No
cat,0,Female,injured  severe,Summer,No
dog,2,Neutered,normal,Fall,No
dog,1,Neutered,normal,Winter,Yes
cat,5,Neutered,under age/weight,Winter,Yes
dog,7,Male,normal,Winter,No
cat,11,Spayed,normal,Spring,No
cat,4,Unknown,injured  moderate,Winter,No
cat,16,Spayed,normal,Winter,No
cat,1,Spayed,ill moderatete,Spring,Yes
wild,3,Unknown,under age/weight,Spring,No
cat,8,Spayed,normal,Summer,Yes
cat,0,Neutered,under age/weight,Winter,Yes
cat,2,Male,normal,Winter,Yes
dog,11,Male,normal,Summer,No
cat,8,Male,normal,Winter,No
dog,19,Neutered,ill severe,Fall,No
cat,5,Neutered,normal,Fall,No
cat,5,Spayed,normal,Winter,Yes
cat,5,Neutered,normal,Winter,Yes
rabbit,4,Neutered,normal,Spring,No
dog,15,Neutered,Other,Summer,No
cat,6,Neutered,normal,Fall,Yes
cat,3,Female,normal,Spring,No
cat,2,Male,under age/weight,Fall,Yes
cat,10,Neutered,feral,Winter,No
cat,12,Neutered,feral,Spring,No
cat,2,Male,under age/weight,Fall,Yes
cat,6,Male,under age/weight,Summer,No
cat,8,Neutered,fractious,Summer,No
cat,6,Unknown,under age/weight,Spring,No
dog,8,Spayed,normal,Winter,No
cat,6,Male,under age/weight,Fall,No
cat,3,Female,ill severe,Fall,No
dog,1,Spayed,normal,Fall,Yes
dog,3,Neutered,normal,Spring,No
cat,6,Unknown,under age/weight,Spring,No
dog,15,Spayed,normal,Spring,Yes
cat,8,Spayed,feral,Winter,No
cat,10,Neutered,fractious,Winter,No
cat,8,Neutered,fractious,Spring,No
cat,7,Neutered,normal,Fall,Yes
cat,5,Female,normal,Summer,No
dog,7,Male,normal,Summer,No
cat,2,Spayed,normal,Fall,Yes
cat,1,Female,ill mild,Fall,Yes
dog,12,Unknown,normal,Spring,No
cat,3,Unknown,under age/weight,Summer,No
dog,8,Unknown,normal,Spring,No
cat,4,Male,under age/weight,Fall,No
dog,10,Male,normal,Spring,No
dog,8,Spayed,normal,Fall,No
cat,0,Male,under age/weight,Winter,No
cat,0,Female,under age/weight,Winter,No
cat,0,Female,under age/weight,Winter,No
dog,7,Male,normal,Fall,No
cat,7,Spayed,normal,Fall,Yes
dog,14,Spayed,normal,Summer,No
cat,6,Female,ill severe,Spring,No
cat,11,Female,normal,Winter,No
cat,1,Female,under age/weight,Winter,No
cat,1,Male,under age/weight,Winter,No
cat,1,Male,under age/weight,Winter,No
dog,0,Male,normal,Winter,No
dog,0,Female,normal,Winter,No
dog,0,Female,normal,Winter,No
cat,4,Female,under age/weight,Spring,No
cat,4,Male,under age/weight,Spring,No
cat,0,Unknown,under age/weight,Summer,No
cat,0,Neutered,under age/weight,Fall,Yes
cat,7,Neutered,normal,Spring,No
dog,12,Female,injured  mild,Winter,No
cat,7,Spayed,Other,Summer,No
cat,7,Neutered,normal,Spring,Yes
cat,10,Neutered,feral,Fall,No
cat,10,Neutered,normal,Summer,No
cat,8,Female,normal,Winter,No
cat,6,Male,normal,Fall,No
dog,5,Neutered,normal,Winter,No
cat,5,Neutered,normal,Summer,Yes
dog,7,Neutered,normal,Winter,Yes
dog,8,Male,injured  mild,Summer,No
rabbit,4,Spayed,normal,Spring,No
cat,6,Unknown,under age/weight,Fall,No
dog,1,Neutered,normal,Winter,No
cat,10,Neutered,injured  moderate,Fall,No
cat,5,Unknown,under age/weight,Spring,No
cat,5,Unknown,under age/weight,Spring,No
dog,3,Male,normal,Summer,No
dog,8,Male,injured  severe,Winter,No
dog,17,Female,normal,Summer,No
dog,4,Spayed,normal,Fall,No
dog,16,Male,Other,Fall,No
dog,2,Spayed,normal,Winter,Yes
cat,9,Male,normal,Winter,No
dog,6,Female,normal,Summer,No
cat,0,Spayed,normal,Summer,No
cat,0,Neutered,under age/weight,Fall,Yes
cat,0,Neutered,under age/weight,Fall,Yes
cat,9,Neutered,fractious,Winter,No
cat,0,Female,ill moderatete,Fall,No
cat,0,Male,ill moderatete,Fall,No
wild,5,Unknown,injured  severe,Spring,No
wild,5,Unknown,under age/weight,Spring,No
cat,9,Spayed,normal,Fall,Yes
dog,1,Neutered,normal,Winter,Yes
cat,5,Female,normal,Summer,No
cat,9,Male,ill moderatete,Spring,No
dog,12,Neutered,normal,Summer,No
other,3,Female,under age/weight,Spring,No
dog,4,Spayed,normal,Winter,Yes
dog,8,Male,normal,Spring,No
dog,16,Neutered,normal,Summer,Yes
cat,8,Spayed,normal,Fall,Yes
dog,9,Female,behavior  mild,Spring,No
cat,8,Spayed,normal,Spring,No
wild,2,Unknown,injured  severe,Fall,No
dog,4,Male,normal,Spring,No
cat,1,Neutered,normal,Fall,Yes
cat,1,Neutered,under age/weight,Winter,Yes
dog,8,Female,normal,Spring,No
cat,2,Spayed,normal,Fall,No
cat,9,Male,normal,Winter,No
cat,8,Male,normal,Summer,No
cat,4,Spayed,normal,Summer,Yes
cat,7,Male,under age/weight,Spring,No
cat,17,Spayed,normal,Winter,No
cat,5,Female,under age/weight,Summer,No
dog,3,Neutered,normal,Summer,Yes
cat,11,Spayed,normal,Fall,Yes
bird,6,Unknown,ill severe,Summer,No
cat,0,Spayed,under age/weight,Fall,Yes
dog,2,Spayed,normal,Summer,Yes
cat,0,Neutered,under age/weight,Spring,Yes
cat,7,Unknown,under age/weight,Summer,No
cat,6,Unknown,under age/weight,Spring,No
cat,8,Neutered,fractious,Winter,Yes
bird,8,Unknown,injured  severe,Fall,No
dog,5,Male,normal,Spring,No
bird,1,Unknown,ill mild,Spring,No
cat,6,Neutered,ill moderatete,Winter,Yes
cat,0,Unknown,under age/weight,Fall,No
bird,6,Unknown,ill severe,Winter,No
cat,16,Spayed,normal,Summer,Yes
cat,1,Unknown,normal,Spring,No
bird,6,Unknown,under age/weight,Summer,No
bird,6,Unknown,injured  severe,Summer,No
cat,7,Male,under age/weight,Fall,No
dog,2,Spayed,normal,Winter,Yes
dog,8,Male,normal,Summer,No
dog,1,Neutered,i/i report,Fall,Yes
dog,9,Neutered,normal,Summer,No
dog,5,Male,normal,Spring,No
dog,5,Male,normal,Fall,No
dog,7,Male,normal,Winter,No
dog,3,Spayed,normal,Spring,Yes
cat,10,Neutered,normal,Fall,No
cat,10,Neutered,injured  mild,Spring,Yes
dog,10,Male,normal,Fall,No
cat,6,Female,under age/weight,Fall,No
wild,6,Unknown,under age/weight,Spring,No
other,6,Unknown,ill severe,Summer,No
cat,11,Neutered,injured  moderate,Spring,Yes
dog,3,Spayed,normal,Spring,Yes
cat,1,Unknown,under age/weight,Summer,No
cat,2,Spayed,fractious,Summer,No
cat,8,Spayed,feral,Spring,No
cat,1,Neutered,normal,Winter,Yes
cat,1,Neutered,normal,Winter,Yes
dog,20,Spayed,Other,Summer,No
dog,4,Neutered,normal,Summer,Yes
bird,0,Unknown,under age/weight,Summer,No
cat,3,Male,fractious,Summer,No
rabbit,1,Spayed,normal,Summer,No
rabbit,2,Spayed,normal,Summer,No
rabbit,1,Spayed,normal,Summer,No
cat,1,Spayed,ill mild,Winter,Yes
cat,0,Female,under age/weight,Fall,No
cat,1,Spayed,under age/weight,Fall,Yes
cat,1,Male,under age/weight,Fall,Yes
dog,12,Neutered,normal,Winter,No
dog,1,Male,ill severe,Winter,No
dog,2,Spayed,normal,Fall,Yes
cat,1,Male,under age/weight,Fall,No
cat,5,Male,under age/weight,Summer,No
dog,12,Male,normal,Winter,No
cat,11,Neutered,normal,Fall,Yes
dog,11,Male,normal,Winter,No
cat,6,Female,under age/weight,Fall,No
dog,15,Spayed,normal,Winter,Yes
cat,5,Neutered,under age/weight,Summer,Yes
dog,3,Neutered,normal,Winter,Yes
cat,7,Male,under age/weight,Summer,No
cat,4,Unknown,normal,Winter,Yes
cat,10,Neutered,feral,Summer,No
cat,5,Neutered,normal,Winter,Yes
cat,4,Spayed,normal,Winter,No
dog,8,Female,normal,Winter,No
dog,17,Male,ill mild,Summer,No
cat,6,Female,under age/weight,Fall,No
cat,6,Male,under age/weight,Fall,No
dog,6,Female,normal,Spring,No
cat,0,Neutered,ill mild,Fall,Yes
cat,8,Female,normal,Winter,No
dog,6,Female,ill moderatete,Fall,No
dog,10,Male,normal,Fall,No
dog,12,Neutered,normal,Spring,No
bird,2,Unknown,injured  moderate,Fall,No
cat,8,Spayed,normal,Winter,Yes
cat,14,Male,ill moderatete,Summer,No
cat,0,Female,ill mild,Spring,No
dog,6,Neutered,normal,Summer,Yes
bird,7,Unknown,normal,Fall,No
cat,11,Spayed,normal,Spring,Yes
dog,6,Male,normal,Fall,No
bird,5,Unknown,injured  severe,Summer,No
dog,9,Female,injured  mild,Spring,No
other,5,Unknown,under age/weight,Spring,No
cat,12,Neutered,ill moderatete,Summer,Yes
dog,13,Male,normal,Spring,No
cat,13,Female,normal,Spring,No
bird,3,Unknown,injured  severe,Fall,No
cat,7,Female,normal,Summer,Yes
cat,6,Male,normal,Winter,No
cat,6,Female,normal,Fall,No
dog,7,Spayed,behavior  moderate,Spring,No
other,3,Unknown,injured  severe,Fall,No
cat,0,Neutered,normal,Fall,No
cat,0,Neutered,normal,Fall,No
cat,0,Spayed,normal,Fall,No
cat,0,Neutered,ill mild,Fall,No
dog,3,Spayed,normal,Winter,Yes
Other,11,Female,normal,Summer,No
dog,10,Spayed,normal,Winter,No
cat,4,Spayed,normal,Fall,Yes
dog,8,Spayed,normal,Spring,No
dog,9,Spayed,normal,Summer,No
cat,1,Spayed,under age/weight,Spring,Yes
cat,1,Spayed,under age/weight,Spring,Yes
cat,7,Spayed,under age/weight,Fall,Yes
Other,12,Unknown,normal,Spring,No
cat,7,Male,under age/weight,Fall,No
cat,7,Female,normal,Spring,No
cat,1,Unknown,under age/weight,Summer,No
dog,1,Spayed,normal,Fall,Yes
wild,5,Unknown,ill severe,Spring,No
dog,13,Male,normal,Fall,No
dog,1,Neutered,normal,Winter,Yes
cat,4,Spayed,normal,Winter,Yes
cat,16,Neutered,normal,Spring,Yes
cat,6,Spayed,normal,Winter,Yes
cat,4,Neutered,normal,Winter,Yes
cat,4,Neutered,normal,Winter,Yes
cat,10,Neutered,feral,Winter,No
dog,14,Male,normal,Fall,No
dog,8,Male,normal,Fall,No
dog,6,Female,normal,Fall,No
cat,6,Spayed,fractious,Spring,No
cat,6,Female,normal,Summer,No
cat,6,Neutered,normal,Fall,Yes
dog,9,Female,normal,Spring,No
dog,2,Spayed,normal,Summer,Yes
dog,11,Neutered,ill moderatete,Winter,No
cat,0,Spayed,under age/weight,Summer,Yes
rabbit,8,Neutered,normal,Fall,No
cat,1,Neutered,normal,Winter,Yes
cat,0,Unknown,under age/weight,Winter,No
cat,2,Spayed,ill mild,Summer,Yes
cat,1,Unknown,ill moderatete,Fall,No
cat,1,Unknown,ill moderatete,Fall,No
cat,1,Unknown,ill moderatete,Fall,No
cat,1,Unknown,ill moderatete,Fall,No
cat,10,Female,normal,Summer,Yes
cat,7,Male,injured  severe,Fall,No
wild,10,Unknown,injured  severe,Winter,No
cat,2,Unknown,under age/weight,Summer,No
cat,2,Unknown,under age/weight,Summer,No
dog,1,Female,normal,Spring,No
cat,7,Male,normal,Fall,No
Other,17,Female,normal,Summer,No
cat,0,Neutered,ill moderatete,Fall,No
rabbit,3,Neutered,ill mild,Spring,No
cat,6,Male,under age/weight,Spring,No
cat,6,Male,under age/weight,Spring,No
cat,7,Female,normal,Fall,No
cat,7,Female,normal,Fall,No
cat,1,Neutered,injured  mild,Winter,No
cat,0,Female,under age/weight,Spring,No
cat,0,Female,under age/weight,Spring,No
cat,7,Male,under age/weight,Summer,No
dog,8,Male,normal,Winter,No
cat,5,Male,under age/weight,Spring,No
dog,6,Spayed,normal,Fall,Yes
dog,7,Male,under age/weight,Spring,No
dog,2,Spayed,normal,Fall,Yes
dog,1,Spayed,normal,Winter,Yes
cat,8,Spayed,fractious,Summer,No
wild,2,Male,ill mild,Spring,No
other,4,Unknown,ill severe,Spring,No
other,3,Unknown,injured  severe,Summer,No
Other,5,Male,normal,Winter,Yes
Other,4,Unknown,normal,Spring,No
cat,5,Female,under age/weight,Summer,No
cat,5,Male,under age/weight,Summer,No
cat,4,Spayed,normal,Fall,Yes
cat,5,Female,under age/weight,Summer,No
dog,2,Spayed,normal,Summer,Yes
cat,2,Spayed,injured  mild,Spring,Yes
dog,19,Spayed,injured  mild,Summer,No
cat,13,Neutered,injured  mild,Fall,Yes
dog,11,Neutered,normal,Spring,No
cat,2,Neutered,under age/weight,Winter,No
cat,1,Female,ill mild,Fall,No
cat,9,Neutered,normal,Fall,No
dog,11,Female,normal,Winter,No
cat,9,Neutered,normal,Fall,Yes
cat,1,Male,i/i report,Summer,Yes
cat,2,Spayed,ill moderatete,Spring,No
cat,1,Unknown,ill moderatete,Winter,No
cat,2,Spayed,ill mild,Spring,Yes
cat,4,Spayed,normal,Summer,Yes
cat,4,Neutered,normal,Summer,Yes
bird,6,Unknown,under age/weight,Spring,No
cat,11,Neutered,fractious,Spring,No
cat,7,Neutered,normal,Spring,Yes
cat,4,Male,under age/weight,Fall,No
wild,13,Unknown,injured  severe,Winter,No
cat,4,Unknown,injured  mild,Fall,No
cat,0,Neutered,normal,Summer,Yes
dog,13,Male,normal,Summer,Yes
dog,6,Spayed,normal,Spring,Yes
cat,11,Male,ill moderatete,Winter,No
Other,9,Male,normal,Spring,No
wild,5,Unknown,ill severe,Spring,No
dog,3,Neutered,normal,Summer,No
dog,7,Spayed,normal,Spring,No
cat,9,Spayed,ill mild,Fall,No
dog,10,Neutered,injured  moderate,Winter,Yes
cat,5,Female,ill severe,Fall,No
bird,8,Unknown,injured  severe,Summer,No
cat,6,Neutered,normal,Fall,Yes
cat,9,Neutered,fractious,Spring,No
cat,1,Neutered,under age/weight,Summer,Yes
cat,4,Neutered,normal,Winter,Yes
dog,2,Neutered,normal,Fall,Yes
cat,4,Spayed,normal,Fall,No
dog,1,Spayed,normal,Spring,No
cat,1,Unknown,fractious,Fall,No
cat,1,Male,under age/weight,Winter,Yes
dog,1,Spayed,normal,Spring,Yes
dog,3,Unknown,under age/weight,Fall,No
dog,3,Unknown,under age/weight,Fall,No
cat,4,Spayed,under age/weight,Winter,Yes
cat,13,Neutered,normal,Winter,No
dog,11,Spayed,normal,Summer,No
cat,12,Female,normal,Winter,No
dog,13,Male,behavior  moderate,Winter,No
dog,13,Male,normal,Spring,No
cat,7,Female,under age/weight,Spring,No
cat,15,Neutered,fractious,Fall,Yes
cat,7,Male,normal,Fall,Yes
cat,7,Male,normal,Fall,Yes
cat,2,Female,normal,Summer,No
cat,12,Neutered,ill mild,Fall,No
cat,5,Male,under age/weight,Summer,Yes
cat,8,Female,normal,Winter,No
dog,17,Spayed,normal,Summer,No
cat,7,Female,under age/weight,Summer,No
cat,4,Male,injured  moderate,Fall,No
dog,10,Female,normal,Summer,No
cat,5,Male,under age/weight,Spring,No
cat,10,Spayed,feral,Spring,No
cat,5,Male,under age/weight,Spring,No
cat,10,Female,normal,Summer,No
cat,4,Neutered,normal,Summer,No
cat,6,Spayed,fractious,Summer,No
cat,15,Spayed,normal,Winter,Yes
cat,11,Neutered,normal,Spring,Yes
cat,6,Male,under age/weight,Summer,No
cat,4,Female,normal,Spring,Yes
cat,5,Male,under age/weight,Summer,No
wild,0,Unknown,ill severe,Summer,No
dog,3,Spayed,normal,Winter,Yes
dog,2,Neutered,normal,Winter,No
other,7,Female,ill severe,Spring,No
other,1,Unknown,under age/weight,Spring,No
wild,3,Female,injured  severe,Summer,No
dog,5,Female,behavior  moderate,Fall,No
cat,6,Female,under age/weight,Summer,No
cat,8,Spayed,normal,Summer,No
cat,7,Neutered,fractious,Fall,No
cat,2,Spayed,ill moderatete,Summer,Yes
cat,6,Male,under age/weight,Summer,Yes
cat,6,Female,under age/weight,Fall,No
wild,5,Unknown,under age/weight,Spring,No
wild,5,Unknown,under age/weight,Spring,No
cat,2,Spayed,normal,Summer,Yes
cat,1,Neutered,under age/weight,Winter,Yes
dog,8,Neutered,normal,Winter,Yes
cat,4,Male,ill mild,Fall,No
dog,2,Neutered,normal,Winter,Yes
cat,7,Unknown,under age/weight,Spring,No
dog,11,Spayed,normal,Winter,No
dog,4,Neutered,normal,Winter,Yes
dog,9,Male,injured  moderate,Summer,No
dog,8,Neutered,injured  mild,Summer,Yes
dog,0,Female,normal,Fall,No
dog,11,Female,Other,Winter,No
bird,3,Unknown,under age/weight,Spring,No
cat,9,Neutered,normal,Summer,No
cat,9,Neutered,ill mild,Winter,No
other,5,Male,injured  mild,Summer,No
cat,4,Male,under age/weight,Summer,No
cat,1,Neutered,ill mild,Summer,Yes
dog,9,Neutered,normal,Winter,No
wild,5,Unknown,injured  severe,Fall,No
dog,7,Spayed,normal,Winter,Yes
dog,4,Female,behavior  mild,Fall,Yes
cat,8,Male,normal,Summer,No
dog,8,Male,normal,Winter,No
other,1,Unknown,injured  severe,Winter,No
rabbit,2,Spayed,normal,Winter,Yes
dog,12,Male,normal,Summer,No
cat,0,Neutered,under age/weight,Fall,Yes
wild,3,Unknown,injured  moderate,Fall,No
wild,3,Unknown,injured  moderate,Fall,No
cat,10,Neutered,feral,Spring,No
cat,7,Unknown,feral,Spring,No
cat,7,Unknown,feral,Spring,No
bird,7,Unknown,injured  mild,Summer,No
wild,2,Unknown,injured  moderate,Fall,No
dog,2,Male,injured  moderate,Summer,No
cat,1,Male,ill mild,Fall,No
cat,5,Neutered,i/i report,Spring,No
dog,8,Spayed,normal,Spring,No
wild,7,Female,ill severe,Fall,No
other,2,Unknown,injured  severe,Fall,No
cat,1,Spayed,injured  mild,Summer,No
cat,0,Neutered,normal,Summer,Yes
cat,0,Neutered,under age/weight,Summer,Yes
dog,1,Female,normal,Fall,No
cat,3,Spayed,ill mild,Spring,Yes
cat,6,Unknown,under age/weight,Fall,No
cat,2,Male,under age/weight,Summer,No
cat,4,Unknown,ill severe,Fall,No
dog,3,Female,normal,Fall,Yes
other,1,Unknown,injured  severe,Fall,No
cat,6,Female,under age/weight,Spring,No
cat,7,Male,under age/weight,Summer,No
cat,7,Female,normal,Winter,No
cat,6,Female,under age/weight,Spring,No
cat,6,Female,under age/weight,Spring,No
dog,15,Spayed,normal,Summer,No
wild,8,Unknown,under age/weight,Spring,No
dog,8,Female,normal,Spring,No
bird,3,Unknown,injured  severe,Summer,No
dog,2,Spayed,normal,Fall,Yes
dog,7,Spayed,normal,Summer,No
cat,6,Male,normal,Winter,No
dog,7,Male,normal,Spring,No
bird,6,Unknown,injured  moderate,Fall,No
dog,5,Male,normal,Fall,No
cat,4,Male,under age/weight,Summer,No
other,0,Unknown,under age/weight,Spring,No
other,0,Unknown,under age/weight,Spring,No
dog,8,Female,normal,Summer,No
cat,1,Male,injured  severe,Fall,No
cat,7,Unknown,under age/weight,Spring,No
cat,2,Spayed,normal,Summer,Yes
cat,2,Female,normal,Spring,Yes
cat,2,Male,normal,Spring,Yes
bird,8,Unknown,injured  mild,Spring,No
cat,8,Neutered,normal,Winter,No
cat,10,Neutered,normal,Spring,Yes
cat,14,Male,normal,Winter,No
cat,14,Female,ill moderatete,Fall,No
dog,9,Female,normal,Summer,No
cat,8,Neutered,normal,Summer,No
dog,9,Spayed,normal,Fall,No
other,3,Unknown,under age/weight,Fall,No
cat,9,Neutered,behavior  moderate,Fall,Yes
cat,7,Spayed,fractious,Summer,No
dog,10,Neutered,fractious,Summer,Yes
dog,13,Female,ill mild,Summer,No
cat,2,Spayed,under age/weight,Summer,Yes
cat,2,Female,under age/weight,Summer,Yes
dog,3,Neutered,injured  mild,Summer,No
bird,4,Unknown,injured  mild,Summer,No
dog,15,Neutered,ill severe,Fall,Yes
rabbit,3,Spayed,normal,Fall,Yes
dog,19,Female,ill moderatete,Spring,No
dog,7,Spayed,normal,Fall,No
wild,4,Unknown,injured  severe,Fall,No
cat,8,Spayed,normal,Spring,No
dog,3,Male,normal,Summer,No
dog,17,Male,normal,Fall,No
dog,14,Spayed,normal,Spring,No
dog,11,Spayed,normal,Summer,No
cat,7,Neutered,normal,Winter,No
cat,9,Spayed,ill mild,Spring,No
wild,3,Unknown,injured  moderate,Fall,No
wild,5,Unknown,under age/weight,Winter,No
wild,5,Unknown,under age/weight,Winter,No
cat,4,Spayed,fractious,Fall,Yes
wild,2,Male,injured  moderate,Summer,No
cat,6,Unknown,injured  severe,Summer,No
cat,11,Neutered,ill severe,Winter,No
rabbit,6,Unknown,injured  severe,Summer,No
dog,8,Female,normal,Fall,No
dog,2,Neutered,normal,Summer,Yes
dog,10,Female,normal,Spring,No
cat,2,Neutered,ill moderatete,Summer,Yes
dog,7,Neutered,injured  severe,Spring,Yes
cat,1,Neutered,under age/weight,Summer,No
cat,2,Spayed,normal,Summer,No
cat,2,Spayed,normal,Summer,Yes
cat,1,Female,under age/weight,Fall,No
cat,1,Female,under age/weight,Fall,No
cat,1,Female,under age/weight,Fall,No
cat,1,Spayed,under age/weight,Fall,Yes
cat,2,Spayed,normal,Spring,No
dog,1,Spayed,normal,Spring,Yes
dog,5,Neutered,normal,Summer,Yes
dog,0,Spayed,normal,Fall,No
dog,0,Spayed,normal,Fall,No
cat,1,Neutered,normal,Winter,Yes
cat,1,Neutered,normal,Winter,Yes
dog,1,Female,normal,Fall,Yes
bird,4,Unknown,injured  severe,Winter,No
dog,17,Male,normal,Fall,No
rabbit,4,Neutered,normal,Fall,No
cat,7,Spayed,normal,Winter,Yes
cat,8,Spayed,feral,Summer,No
dog,22,Spayed,Other,Winter,No
bird,7,Unknown,injured  mild,Spring,No
dog,7,Female,normal,Fall,No
cat,15,Unknown,ill severe,Fall,No
dog,21,Female,normal,Fall,No
bird,6,Unknown,injured  severe,Summer,No
cat,7,Female,under age/weight,Fall,No
dog,2,Neutered,normal,Spring,No
dog,5,Neutered,normal,Fall,Yes
dog,13,Spayed,behavior  moderate,Spring,No
cat,2,Female,under age/weight,Spring,No
cat,5,Neutered,normal,Spring,Yes
dog,16,Spayed,normal,Spring,No
dog,7,Female,normal,Summer,No
cat,4,Neutered,injured  moderate,Fall,Yes
dog,7,Unknown,normal,Fall,No
dog,7,Unknown,normal,Fall,No
dog,10,Female,normal,Fall,No
dog,10,Neutered,normal,Winter,No
dog,10,Male,normal,Fall,No
cat,1,Spayed,under age/weight,Spring,Yes
cat,0,Female,under age/weight,Fall,No
rabbit,7,Spayed,normal,Fall,No
cat,6,Spayed,fractious,Fall,No
cat,8,Unknown,under age/weight,Spring,No
cat,8,Spayed,normal,Spring,No
cat,7,Male,under age/weight,Summer,No
dog,14,Spayed,normal,Winter,No
cat,4,Neutered,under age/weight,Fall,Yes
cat,5,Neutered,normal,Summer,Yes
cat,8,Spayed,normal,Summer,No
cat,3,Unknown,under age/weight,Spring,No
dog,18,Female,Other,Winter,No
dog,15,Spayed,normal,Summer,No
cat,8,Male,ill mild,Spring,No
dog,7,Female,normal,Spring,No
dog,8,Neutered,normal,Spring,No
dog,2,Spayed,normal,Fall,Yes
cat,1,Female,under age/weight,Winter,Yes
cat,1,Female,i/i report,Winter,Yes
dog,6,Female,normal,Winter,No
dog,2,Spayed,under age/weight,Spring,Yes
dog,15,Male,injured  severe,Fall,No
dog,7,Neutered,behavior  mild,Winter,Yes
cat,11,Neutered,injured  severe,Winter,No
bird,7,Unknown,injured  moderate,Fall,No
dog,1,Male,normal,Winter,No
dog,16,Neutered,normal,Spring,No
dog,6,Female,under age/weight,Fall,No
dog,8,Male,normal,Winter,No
cat,5,Neutered,normal,Winter,No
cat,11,Female,normal,Winter,No
cat,7,Spayed,normal,Summer,No
dog,3,Male,normal,Spring,Yes
dog,7,Neutered,injured  moderate,Fall,No
dog,1,Female,under age/weight,Winter,No
dog,6,Neutered,normal,Fall,Yes
cat,14,Spayed,normal,Summer,No
cat,14,Spayed,normal,Summer,No
cat,7,Female,normal,Winter,No
cat,1,Female,under age/weight,Summer,No
cat,1,Neutered,under age/weight,Fall,Yes
cat,1,Female,under age/weight,Summer,No
dog,6,Male,normal,Summer,Yes
dog,4,Spayed,normal,Summer,Yes
dog,9,Male,normal,Fall,No
cat,1,Neutered,i/i report,Fall,No
cat,10,Neutered,normal,Fall,No
cat,10,Spayed,fractious,Spring,No
cat,6,Unknown,under age/weight,Spring,No
cat,6,Unknown,under age/weight,Spring,No
bird,4,Unknown,injured  severe,Fall,No
cat,1,Unknown,under age/weight,Fall,No
cat,5,Neutered,behavior  moderate,Summer,No
cat,5,Female,normal,Summer,No
cat,5,Male,normal,Summer,No
cat,6,Unknown,under age/weight,Spring,No
cat,5,Spayed,normal,Spring,No
cat,2,Female,behavior  moderate,Spring,No
cat,6,Spayed,ill mild,Summer,No
cat,5,Spayed,normal,Spring,No
cat,3,Spayed,fractious,Fall,No
cat,5,Spayed,normal,Spring,Yes
cat,2,Neutered,behavior  moderate,Spring,Yes
cat,5,Spayed,normal,Winter,No
cat,2,Female,normal,Summer,Yes
cat,5,Neutered,normal,Spring,No
cat,8,Neutered,normal,Summer,No
cat,8,Neutered,normal,Fall,No
cat,9,Spayed,injured  moderate,Fall,No
dog,14,Male,ill mild,Fall,No
cat,5,Neutered,ill moderatete,Winter,Yes
Other,9,Female,normal,Spring,No
dog,6,Neutered,normal,Summer,No
cat,1,Female,under age/weight,Fall,No
cat,4,Male,under age/weight,Summer,No
dog,7,Male,normal,Fall,No
dog,5,Neutered,normal,Winter,No
dog,8,Neutered,normal,Fall,Yes
dog,1,Neutered,normal,Spring,Yes
cat,4,Female,under age/weight,Spring,No
cat,4,Female,under age/weight,Spring,No
dog,12,Female,normal,Fall,No
bird,5,Unknown,ill moderatete,Summer,No
dog,2,Spayed,normal,Summer,Yes
dog,1,Female,normal,Spring,No
dog,16,Neutered,ill mild,Spring,No
dog,16,Male,normal,Fall,No
cat,7,Unknown,under age/weight,Summer,No
dog,13,Male,normal,Spring,No
dog,4,Neutered,normal,Spring,Yes
dog,2,Male,normal,Summer,No
cat,2,Male,normal,Summer,Yes
dog,16,Neutered,normal,Summer,No
cat,2,Spayed,under age/weight,Summer,Yes
dog,9,Female,normal,Spring,Yes
cat,14,Neutered,normal,Spring,Yes
cat,6,Female,fractious,Summer,No
cat,4,Male,under age/weight,Fall,No
cat,5,Female,normal,Fall,No
dog,1,Spayed,normal,Fall,No
dog,1,Male,normal,Fall,Yes
dog,10,Male,normal,Summer,No
wild,0,Unknown,injured  severe,Spring,No
cat,1,Spayed,under age/weight,Fall,Yes
wild,7,Unknown,injured  severe,Fall,No
dog,15,Neutered,normal,Fall,No
dog,4,Spayed,normal,Fall,No
dog,4,Neutered,normal,Fall,Yes
dog,14,Spayed,normal,Winter,No
dog,6,Spayed,normal,Summer,Yes
dog,12,Male,normal,Winter,No
cat,16,Female,ill mild,Summer,No
cat,0,Spayed,ill mild,Summer,Yes
bird,7,Unknown,injured  severe,Fall,No
cat,2,Neutered,ill moderatete,Fall,Yes
dog,8,Spayed,normal,Summer,Yes
dog,2,Female,injured  moderate,Spring,No
cat,5,Female,ill mild,Fall,No
cat,10,Neutered,ill mild,Summer,No
dog,6,Male,normal,Spring,Yes
wild,3,Unknown,injured  severe,Fall,No
dog,5,Neutered,normal,Summer,Yes
dog,1,Female,normal,Fall,No
dog,0,Spayed,normal,Summer,Yes
dog,0,Spayed,normal,Summer,Yes
dog,4,Spayed,normal,Summer,Yes
cat,6,Spayed,under age/weight,Fall,Yes
rabbit,3,Neutered,normal,Spring,No
rabbit,3,Spayed,normal,Summer,Yes
rabbit,3,Spayed,normal,Summer,Yes
other,1,Unknown,under age/weight,Spring,No
cat,5,Unknown,under age/weight,Winter,No
cat,3,Spayed,normal,Spring,Yes
cat,6,Spayed,normal,Winter,Yes
dog,5,Male,normal,Winter,No
dog,8,Male,normal,Winter,No
dog,7,Neutered,normal,Spring,No
cat,2,Male,ill moderatete,Spring,No
cat,7,Spayed,normal,Summer,No
cat,2,Male,normal,Spring,No
cat,7,Male,normal,Summer,No
cat,7,Unknown,fractious,Spring,No
cat,7,Neutered,normal,Winter,Yes
cat,8,Unknown,normal,Winter,No
cat,6,Neutered,under age/weight,Fall,Yes
cat,6,Unknown,under age/weight,Fall,No
cat,1,Female,ill mild,Fall,Yes
dog,10,Neutered,injured  mild,Fall,No
dog,9,Male,normal,Fall,Yes
wild,1,Female,ill severe,Fall,No
dog,1,Spayed,normal,Summer,Yes
dog,3,Neutered,normal,Summer,Yes
cat,2,Female,normal,Spring,Yes
dog,1,Female,normal,Spring,No
dog,1,Female,normal,Spring,No
dog,6,Male,normal,Winter,Yes
dog,7,Male,normal,Fall,No
dog,9,Female,injured  severe,Summer,Yes
cat,3,Spayed,fractious,Fall,No
dog,10,Female,normal,Winter,No
dog,13,Neutered,normal,Fall,No
cat,5,Female,normal,Winter,No
rabbit,3,Spayed,normal,Spring,No
bird,2,Unknown,ill severe,Summer,No
dog,16,Male,normal,Winter,No
cat,6,Male,under age/weight,Spring,No
cat,6,Male,under age/weight,Spring,No
dog,3,Spayed,normal,Fall,Yes
Other,9,Unknown,normal,Fall,No
dog,6,Male,normal,Fall,No
dog,12,Neutered,normal,Fall,No
bird,4,Unknown,injured  severe,Summer,No
dog,9,Spayed,normal,Summer,No
dog,8,Female,normal,Fall,Yes
cat,8,Spayed,feral,Summer,No
cat,1,Neutered,under age/weight,Winter,Yes
cat,1,Female,under age/weight,Winter,Yes
cat,1,Male,under age/weight,Fall,No
cat,2,Neutered,ill moderatete,Summer,Yes
dog,10,Neutered,normal,Summer,No
dog,13,Neutered,normal,Winter,No
cat,8,Male,normal,Fall,Yes
cat,14,Male,ill mild,Winter,No
cat,12,Male,ill severe,Summer,No
other,2,Unknown,under age/weight,Spring,No
dog,3,Male,normal,Spring,No
other,1,Unknown,injured  moderate,Fall,No
dog,4,Spayed,normal,Fall,No
other,6,Unknown,under age/weight,Summer,No
wild,5,Unknown,injured  moderate,Spring,No
dog,3,Neutered,normal,Summer,Yes
dog,0,Neutered,normal,Fall,Yes
cat,0,Spayed,ill severe,Summer,Yes
cat,8,Unknown,under age/weight,Spring,No
wild,3,Unknown,ill moderatete,Summer,No
cat,6,Female,fractious,Winter,No
cat,5,Female,normal,Winter,No
dog,14,Neutered,Other,Summer,No
dog,7,Spayed,normal,Fall,No
wild,2,Unknown,under age/weight,Summer,No
other,6,Unknown,under age/weight,Spring,No
other,6,Unknown,under age/weight,Spring,No
other,6,Unknown,under age/weight,Spring,No
other,6,Unknown,under age/weight,Spring,No
cat,5,Male,under age/weight,Summer,No
cat,5,Male,under age/weight,Summer,Yes
cat,0,Spayed,normal,Summer,No
dog,10,Male,normal,Winter,No
dog,17,Neutered,injured  severe,Winter,No
dog,2,Female,ill moderatete,Winter,Yes
cat,1,Male,ill mild,Summer,No
dog,7,Female,normal,Spring,No
cat,6,Neutered,injured  moderate,Spring,Yes
dog,5,Male,behavior  moderate,Spring,Yes
dog,12,Female,i/i report,Summer,No
dog,5,Male,normal,Fall,No
dog,7,Spayed,normal,Winter,No
dog,12,Spayed,normal,Summer,No
dog,18,Female,injured  mild,Summer,No
cat,13,Spayed,normal,Winter,Yes
cat,7,Neutered,normal,Summer,Yes
cat,8,Neutered,injured  mild,Winter,No
cat,1,Neutered,normal,Fall,No
cat,0,Unknown,under age/weight,Fall,No
cat,0,Male,under age/weight,Fall,No
dog,2,Spayed,normal,Spring,Yes
cat,0,Female,under age/weight,Summer,No
cat,1,Male,under age/weight,Fall,No
dog,8,Female,normal,Fall,No
dog,8,Female,ill mild,Winter,No
dog,12,Spayed,normal,Spring,No
other,6,Unknown,ill mild,Fall,No
cat,7,Spayed,fractious,Fall,No
dog,8,Neutered,injured  severe,Spring,No
dog,7,Female,normal,Spring,No
dog,11,Male,normal,Spring,No
other,3,Unknown,normal,Winter,No
dog,9,Spayed,behavior  severe,Winter,No
cat,5,Male,normal,Fall,No
cat,5,Male,normal,Fall,No
other,7,Unknown,ill moderatete,Summer,No
bird,6,Unknown,under age/weight,Spring,No
cat,6,Spayed,fractious,Winter,Yes
dog,3,Spayed,normal,Fall,Yes
cat,19,Spayed,normal,Spring,No
dog,9,Neutered,normal,Spring,No
dog,10,Male,ill mild,Fall,No
cat,4,Neutered,under age/weight,Summer,Yes
cat,4,Neutered,under age/weight,Spring,Yes
dog,8,Female,normal,Fall,No
cat,6,Male,injured  moderate,Spring,No
cat,6,Female,normal,Winter,No
dog,6,Neutered,normal,Spring,Yes
wild,1,Unknown,injured  severe,Fall,No
dog,11,Male,normal,Winter,No
cat,7,Female,normal,Fall,Yes
dog,5,Female,injured  moderate,Summer,No
cat,14,Spayed,normal,Fall,Yes
cat,10,Spayed,normal,Winter,Yes
cat,8,Unknown,ill severe,Fall,No
dog,20,Female,injured  severe,Fall,No
cat,21,Spayed,injured  severe,Spring,No
dog,8,Neutered,normal,Spring,No
wild,5,Male,injured  severe,Winter,No
bird,6,Unknown,injured  mild,Winter,No
bird,1,Unknown,injured  mild,Summer,No
cat,4,Neutered,normal,Summer,Yes
other,5,Unknown,injured  severe,Spring,No
dog,14,Male,normal,Winter,No
cat,2,Male,ill severe,Summer,No
bird,7,Female,normal,Spring,No
cat,13,Unknown,ill severe,Winter,No
cat,1,Spayed,normal,Summer,Yes
cat,6,Male,normal,Winter,Yes
dog,2,Male,normal,Winter,No
dog,11,Neutered,normal,Winter,No
cat,8,Neutered,injured  moderate,Spring,No
cat,4,Spayed,normal,Spring,No
dog,3,Neutered,i/i report,Spring,No
cat,6,Spayed,fractious,Fall,No
cat,10,Neutered,injured  severe,Spring,No
bird,7,Unknown,injured  severe,Spring,No
wild,8,Unknown,ill severe,Fall,No
other,1,Unknown,injured  moderate,Fall,No
cat,10,Neutered,ill moderatete,Spring,No
cat,4,Unknown,injured  severe,Fall,No
dog,5,Neutered,normal,Spring,Yes
cat,3,Spayed,fractious,Summer,Yes
dog,1,Female,i/i report,Spring,No
dog,7,Male,normal,Winter,No
cat,0,Female,under age/weight,Fall,No
rabbit,8,Spayed,normal,Fall,No
dog,3,Male,normal,Fall,Yes
bird,7,Unknown,injured  severe,Fall,No
dog,3,Neutered,injured  mild,Summer,Yes
cat,1,Neutered,under age/weight,Fall,No
dog,4,Female,normal,Winter,Yes
cat,1,Female,under age/weight,Fall,Yes
cat,1,Neutered,normal,Winter,Yes
cat,1,Male,ill mild,Spring,No
cat,5,Male,under age/weight,Summer,No
cat,5,Female,under age/weight,Summer,No
cat,2,Neutered,normal,Summer,Yes
other,1,Male,ill severe,Spring,No
wild,6,Unknown,injured  severe,Summer,No
dog,10,Neutered,normal,Winter,No
cat,8,Spayed,normal,Fall,No
cat,6,Male,under age/weight,Summer,No
cat,5,Female,normal,Summer,No
dog,14,Neutered,normal,Winter,Yes
cat,1,Male,under age/weight,Fall,No
dog,5,Spayed,ill mild,Fall,Yes
dog,10,Neutered,normal,Winter,No
bird,7,Unknown,injured  mild,Spring,No
cat,0,Male,ill moderatete,Fall,No
dog,13,Female,normal,Fall,No
dog,13,Neutered,injured  moderate,Spring,Yes
cat,5,Female,under age/weight,Spring,No
cat,7,Unknown,under age/weight,Summer,No
dog,5,Spayed,normal,Fall,Yes
dog,3,Neutered,normal,Summer,Yes
cat,2,Unknown,ill severe,Summer,No
dog,5,Female,injured  mild,Fall,No
cat,9,Spayed,normal,Fall,No
cat,1,Male,injured  mild,Summer,No
dog,15,Neutered,normal,Summer,No
other,6,Unknown,injured  severe,Summer,No
dog,8,Male,normal,Summer,No
cat,2,Male,behavior  mild,Summer,No
dog,4,Female,normal,Summer,No
cat,0,Female,under age/weight,Fall,No
cat,1,Female,injured  severe,Spring,No
cat,3,Spayed,normal,Winter,Yes
dog,3,Female,normal,Spring,No
cat,5,Female,under age/weight,Fall,No
bird,3,Unknown,injured  severe,Summer,No
wild,2,Unknown,injured  severe,Summer,No
wild,2,Unknown,injured  severe,Summer,No
dog,2,Male,normal,Spring,No
cat,6,Male,under age/weight,Spring,No
dog,11,Neutered,normal,Spring,No
cat,2,Male,normal,Fall,Yes
cat,4,Male,under age/weight,Spring,No
Other,2,Female,normal,Spring,Yes
Other,1,Unknown,normal,Fall,No
dog,5,Male,normal,Winter,No
cat,5,Neutered,normal,Summer,Yes
dog,5,Male,normal,Winter,No
dog,5,Neutered,normal,Spring,Yes
other,4,Unknown,under age/weight,Summer,No
dog,9,Male,normal,Winter,No
dog,2,Male,normal,Winter,No
dog,2,Female,normal,Winter,No
dog,15,Neutered,ill moderatete,Winter,No
cat,2,Neutered,normal,Fall,Yes
cat,11,Neutered,normal,Winter,Yes
cat,2,Neutered,normal,Fall,Yes
cat,2,Female,normal,Spring,Yes
cat,10,Spayed,normal,Fall,Yes
wild,2,Unknown,ill severe,Spring,No
cat,5,Unknown,under age/weight,Fall,No
cat,5,Unknown,under age/weight,Fall,No
cat,2,Neutered,normal,Winter,Yes
dog,3,Female,normal,Spring,No
wild,6,Unknown,injured  moderate,Fall,No
Other,2,Male,normal,Summer,Yes
dog,11,Male,normal,Winter,No
cat,0,Neutered,ill severe,Summer,Yes
cat,0,Spayed,ill severe,Fall,Yes
dog,2,Spayed,normal,Fall,Yes
cat,1,Neutered,ill mild,Fall,No
cat,1,Neutered,ill mild,Fall,No
dog,5,Male,behavior  mild,Summer,No
dog,12,Neutered,injured  moderate,Winter,No
cat,7,Spayed,fractious,Summer,No
Other,3,Female,normal,Spring,Yes
cat,5,Spayed,normal,Fall,Yes
dog,7,Neutered,fractious,Spring,No
cat,10,Neutered,normal,Spring,No
cat,8,Neutered,normal,Winter,No
wild,8,Unknown,under age/weight,Spring,No
wild,8,Unknown,under age/weight,Spring,No
cat,5,Spayed,under age/weight,Summer,Yes
bird,4,Unknown,ill moderatete,Fall,No
cat,5,Spayed,normal,Summer,No
cat,5,Male,under age/weight,Summer,Yes
cat,9,Male,normal,Summer,Yes
dog,2,Spayed,normal,Winter,Yes
dog,16,Male,normal,Winter,No
cat,1,Male,under age/weight,Fall,No
wild,3,Unknown,injured  severe,Spring,No
cat,5,Spayed,under age/weight,Spring,Yes
cat,7,Neutered,normal,Spring,No
cat,1,Male,under age/weight,Fall,No
wild,3,Female,ill severe,Summer,No
dog,8,Female,normal,Spring,No
wild,8,Unknown,ill severe,Fall,No
dog,7,Spayed,normal,Fall,No
dog,5,Male,ill mild,Spring,No
dog,2,Male,normal,Summer,No
cat,8,Female,under age/weight,Spring,No
other,7,Unknown,ill severe,Summer,No
cat,7,Female,behavior  moderate,Summer,No
other,6,Unknown,under age/weight,Spring,No
cat,5,Neutered,normal,Fall,Yes
cat,1,Unknown,under age/weight,Spring,No
bird,2,Unknown,injured  severe,Fall,No
dog,10,Male,normal,Fall,No
cat,9,Neutered,normal,Fall,No
cat,2,Male,ill mild,Summer,No
cat,2,Male,ill mild,Summer,No
cat,2,Female,under age/weight,Summer,Yes
cat,2,Female,under age/weight,Summer,Yes
cat,12,Male,ill severe,Fall,No
cat,0,Spayed,normal,Fall,No
cat,6,Male,normal,Summer,No
cat,14,Neutered,injured  severe,Fall,No
bird,8,Unknown,injured  severe,Fall,No
dog,2,Male,normal,Summer,Yes
cat,5,Female,normal,Winter,No
cat,5,Female,normal,Winter,No
dog,4,Spayed,normal,Spring,Yes
dog,12,Spayed,behavior  severe,Winter,No
cat,3,Neutered,ill mild,Spring,Yes
dog,5,Female,injured  severe,Winter,No
bird,3,Unknown,injured  moderate,Spring,No
dog,9,Female,normal,Fall,No
wild,6,Unknown,ill severe,Fall,No
cat,0,Neutered,normal,Fall,Yes
cat,0,Neutered,normal,Summer,Yes
cat,0,Neutered,under age/weight,Fall,Yes
cat,0,Neutered,under age/weight,Summer,Yes
cat,0,Spayed,under age/weight,Fall,Yes
cat,6,Male,under age/weight,Spring,No
cat,7,Female,normal,Spring,No
dog,5,Male,normal,Summer,No
dog,3,Female,injured  moderate,Fall,No
cat,3,Female,ill severe,Fall,No
other,6,Unknown,ill moderatete,Fall,No
dog,17,Neutered,ill mild,Spring,No
cat,2,Spayed,injured  moderate,Fall,No
dog,5,Neutered,normal,Fall,Yes
dog,5,Spayed,normal,Fall,Yes
wild,5,Unknown,injured  severe,Summer,No
bird,7,Unknown,ill moderatete,Winter,No
cat,6,Unknown,ill moderatete,Fall,No
cat,7,Neutered,normal,Fall,Yes
dog,14,Neutered,normal,Summer,No
dog,6,Male,normal,Winter,No
cat,6,Female,under age/weight,Summer,No
dog,9,Female,normal,Winter,No
cat,10,Unknown,ill mild,Spring,No
dog,18,Neutered,injured  moderate,Fall,No
dog,2,Female,normal,Fall,No
cat,18,Spayed,normal,Summer,No
cat,9,Neutered,normal,Spring,Yes
dog,1,Neutered,normal,Summer,Yes
cat,7,Female,under age/weight,Summer,No
cat,6,Unknown,fractious,Summer,No
bird,9,Female,normal,Fall,No
dog,8,Spayed,normal,Winter,Yes
dog,1,Male,i/i report,Summer,No
dog,1,Female,i/i report,Summer,No
wild,8,Male,injured  severe,Spring,No
cat,9,Male,fractious,Fall,No
cat,2,Neutered,under age/weight,Summer,Yes
cat,4,Spayed,normal,Winter,Yes
dog,4,Neutered,normal,Fall,Yes
bird,5,Unknown,injured  severe,Spring,No
cat,1,Spayed,ill mild,Fall,Yes
dog,5,Female,normal,Spring,No
cat,0,Neutered,under age/weight,Fall,Yes
cat,1,Neutered,under age/weight,Spring,No
dog,4,Neutered,normal,Spring,Yes
cat,1,Neutered,under age/weight,Summer,Yes
dog,4,Spayed,normal,Fall,Yes
dog,6,Female,normal,Winter,No
cat,4,Neutered,fractious,Summer,No
dog,14,Male,ill severe,Winter,No
cat,1,Male,under age/weight,Summer,Yes
cat,1,Neutered,under age/weight,Winter,Yes
bird,8,Unknown,injured  moderate,Fall,No
cat,7,Unknown,under age/weight,Fall,No
dog,11,Neutered,normal,Winter,No
cat,5,Unknown,under age/weight,Fall,No
cat,19,Neutered,ill mild,Fall,No
cat,14,Neutered,normal,Spring,No
dog,12,Neutered,normal,Fall,No
dog,8,Spayed,normal,Spring,No
cat,7,Female,normal,Fall,No
dog,16,Male,normal,Fall,No
cat,7,Neutered,normal,Summer,No
dog,14,Spayed,normal,Spring,No
cat,4,Male,under age/weight,Fall,Yes
cat,6,Female,under age/weight,Fall,No
cat,6,Female,under age/weight,Fall,No
cat,2,Spayed,normal,Winter,No
cat,2,Spayed,normal,Summer,Yes
cat,1,Male,under age/weight,Spring,No
dog,12,Male,normal,Summer,No
dog,8,Spayed,normal,Winter,Yes
cat,6,Unknown,under age/weight,Spring,No
dog,4,Spayed,ill mild,Spring,Yes
cat,4,Female,ill moderatete,Summer,No
cat,0,Male,under age/weight,Summer,No
cat,11,Neutered,normal,Winter,No
cat,11,Spayed,normal,Winter,No
dog,9,Spayed,normal,Winter,No
dog,2,Male,normal,Spring,No
cat,2,Spayed,under age/weight,Fall,Yes
cat,2,Female,under age/weight,Fall,No
cat,13,Female,normal,Summer,No
dog,3,Female,behavior  moderate,Summer,No
cat,0,Male,under age/weight,Summer,No
cat,0,Neutered,under age/weight,Summer,No
dog,7,Female,normal,Spring,No
cat,5,Spayed,normal,Fall,Yes
cat,3,Female,ill severe,Winter,No
cat,4,Male,ill severe,Winter,No
cat,6,Male,under age/weight,Spring,No
cat,6,Female,under age/weight,Spring,No
cat,2,Female,under age/weight,Summer,Yes
cat,6,Unknown,injured  moderate,Winter,No
cat,3,Female,injured  severe,Winter,No
dog,8,Male,normal,Fall,No
dog,5,Spayed,normal,Fall,Yes
cat,5,Neutered,normal,Fall,Yes
cat,5,Spayed,normal,Summer,Yes
cat,1,Female,ill mild,Fall,No
cat,1,Neutered,normal,Fall,Yes
wild,5,Unknown,injured  severe,Winter,No
dog,4,Spayed,normal,Fall,Yes
cat,0,Spayed,under age/weight,Fall,Yes
cat,0,Neutered,under age/weight,Fall,Yes
cat,6,Unknown,ill severe,Fall,No
dog,3,Male,normal,Winter,No
dog,10,Female,normal,Fall,No
cat,4,Male,under age/weight,Summer,No
cat,4,Female,under age/weight,Summer,No
dog,2,Neutered,normal,Summer,Yes
dog,3,Neutered,normal,Winter,Yes
bird,7,Unknown,normal,Fall,No
dog,10,Male,normal,Spring,No
cat,4,Neutered,ill moderatete,Summer,No
dog,8,Male,normal,Spring,No
cat,5,Female,normal,Winter,No
cat,6,Female,under age/weight,Spring,No
cat,5,Male,normal,Summer,No
cat,0,Unknown,under age/weight,Spring,No
cat,4,Neutered,normal,Summer,Yes
cat,15,Unknown,ill severe,Winter,No
cat,4,Neutered,normal,Summer,Yes
cat,4,Neutered,normal,Summer,Yes
dog,7,Male,normal,Fall,No
dog,3,Female,injured  mild,Winter,No
dog,7,Male,injured  mild,Fall,No
dog,8,Female,normal,Spring,No
dog,14,Female,injured  moderate,Summer,No
cat,0,Male,ill moderatete,Fall,No
cat,11,Neutered,normal,Spring,No
cat,5,Female,under age/weight,Spring,No
cat,5,Unknown,under age/weight,Spring,No
cat,6,Unknown,under age/weight,Fall,No
cat,2,Male,under age/weight,Summer,Yes
cat,6,Male,under age/weight,Fall,No
cat,8,Spayed,fractious,Summer,No
cat,13,Neutered,normal,Spring,No
cat,9,Spayed,normal,Winter,No
cat,8,Neutered,fractious,Spring,No
cat,12,Neutered,feral,Spring,No
cat,9,Neutered,fractious,Winter,No
cat,13,Neutered,feral,Spring,No
cat,11,Neutered,fractious,Summer,No
cat,6,Neutered,normal,Spring,Yes
dog,3,Male,injured  mild,Fall,No
dog,6,Spayed,normal,Fall,Yes
cat,8,Male,normal,Winter,No
cat,7,Male,injured  severe,Summer,No
cat,0,Female,under age/weight,Summer,No
dog,3,Spayed,normal,Winter,Yes
dog,19,Male,ill severe,Spring,Yes
cat,4,Male,normal,Summer,No
cat,8,Male,ill mild,Spring,No
dog,9,Female,normal,Fall,No
dog,5,Male,normal,Spring,No
cat,8,Spayed,normal,Fall,No
dog,11,Female,normal,Summer,No
Other,11,Female,injured  mild,Fall,No
dog,2,Neutered,normal,Summer,Yes
wild,4,Unknown,ill severe,Fall,No
dog,9,Spayed,normal,Fall,Yes
cat,0,Unknown,under age/weight,Spring,No
cat,0,Female,under age/weight,Summer,No
cat,0,Female,under age/weight,Summer,No
cat,1,Spayed,normal,Summer,No
cat,3,Female,ill mild,Spring,No
dog,6,Female,normal,Summer,No
dog,10,Male,normal,Fall,No
cat,6,Male,under age/weight,Spring,No
cat,6,Male,under age/weight,Spring,No
dog,2,Female,normal,Winter,Yes
dog,9,Neutered,normal,Winter,Yes
cat,10,Male,injured  moderate,Winter,No
dog,4,Male,normal,Winter,No
dog,1,Male,normal,Summer,No
cat,9,Neutered,normal,Winter,Yes
cat,2,Neutered,ill moderatete,Winter,No
cat,6,Unknown,injured  severe,Fall,No
dog,4,Male,normal,Fall,No
dog,4,Female,normal,Fall,No
cat,1,Spayed,under age/weight,Fall,Yes
cat,23,Female,Other,Winter,No
cat,1,Female,under age/weight,Spring,No
dog,1,Spayed,normal,Fall,Yes
cat,5,Male,normal,Winter,No
cat,4,Neutered,ill moderatete,Winter,No
cat,4,Spayed,normal,Fall,Yes
cat,8,Neutered,injured  moderate,Fall,No
cat,4,Male,under age/weight,Fall,No
cat,4,Unknown,normal,Winter,No
cat,1,Spayed,normal,Winter,Yes
dog,7,Spayed,ill mild,Winter,No
cat,4,Female,under age/weight,Fall,Yes
dog,8,Male,normal,Spring,No
dog,8,Spayed,normal,Fall,Yes
cat,11,Female,normal,Fall,No
cat,7,Female,under age/weight,Spring,No
cat,7,Female,under age/weight,Spring,No
dog,8,Male,normal,Spring,No
cat,1,Unknown,under age/weight,Spring,No
cat,1,Unknown,under age/weight,Spring,No
cat,8,Female,normal,Winter,No
wild,4,Unknown,injured  moderate,Summer,No
other,2,Unknown,under age/weight,Spring,No
bird,3,Unknown,ill severe,Fall,No
bird,5,Unknown,injured  moderate,Fall,No
dog,4,Neutered,normal,Winter,Yes
cat,0,Neutered,under age/weight,Summer,Yes
cat,6,Unknown,under age/weight,Spring,No
cat,6,Unknown,under age/weight,Spring,No
cat,6,Unknown,under age/weight,Spring,No
cat,4,Neutered,injured  mild,Spring,Yes
dog,13,Neutered,normal,Fall,Yes
dog,14,Female,injured  severe,Summer,No
cat,5,Female,under age/weight,Summer,No
wild,2,Unknown,injured  severe,Spring,No
dog,6,Male,normal,Spring,Yes
cat,6,Neutered,injured  mild,Winter,Yes
cat,7,Neutered,injured  mild,Fall,Yes
cat,8,Unknown,injured  severe,Spring,No
cat,3,Spayed,injured  mild,Fall,Yes
dog,7,Male,normal,Summer,No
dog,10,Spayed,injured  severe,Summer,No
dog,3,Female,under age/weight,Summer,No
dog,10,Neutered,behavior  moderate,Fall,Yes
Other,9,Unknown,normal,Winter,No
dog,11,Neutered,normal,Spring,No
Other,9,Unknown,normal,Winter,No
dog,10,Spayed,injured  severe,Summer,No
dog,3,Neutered,normal,Winter,Yes
dog,7,Male,normal,Summer,No
cat,4,Male,normal,Fall,No
dog,3,Neutered,injured  moderate,Winter,Yes
dog,7,Female,ill severe,Spring,No
cat,0,Neutered,normal,Fall,Yes
cat,11,Neutered,fractious,Spring,No
cat,1,Neutered,normal,Fall,Yes
cat,1,Spayed,ill mild,Fall,No
dog,1,Spayed,normal,Fall,Yes
cat,0,Female,under age/weight,Summer,No
dog,1,Neutered,i/i report,Winter,No
dog,15,Neutered,normal,Winter,Yes
dog,8,Spayed,normal,Spring,Yes
dog,1,Male,normal,Summer,No
dog,3,Spayed,normal,Fall,Yes
dog,2,Neutered,normal,Winter,Yes
dog,3,Female,normal,Spring,No
dog,3,Neutered,normal,Winter,Yes
cat,7,Neutered,fractious,Fall,No
dog,9,Male,injured  mild,Spring,No
dog,9,Spayed,normal,Spring,No
cat,6,Neutered,fractious,Fall,No
dog,8,Female,normal,Winter,No
dog,10,Female,normal,Winter,No
cat,9,Neutered,normal,Winter,Yes
dog,8,Male,normal,Fall,Yes
cat,5,Female,under age/weight,Spring,No
cat,6,Male,under age/weight,Fall,No
cat,6,Female,under age/weight,Fall,No
dog,11,Female,normal,Winter,No
cat,9,Spayed,fractious,Spring,No
dog,8,Male,normal,Spring,Yes
cat,0,Neutered,normal,Fall,Yes
rabbit,4,Spayed,normal,Winter,Yes
dog,11,Neutered,normal,Winter,No
dog,11,Female,normal,Spring,No
cat,5,Female,ill mild,Fall,No
dog,8,Male,normal,Winter,Yes
cat,8,Female,normal,Winter,No
bird,0,Unknown,under age/weight,Summer,No
dog,8,Neutered,behavior  moderate,Spring,No
cat,6,Neutered,normal,Winter,No
cat,7,Neutered,normal,Winter,No
cat,5,Spayed,normal,Winter,No
cat,5,Female,normal,Fall,No
cat,5,Male,normal,Summer,No
cat,4,Male,normal,Summer,No
cat,4,Male,normal,Summer,No
cat,4,Male,normal,Summer,No
dog,3,Female,normal,Winter,No
dog,9,Male,normal,Spring,No
dog,13,Male,ill severe,Spring,No
dog,11,Neutered,injured  mild,Fall,No
dog,13,Neutered,normal,Winter,No
other,8,Unknown,normal,Winter,No
other,8,Unknown,normal,Winter,No
other,8,Unknown,normal,Winter,No
other,8,Unknown,normal,Winter,No
dog,2,Neutered,normal,Winter,Yes
cat,11,Neutered,fractious,Spring,No
dog,7,Female,normal,Fall,No
cat,12,Spayed,normal,Spring,Yes
cat,7,Spayed,normal,Summer,No
cat,7,Spayed,normal,Winter,Yes
bird,3,Unknown,ill severe,Spring,No
cat,1,Male,normal,Summer,No
cat,0,Spayed,normal,Summer,Yes
cat,5,Male,under age/weight,Summer,No
cat,8,Male,normal,Winter,No
cat,8,Spayed,normal,Winter,Yes
cat,7,Neutered,fractious,Fall,No
bird,6,Male,normal,Fall,No
cat,13,Neutered,normal,Summer,Yes
wild,12,Female,injured  severe,Summer,No
rabbit,6,Spayed,under age/weight,Winter,No
rabbit,6,Unknown,under age/weight,Spring,No
cat,6,Male,under age/weight,Spring,No
dog,10,Male,normal,Summer,No
cat,14,Female,normal,Winter,Yes
dog,1,Spayed,normal,Spring,Yes
dog,0,Male,under age/weight,Summer,No
dog,0,Male,under age/weight,Summer,No
cat,7,Neutered,feral,Summer,No
cat,7,Unknown,under age/weight,Winter,No
cat,0,Male,under age/weight,Summer,No
cat,6,Male,under age/weight,Spring,No
dog,19,Neutered,normal,Summer,No
other,0,Unknown,injured  severe,Fall,No
cat,0,Female,under age/weight,Summer,No
cat,0,Female,under age/weight,Summer,No
cat,0,Spayed,under age/weight,Summer,Yes
cat,4,Female,normal,Summer,No
cat,6,Female,under age/weight,Summer,No
cat,6,Neutered,normal,Summer,No
cat,6,Male,normal,Summer,No
dog,2,Neutered,normal,Fall,No
dog,7,Spayed,normal,Winter,No
dog,11,Female,normal,Winter,No
dog,2,Spayed,i/i report,Fall,Yes
cat,4,Neutered,normal,Summer,Yes
dog,6,Male,normal,Winter,No
dog,7,Male,normal,Summer,No
cat,9,Male,normal,Winter,No
cat,7,Female,normal,Summer,No
cat,10,Spayed,normal,Summer,No
dog,9,Female,normal,Fall,No
bird,2,Unknown,injured  severe,Winter,No
dog,15,Male,normal,Spring,No
dog,7,Spayed,normal,Spring,No
cat,10,Female,normal,Spring,No
cat,7,Unknown,normal,Spring,No
dog,6,Neutered,normal,Summer,Yes
dog,4,Spayed,i/i report,Summer,Yes
cat,1,Female,under age/weight,Summer,Yes
bird,5,Unknown,ill mild,Winter,No
bird,8,Unknown,injured  mild,Spring,No
bird,5,Unknown,injured  moderate,Summer,No
cat,2,Spayed,under age/weight,Fall,Yes
cat,11,Female,ill severe,Winter,No
dog,3,Male,normal,Fall,No
cat,6,Neutered,normal,Fall,No
dog,3,Male,normal,Spring,No
dog,6,Neutered,behavior  moderate,Winter,No
dog,8,Neutered,normal,Summer,No
rabbit,4,Neutered,normal,Fall,No
dog,9,Male,injured  mild,Summer,No
cat,1,Male,under age/weight,Winter,No
dog,13,Male,normal,Winter,No
cat,10,Neutered,fractious,Fall,No
cat,6,Male,fractious,Fall,Yes
cat,3,Spayed,normal,Summer,No
dog,3,Neutered,normal,Winter,No
dog,11,Male,fractious,Fall,No
cat,1,Unknown,under age/weight,Winter,No
cat,0,Female,under age/weight,Fall,No
dog,11,Male,normal,Fall,No
dog,9,Female,normal,Spring,No
other,6,Unknown,injured  severe,Fall,No
cat,5,Neutered,i/i report,Winter,Yes
wild,8,Unknown,under age/weight,Spring,No
wild,8,Unknown,under age/weight,Spring,No
wild,8,Unknown,under age/weight,Spring,No
dog,11,Spayed,injured  mild,Spring,No
cat,7,Unknown,under age/weight,Fall,No
cat,7,Unknown,under age/weight,Fall,No
dog,17,Male,normal,Spring,No
cat,11,Neutered,feral,Summer,No
dog,8,Female,normal,Spring,No
cat,11,Neutered,fractious,Summer,No
cat,5,Female,fractious,Summer,No
cat,9,Neutered,fractious,Summer,No
cat,7,Spayed,fractious,Summer,No
rabbit,2,Neutered,normal,Fall,Yes
cat,10,Female,normal,Winter,Yes
cat,2,Neutered,normal,Winter,No
wild,9,Unknown,normal,Winter,No
other,2,Unknown,under age/weight,Spring,No
cat,5,Male,normal,Summer,No
dog,4,Male,fractious,Fall,No
dog,2,Male,injured  severe,Spring,No
cat,8,Neutered,normal,Winter,No
cat,4,Spayed,behavior  mild,Fall,Yes
Other,2,Female,normal,Fall,Yes
cat,0,Neutered,under age/weight,Winter,No
wild,5,Unknown,injured  moderate,Spring,No
dog,11,Male,normal,Winter,Yes
wild,5,Unknown,injured  moderate,Spring,No
cat,6,Male,normal,Summer,No
cat,8,Neutered,normal,Spring,No
cat,6,Male,under age/weight,Summer,No
cat,6,Male,under age/weight,Spring,No
cat,6,Female,under age/weight,Summer,No
cat,5,Male,under age/weight,Summer,No
cat,1,Spayed,normal,Fall,No
dog,1,Male,normal,Summer,No
cat,1,Male,ill mild,Summer,No
cat,7,Spayed,normal,Summer,Yes
cat,7,Neutered,normal,Summer,Yes
dog,13,Neutered,normal,Winter,No
cat,10,Female,ill mild,Spring,No
dog,9,Spayed,normal,Winter,Yes
dog,6,Male,normal,Summer,No
cat,3,Neutered,normal,Summer,No
cat,3,Male,normal,Spring,No
cat,12,Neutered,feral,Spring,No
dog,8,Female,normal,Spring,No
dog,11,Neutered,normal,Spring,No
cat,7,Male,normal,Summer,No
dog,8,Male,normal,Summer,No
rabbit,7,Neutered,normal,Summer,No
cat,0,Neutered,under age/weight,Fall,No
cat,2,Neutered,normal,Spring,Yes
bird,4,Female,injured  severe,Fall,No
cat,6,Neutered,normal,Fall,No
other,6,Unknown,injured  severe,Winter,No
cat,6,Neutered,normal,Fall,Yes
rabbit,6,Spayed,normal,Winter,No
dog,5,Neutered,normal,Spring,Yes
bird,1,Unknown,injured  severe,Spring,No
cat,5,Spayed,under age/weight,Fall,Yes
dog,3,Male,normal,Spring,No
cat,1,Spayed,ill mild,Fall,Yes
dog,7,Neutered,normal,Summer,Yes
cat,6,Male,ill severe,Summer,No
bird,4,Unknown,injured  moderate,Winter,No
cat,18,Female,normal,Winter,No
cat,5,Spayed,normal,Fall,No
dog,3,Neutered,normal,Spring,No
dog,11,Neutered,normal,Winter,No
dog,5,Neutered,behavior  moderate,Spring,No
cat,4,Male,normal,Winter,No
cat,5,Male,normal,Summer,No
dog,10,Neutered,normal,Summer,No
dog,11,Neutered,injured  mild,Spring,Yes
cat,6,Spayed,fractious,Summer,No
cat,6,Neutered,fractious,Fall,No
cat,6,Unknown,injured  severe,Fall,No
dog,9,Neutered,normal,Winter,Yes
cat,9,Neutered,fractious,Spring,Yes
cat,5,Male,ill mild,Spring,No
cat,5,Male,ill mild,Spring,No
dog,1,Neutered,normal,Fall,Yes
dog,3,Female,normal,Fall,No
dog,11,Neutered,normal,Winter,No
cat,13,Spayed,normal,Summer,No
other,6,Unknown,ill mild,Winter,No
other,1,Male,injured  severe,Fall,No
dog,3,Female,normal,Fall,No
dog,6,Neutered,normal,Fall,Yes
cat,0,Male,ill severe,Summer,No
other,6,Unknown,under age/weight,Spring,No
other,6,Female,injured  severe,Spring,No
other,6,Unknown,under age/weight,Spring,No
dog,6,Female,normal,Winter,Yes
cat,6,Female,under age/weight,Summer,No
cat,11,Neutered,normal,Winter,No
cat,13,Neutered,fractious,Spring,No
cat,6,Female,normal,Summer,No
cat,6,Male,normal,Summer,No
cat,5,Spayed,fractious,Fall,No
cat,3,Unknown,under age/weight,Fall,No
cat,1,Spayed,i/i report,Winter,Yes
cat,1,Spayed,normal,Winter,No
dog,15,Neutered,Other,Summer,Yes
cat,14,Female,normal,Spring,No
cat,5,Unknown,under age/weight,Spring,No
dog,2,Neutered,normal,Summer,Yes
cat,11,Neutered,normal,Winter,No
cat,11,Male,injured  severe,Winter,No
cat,1,Female,normal,Fall,No
rabbit,7,Spayed,normal,Winter,Yes
rabbit,4,Spayed,normal,Winter,No
dog,12,Female,normal,Summer,Yes
bird,7,Male,normal,Summer,No
cat,6,Spayed,normal,Fall,No
dog,7,Neutered,normal,Winter,Yes
cat,8,Spayed,fractious,Fall,No
cat,7,Male,normal,Summer,No
dog,13,Male,normal,Summer,No
cat,11,Neutered,normal,Spring,Yes
dog,16,Female,ill mild,Spring,No
bird,1,Unknown,under age/weight,Summer,No
dog,1,Spayed,normal,Fall,Yes
dog,10,Spayed,normal,Summer,No
dog,10,Neutered,normal,Winter,No
cat,5,Neutered,normal,Fall,Yes
dog,19,Male,ill mild,Summer,No
dog,10,Female,normal,Winter,No
cat,3,Neutered,injured  mild,Summer,No
dog,8,Male,normal,Winter,No
dog,5,Spayed,normal,Summer,Yes
dog,9,Spayed,ill moderatete,Fall,Yes
cat,4,Male,normal,Summer,No
dog,1,Male,normal,Fall,No
cat,11,Neutered,fractious,Summer,No
rabbit,1,Neutered,normal,Spring,No
dog,11,Male,Other,Spring,No
wild,1,Unknown,under age/weight,Winter,No
wild,1,Unknown,under age/weight,Winter,No
wild,1,Unknown,under age/weight,Winter,No
wild,1,Unknown,under age/weight,Winter,No
dog,16,Spayed,normal,Summer,No
dog,10,Female,injured  severe,Spring,Yes
wild,7,Unknown,under age/weight,Summer,No
cat,7,Spayed,normal,Summer,No
dog,7,Neutered,normal,Summer,No
cat,2,Male,injured  mild,Spring,No
dog,1,Male,under age/weight,Fall,No
cat,3,Neutered,injured  mild,Fall,No
cat,8,Neutered,normal,Winter,No
dog,2,Spayed,normal,Spring,Yes
dog,10,Female,behavior  mild,Fall,No
rabbit,8,Neutered,normal,Winter,Yes
dog,16,Neutered,Other,Fall,No
dog,11,Spayed,normal,Winter,No
bird,1,Unknown,injured  severe,Spring,No
bird,2,Unknown,injured  moderate,Summer,No
other,11,Male,ill severe,Spring,No
cat,7,Unknown,feral,Summer,No
cat,5,Female,under age/weight,Fall,Yes
cat,5,Female,under age/weight,Fall,No
dog,5,Spayed,normal,Fall,Yes
dog,11,Neutered,normal,Spring,No
cat,5,Neutered,normal,Winter,Yes
cat,2,Female,ill mild,Summer,No
bird,1,Unknown,ill severe,Fall,No
dog,6,Spayed,normal,Winter,Yes
cat,6,Unknown,ill mild,Summer,No
cat,7,Female,under age/weight,Summer,No
dog,11,Male,normal,Fall,No
cat,14,Unknown,ill severe,Winter,No
cat,7,Unknown,under age/weight,Summer,No
cat,3,Neutered,ill mild,Summer,No
cat,7,Female,ill severe,Fall,No
bird,7,Unknown,under age/weight,Summer,No
dog,2,Neutered,normal,Winter,No
dog,5,Spayed,normal,Winter,No
dog,2,Neutered,normal,Winter,Yes
dog,7,Male,normal,Fall,Yes
dog,6,Male,normal,Winter,No
cat,0,Spayed,under age/weight,Summer,No
dog,8,Male,normal,Fall,No
dog,1,Female,ill mild,Fall,No
dog,3,Neutered,normal,Spring,Yes
cat,2,Male,normal,Winter,Yes
dog,4,Male,injured  mild,Fall,No
dog,13,Female,normal,Summer,No
dog,10,Female,normal,Fall,No
bird,6,Unknown,injured  severe,Fall,No
dog,13,Female,normal,Winter,No
cat,5,Male,under age/weight,Summer,No
cat,5,Female,under age/weight,Summer,No
dog,7,Female,normal,Winter,No
dog,8,Female,behavior  moderate,Spring,Yes
cat,1,Unknown,injured  severe,Spring,No
cat,4,Female,under age/weight,Winter,No
cat,4,Female,under age/weight,Winter,No
dog,7,Male,Other,Summer,No
other,8,Unknown,ill severe,Spring,No
cat,4,Spayed,normal,Fall,Yes
cat,0,Neutered,under age/weight,Fall,No
cat,0,Neutered,under age/weight,Fall,No
cat,2,Male,under age/weight,Spring,No
cat,3,Female,injured  moderate,Spring,No
dog,2,Neutered,normal,Winter,Yes
wild,7,Male,injured  severe,Spring,No
dog,9,Spayed,normal,Summer,No
other,2,Unknown,ill severe,Spring,No
other,2,Unknown,ill severe,Spring,No
other,2,Unknown,ill severe,Spring,No
dog,4,Neutered,normal,Summer,Yes
dog,5,Spayed,normal,Fall,No
dog,13,Female,behavior  severe,Winter,No
cat,6,Male,normal,Summer,No
cat,1,Spayed,under age/weight,Summer,Yes
cat,5,Neutered,fractious,Fall,Yes
cat,11,Neutered,feral,Winter,No
dog,17,Neutered,normal,Spring,No
cat,1,Unknown,under age/weight,Summer,No
cat,5,Neutered,ill severe,Winter,No
cat,6,Spayed,normal,Summer,No
dog,14,Male,normal,Summer,No
cat,5,Spayed,normal,Summer,Yes
cat,4,Unknown,ill mild,Summer,No
cat,5,Spayed,normal,Summer,Yes
cat,3,Spayed,normal,Summer,Yes
cat,10,Male,ill moderatete,Spring,No
dog,15,Neutered,injured  severe,Winter,No
cat,1,Spayed,normal,Winter,No
other,2,Female,normal,Summer,No
dog,4,Neutered,normal,Winter,Yes
cat,3,Unknown,under age/weight,Spring,No
cat,9,Neutered,injured  moderate,Summer,No
dog,3,Spayed,injured  moderate,Winter,Yes
dog,2,Male,injured  moderate,Fall,No
dog,4,Neutered,injured  moderate,Spring,Yes
dog,10,Female,normal,Summer,No
cat,2,Male,ill moderatete,Fall,No
other,2,Male,normal,Summer,No
other,2,Male,normal,Summer,No
other,2,Male,normal,Summer,No
other,2,Male,normal,Spring,No
dog,11,Neutered,behavior  mild,Spring,Yes
dog,3,Female,behavior  mild,Spring,No
rabbit,7,Neutered,normal,Fall,No
cat,9,Unknown,ill mild,Summer,No
bird,8,Unknown,injured  severe,Summer,No
dog,5,Neutered,ill severe,Fall,Yes
dog,7,Spayed,normal,Winter,Yes
cat,2,Neutered,ill moderatete,Winter,Yes
dog,3,Male,injured  severe,Spring,Yes
dog,2,Male,injured  severe,Summer,No
dog,8,Neutered,normal,Summer,No
cat,0,Neutered,normal,Winter,Yes
dog,14,Neutered,normal,Winter,No
cat,26,Male,Other,Fall,No
cat,6,Neutered,injured  severe,Fall,No
dog,3,Female,normal,Fall,No
cat,5,Female,injured  severe,Spring,No
dog,3,Unknown,injured  moderate,Fall,No
cat,5,Spayed,normal,Fall,Yes
dog,2,Male,injured  moderate,Spring,No
dog,1,Male,ill severe,Spring,No
dog,2,Male,ill severe,Winter,No
cat,2,Male,ill mild,Summer,No
dog,5,Unknown,injured  severe,Winter,No
cat,2,Female,injured  severe,Summer,No
cat,1,Unknown,under age/weight,Summer,No
cat,1,Unknown,under age/weight,Summer,No
cat,6,Female,under age/weight,Spring,No
cat,5,Male,under age/weight,Summer,No
cat,7,Spayed,fractious,Fall,No
dog,15,Male,normal,Winter,No
cat,6,Male,under age/weight,Summer,No
cat,1,Male,under age/weight,Fall,No
cat,1,Female,under age/weight,Fall,No
cat,10,Neutered,injured  severe,Spring,No
dog,4,Spayed,normal,Fall,No
cat,3,Female,injured  moderate,Winter,No
cat,2,Male,ill mild,Fall,No
cat,2,Spayed,ill mild,Fall,Yes
cat,2,Male,ill mild,Fall,No
cat,4,Spayed,ill mild,Summer,No
dog,13,Female,normal,Spring,No
cat,2,Spayed,normal,Summer,Yes
cat,2,Female,normal,Summer,Yes
cat,0,Spayed,under age/weight,Spring,Yes
cat,6,Spayed,fractious,Fall,No
cat,3,Female,injured  severe,Spring,No
dog,14,Male,ill moderatete,Winter,No
dog,8,Male,normal,Fall,No
cat,5,Male,normal,Winter,No
cat,4,Male,normal,Fall,No
cat,11,Neutered,normal,Winter,No
dog,10,Neutered,normal,Fall,Yes
dog,1,Spayed,normal,Summer,No
dog,11,Female,normal,Fall,No
cat,2,Female,injured  severe,Spring,No
cat,14,Spayed,normal,Winter,No
cat,5,Female,under age/weight,Summer,Yes
cat,1,Spayed,normal,Summer,No
cat,6,Spayed,fractious,Spring,No
cat,8,Spayed,feral,Summer,No
cat,6,Neutered,normal,Fall,No
cat,9,Spayed,normal,Winter,Yes
bird,1,Unknown,under age/weight,Spring,No
dog,8,Spayed,normal,Fall,No
cat,5,Neutered,normal,Summer,No
cat,4,Male,normal,Winter,No
cat,6,Spayed,fractious,Fall,Yes
cat,2,Spayed,under age/weight,Summer,Yes
dog,18,Neutered,normal,Summer,No
dog,7,Male,normal,Summer,No
dog,12,Male,normal,Winter,No
cat,1,Female,under age/weight,Summer,No
cat,1,Female,under age/weight,Fall,Yes
dog,1,Neutered,normal,Summer,Yes
rabbit,3,Neutered,normal,Summer,No
rabbit,3,Spayed,normal,Summer,Yes
other,4,Unknown,normal,Summer,No
dog,2,Male,ill mild,Winter,No
cat,2,Spayed,normal,Winter,No
bird,2,Unknown,injured  moderate,Spring,No
dog,15,Female,normal,Winter,No
cat,1,Female,under age/weight,Summer,No
dog,6,Male,normal,Spring,No
dog,6,Female,normal,Spring,No
cat,4,Female,injured  mild,Spring,No
bird,2,Unknown,injured  severe,Fall,No
bird,4,Unknown,injured  mild,Winter,No
dog,9,Female,normal,Winter,No
cat,0,Male,under age/weight,Fall,No
cat,4,Unknown,under age/weight,Winter,No
rabbit,3,Neutered,normal,Winter,Yes
dog,3,Neutered,normal,Winter,No
cat,0,Male,under age/weight,Winter,Yes
dog,3,Neutered,normal,Fall,Yes
cat,7,Spayed,fractious,Summer,No
dog,4,Neutered,normal,Spring,Yes
cat,5,Neutered,normal,Fall,No
bird,6,Unknown,under age/weight,Spring,No
other,6,Unknown,under age/weight,Summer,No
cat,10,Female,normal,Summer,No
dog,12,Neutered,normal,Fall,Yes
dog,7,Male,normal,Summer,No
bird,5,Unknown,injured  moderate,Summer,No
bird,6,Unknown,injured  moderate,Summer,No
dog,8,Female,normal,Winter,No
dog,11,Spayed,fractious,Summer,No
cat,22,Female,ill severe,Spring,No
dog,12,Neutered,normal,Fall,No
Other,6,Unknown,normal,Spring,No
dog,15,Spayed,normal,Spring,No
cat,7,Male,ill severe,Fall,No
cat,5,Neutered,normal,Fall,No
cat,5,Neutered,normal,Fall,Yes
cat,5,Male,under age/weight,Fall,No
cat,1,Spayed,under age/weight,Fall,No
cat,1,Female,under age/weight,Winter,Yes
cat,7,Spayed,normal,Summer,Yes
cat,1,Female,under age/weight,Winter,No
cat,2,Neutered,ill mild,Winter,Yes
cat,10,Spayed,normal,Fall,No
cat,5,Male,ill severe,Fall,No
cat,5,Female,ill severe,Fall,No
cat,5,Spayed,ill moderatete,Winter,Yes
cat,7,Female,normal,Fall,No
cat,7,Male,normal,Fall,No
dog,9,Male,normal,Fall,No
cat,4,Male,under age/weight,Spring,No
cat,4,Male,under age/weight,Spring,No
wild,1,Unknown,injured  severe,Spring,No
cat,7,Spayed,normal,Spring,No
dog,8,Spayed,normal,Summer,Yes
cat,2,Neutered,Other,Summer,Yes
cat,6,Female,normal,Spring,No
dog,2,Spayed,normal,Fall,Yes
cat,4,Male,under age/weight,Summer,No
wild,1,Unknown,injured  mild,Spring,No
wild,1,Unknown,injured  mild,Spring,No
dog,5,Neutered,normal,Summer,Yes
cat,17,Male,normal,Winter,Yes
cat,6,Unknown,injured  severe,Fall,No
dog,10,Neutered,normal,Winter,No
cat,5,Female,under age/weight,Fall,No
cat,6,Male,normal,Fall,No
cat,5,Male,under age/weight,Fall,No
cat,5,Unknown,injured  severe,Spring,No
cat,7,Unknown,under age/weight,Summer,No
cat,22,Neutered,normal,Summer,No
cat,4,Female,normal,Winter,No
cat,0,Neutered,under age/weight,Summer,Yes
dog,6,Spayed,normal,Fall,Yes
dog,3,Male,normal,Fall,No
cat,0,Unknown,under age/weight,Fall,No
cat,0,Female,under age/weight,Fall,No
cat,0,Unknown,under age/weight,Fall,No
dog,12,Male,normal,Winter,No
cat,7,Spayed,normal,Fall,Yes
bird,7,Unknown,injured  severe,Winter,No
dog,3,Female,normal,Fall,No
dog,1,Neutered,normal,Fall,Yes
cat,0,Spayed,normal,Fall,Yes
dog,5,Female,normal,Spring,No
cat,2,Male,under age/weight,Fall,No
cat,7,Female,normal,Spring,No
cat,2,Neutered,ill moderatete,Fall,Yes
dog,12,Neutered,normal,Spring,No
dog,12,Neutered,normal,Winter,No
dog,10,Spayed,normal,Spring,No
dog,3,Unknown,ill severe,Fall,No
dog,3,Female,ill severe,Fall,No
cat,5,Unknown,under age/weight,Summer,No
cat,8,Male,normal,Summer,Yes
cat,6,Female,normal,Winter,No
dog,7,Female,normal,Summer,Yes
dog,3,Spayed,normal,Winter,Yes
cat,0,Neutered,under age/weight,Winter,Yes
cat,6,Male,under age/weight,Spring,No
cat,15,Unknown,ill severe,Spring,No
cat,2,Spayed,normal,Fall,Yes
other,3,Male,normal,Fall,Yes
dog,1,Neutered,normal,Summer,Yes
cat,5,Spayed,ill moderatete,Fall,Yes
dog,1,Neutered,normal,Spring,No
dog,1,Neutered,normal,Fall,Yes
bird,7,Unknown,ill severe,Summer,No
cat,4,Spayed,under age/weight,Fall,Yes
dog,7,Spayed,normal,Winter,Yes
dog,6,Female,behavior  mild,Winter,No
Other,6,Female,normal,Winter,Yes
cat,6,Male,normal,Spring,No
dog,10,Spayed,normal,Spring,Yes
Other,7,Unknown,normal,Winter,No
cat,7,Female,normal,Summer,No
Other,2,Male,normal,Winter,No
dog,11,Neutered,normal,Fall,No
cat,5,Male,normal,Spring,No
cat,5,Unknown,normal,Spring,No
dog,4,Neutered,normal,Spring,No
dog,3,Male,injured  moderate,Summer,No
dog,11,Spayed,normal,Winter,No
cat,5,Spayed,normal,Winter,Yes
dog,1,Neutered,under age/weight,Spring,Yes
bird,8,Unknown,injured  moderate,Summer,No
cat,7,Spayed,normal,Summer,No
cat,7,Neutered,fractious,Fall,No
cat,0,Spayed,under age/weight,Summer,Yes
cat,0,Spayed,under age/weight,Summer,Yes
Other,10,Female,normal,Summer,No
cat,0,Neutered,ill severe,Summer,No
bird,5,Unknown,injured  severe,Summer,No
cat,10,Male,ill mild,Winter,No
cat,2,Male,under age/weight,Summer,No
cat,2,Unknown,under age/weight,Summer,No
cat,2,Male,under age/weight,Summer,No
dog,3,Male,normal,Summer,No
rabbit,2,Neutered,normal,Winter,No
dog,3,Neutered,normal,Winter,Yes
bird,4,Unknown,ill severe,Fall,No
cat,6,Spayed,normal,Spring,Yes
cat,8,Neutered,ill moderatete,Spring,No
dog,1,Male,under age/weight,Fall,No
cat,6,Spayed,injured  mild,Spring,Yes
dog,2,Neutered,normal,Summer,Yes
dog,2,Spayed,normal,Summer,Yes
cat,6,Neutered,under age/weight,Winter,Yes
cat,7,Female,under age/weight,Summer,No
cat,7,Female,under age/weight,Summer,No
cat,6,Male,under age/weight,Spring,No
cat,8,Female,normal,Winter,No
cat,8,Male,normal,Winter,No
cat,8,Female,normal,Winter,No
cat,9,Female,normal,Summer,No
dog,13,Spayed,Other,Summer,No
dog,9,Male,normal,Spring,No
cat,8,Spayed,normal,Summer,No
cat,7,Neutered,normal,Fall,No
rabbit,5,Unknown,normal,Summer,No
cat,6,Spayed,normal,Fall,No
cat,10,Female,normal,Winter,No
dog,13,Spayed,normal,Winter,Yes
dog,9,Female,normal,Summer,No
dog,8,Neutered,normal,Spring,No
dog,3,Neutered,normal,Fall,No
dog,2,Female,normal,Summer,No
dog,1,Neutered,normal,Fall,Yes
cat,7,Male,normal,Fall,No
dog,2,Male,normal,Spring,No
cat,3,Unknown,ill severe,Spring,No
cat,6,Female,under age/weight,Spring,No
cat,6,Female,normal,Fall,No
cat,6,Female,normal,Fall,No
dog,1,Male,normal,Spring,No
cat,6,Male,normal,Fall,No
cat,6,Female,normal,Fall,No
dog,6,Spayed,normal,Fall,Yes
cat,6,Male,normal,Fall,No
cat,0,Female,under age/weight,Spring,No
cat,6,Spayed,normal,Summer,Yes
dog,2,Neutered,normal,Fall,Yes
cat,15,Neutered,normal,Fall,Yes
cat,8,Female,normal,Summer,No
cat,6,Female,under age/weight,Spring,No
dog,18,Neutered,normal,Winter,No
dog,8,Male,normal,Spring,No
cat,3,Female,normal,Winter,No
dog,7,Spayed,normal,Winter,No
dog,5,Spayed,normal,Fall,Yes
cat,7,Female,normal,Summer,No
Other,7,Unknown,normal,Fall,No
dog,13,Spayed,normal,Summer,No
dog,10,Spayed,normal,Summer,No
dog,7,Female,normal,Summer,No
cat,3,Neutered,under age/weight,Fall,Yes
cat,10,Female,normal,Winter,No
dog,5,Female,normal,Fall,No
dog,4,Neutered,normal,Winter,Yes
cat,6,Spayed,normal,Winter,No
cat,4,Male,under age/weight,Fall,No
dog,15,Spayed,normal,Summer,No
cat,5,Spayed,under age/weight,Winter,Yes
dog,7,Female,injured  moderate,Summer,No
cat,7,Female,under age/weight,Fall,No
cat,7,Female,normal,Spring,Yes
dog,10,Female,normal,Winter,No
cat,10,Female,injured  severe,Fall,No
other,6,Male,injured  moderate,Winter,No
cat,5,Female,under age/weight,Fall,No
cat,6,Male,under age/weight,Summer,No
cat,6,Female,under age/weight,Winter,No
cat,5,Spayed,normal,Fall,No
cat,8,Female,normal,Summer,No
dog,8,Neutered,normal,Winter,Yes
dog,6,Male,normal,Spring,No
dog,5,Neutered,i/i report,Summer,Yes
dog,4,Male,behavior  severe,Spring,No
dog,4,Male,behavior  severe,Spring,No
cat,4,Female,normal,Spring,No
rabbit,8,Neutered,normal,Winter,Yes
cat,4,Male,injured  severe,Fall,No
dog,3,Female,normal,Spring,Yes
cat,5,Unknown,under age/weight,Spring,No
cat,6,Female,normal,Spring,No
dog,17,Spayed,Other,Spring,Yes
dog,1,Neutered,normal,Spring,Yes
cat,5,Neutered,under age/weight,Winter,Yes
dog,0,Neutered,i/i report,Summer,Yes
dog,2,Neutered,i/i report,Fall,No
dog,12,Female,normal,Winter,No
cat,0,Male,under age/weight,Spring,No
cat,0,Male,under age/weight,Spring,No
other,11,Unknown,normal,Summer,No
cat,7,Female,normal,Fall,No
cat,8,Female,normal,Winter,Yes
cat,8,Female,normal,Winter,No
cat,11,Spayed,normal,Fall,No
cat,11,Neutered,normal,Winter,No
bird,0,Unknown,under age/weight,Summer,No
dog,1,Male,normal,Winter,No
dog,3,Female,normal,Winter,No
dog,16,Spayed,fractious,Fall,Yes
dog,3,Spayed,normal,Spring,Yes
cat,2,Male,normal,Spring,No
cat,5,Female,normal,Fall,No
dog,4,Neutered,normal,Summer,Yes
cat,6,Unknown,under age/weight,Winter,No
dog,4,Spayed,normal,Spring,Yes
cat,4,Neutered,injured  moderate,Spring,No
cat,5,Male,normal,Fall,No
cat,5,Male,normal,Fall,No
cat,0,Spayed,under age/weight,Winter,Yes
cat,4,Neutered,normal,Summer,Yes
dog,3,Female,normal,Spring,No
cat,7,Female,under age/weight,Summer,No
dog,17,Neutered,normal,Summer,No
cat,7,Neutered,under age/weight,Summer,Yes
cat,6,Female,normal,Summer,Yes
cat,7,Male,under age/weight,Summer,No
other,6,Male,injured  severe,Fall,No
dog,8,Neutered,behavior  moderate,Spring,No
cat,17,Spayed,injured  moderate,Spring,No
dog,15,Neutered,injured  severe,Summer,No
wild,2,Female,injured  severe,Spring,No
dog,4,Male,behavior  moderate,Winter,No
cat,7,Male,normal,Summer,Yes
cat,6,Neutered,normal,Summer,Yes
cat,11,Male,ill severe,Winter,No
cat,1,Neutered,under age/weight,Winter,Yes
cat,1,Spayed,ill moderatete,Fall,Yes
dog,1,Male,i/i report,Summer,No
dog,4,Neutered,normal,Summer,No
dog,4,Neutered,injured  moderate,Fall,Yes
cat,5,Neutered,ill mild,Summer,Yes
cat,7,Female,ill mild,Fall,No
bird,2,Unknown,injured  moderate,Fall,No
other,5,Male,injured  severe,Spring,No
cat,6,Female,under age/weight,Fall,No
cat,7,Female,under age/weight,Winter,Yes
dog,9,Spayed,normal,Summer,No
dog,11,Neutered,ill moderatete,Winter,Yes
cat,7,Female,under age/weight,Summer,No
cat,7,Male,under age/weight,Summer,No
cat,7,Neutered,feral,Summer,No
cat,10,Spayed,feral,Summer,No
cat,7,Spayed,feral,Summer,No
cat,1,Female,under age/weight,Summer,No
cat,7,Spayed,normal,Fall,Yes
wild,1,Female,under age/weight,Summer,No
wild,2,Unknown,injured  severe,Fall,No
dog,13,Neutered,behavior  severe,Fall,No
dog,9,Neutered,normal,Winter,No
cat,4,Neutered,normal,Spring,Yes
dog,6,Male,Other,Winter,No
cat,6,Neutered,normal,Winter,Yes
other,3,Male,injured  severe,Summer,No
dog,10,Female,normal,Winter,No
dog,6,Neutered,normal,Winter,No
cat,5,Female,under age/weight,Fall,No
cat,5,Male,under age/weight,Fall,No
dog,7,Male,normal,Summer,No
dog,11,Female,ill severe,Fall,No
bird,3,Unknown,injured  mild,Winter,No
dog,8,Neutered,injured  severe,Winter,Yes
dog,7,Male,injured  severe,Summer,No
cat,0,Spayed,under age/weight,Summer,No
dog,9,Female,normal,Winter,No
cat,5,Unknown,injured  severe,Winter,No
bird,1,Unknown,injured  mild,Summer,No
cat,4,Neutered,normal,Winter,No
dog,12,Female,injured  severe,Winter,No
cat,1,Male,under age/weight,Spring,Yes
cat,1,Neutered,normal,Spring,Yes
rabbit,0,Neutered,normal,Fall,No
cat,7,Neutered,feral,Summer,No
other,7,Unknown,injured  severe,Summer,No
other,7,Unknown,under age/weight,Summer,No
other,2,Unknown,normal,Summer,No
cat,5,Spayed,normal,Winter,No
dog,4,Male,normal,Summer,No
cat,9,Female,normal,Spring,No
dog,11,Female,normal,Spring,Yes
dog,11,Male,normal,Spring,No
dog,2,Female,normal,Fall,No
dog,18,Male,normal,Spring,No
other,6,Unknown,under age/weight,Summer,No
dog,9,Male,normal,Spring,No
cat,3,Unknown,injured  moderate,Summer,No
bird,1,Unknown,under age/weight,Spring,No
bird,1,Unknown,under age/weight,Spring,No
bird,1,Unknown,under age/weight,Spring,No
cat,2,Neutered,injured  mild,Fall,Yes
dog,0,Spayed,under age/weight,Summer,No
cat,6,Female,normal,Spring,No
dog,9,Spayed,normal,Spring,Yes
cat,2,Female,normal,Spring,No
dog,3,Spayed,normal,Winter,Yes
bird,4,Unknown,ill severe,Summer,No
cat,21,Female,normal,Spring,No
cat,6,Female,normal,Summer,No
cat,11,Neutered,normal,Winter,No
dog,9,Female,behavior  moderate,Summer,No
dog,17,Neutered,Other,Winter,Yes
dog,12,Female,normal,Fall,No
dog,12,Neutered,normal,Spring,No
dog,4,Female,normal,Summer,No
dog,14,Female,normal,Summer,No
other,6,Male,injured  mild,Spring,No
wild,2,Unknown,ill severe,Fall,No
cat,6,Female,under age/weight,Fall,No
cat,6,Female,under age/weight,Fall,No
cat,9,Spayed,feral,Fall,No
cat,13,Spayed,normal,Winter,Yes
dog,10,Female,normal,Spring,No
cat,0,Spayed,ill mild,Summer,Yes
cat,0,Spayed,ill mild,Summer,Yes
other,2,Male,under age/weight,Winter,No
cat,7,Neutered,fractious,Fall,No
dog,2,Neutered,normal,Winter,Yes
cat,10,Neutered,normal,Winter,No
cat,5,Female,normal,Winter,No
dog,9,Male,injured  moderate,Winter,No
dog,13,Female,injured  severe,Fall,No
cat,8,Male,under age/weight,Spring,No
dog,9,Female,injured  mild,Winter,No
cat,3,Neutered,injured  mild,Winter,No
cat,0,Neutered,injured  mild,Fall,Yes
cat,3,Female,injured  mild,Winter,No
other,2,Unknown,under age/weight,Summer,No
other,2,Unknown,under age/weight,Summer,No
cat,7,Spayed,normal,Summer,No
cat,7,Spayed,injured  mild,Winter,Yes
dog,2,Neutered,normal,Winter,Yes
cat,6,Male,normal,Summer,No
cat,6,Unknown,under age/weight,Summer,No
cat,6,Male,injured  severe,Fall,No
cat,7,Female,normal,Summer,No
dog,9,Female,behavior  moderate,Spring,No
dog,9,Female,normal,Spring,No
dog,9,Spayed,normal,Spring,Yes
dog,9,Female,normal,Spring,No
dog,1,Spayed,normal,Summer,Yes
dog,3,Spayed,ill mild,Summer,Yes
cat,6,Male,normal,Summer,No
wild,7,Unknown,under age/weight,Summer,No
dog,15,Neutered,injured  severe,Winter,No
dog,11,Female,normal,Winter,No
cat,2,Spayed,normal,Summer,Yes
dog,3,Female,normal,Spring,Yes
cat,8,Male,normal,Winter,No
dog,14,Female,ill moderatete,Summer,No
dog,6,Male,normal,Fall,No
wild,5,Male,ill severe,Summer,No
dog,7,Neutered,behavior  mild,Spring,Yes
wild,1,Unknown,injured  severe,Fall,No
cat,4,Spayed,ill severe,Winter,No
cat,10,Neutered,normal,Summer,Yes
cat,8,Neutered,normal,Winter,Yes
cat,3,Female,injured  moderate,Spring,No
cat,2,Female,normal,Fall,No
cat,5,Spayed,fractious,Fall,No
dog,17,Male,injured  severe,Winter,No
cat,1,Male,under age/weight,Spring,No
cat,1,Unknown,under age/weight,Spring,No
cat,5,Neutered,normal,Fall,No
dog,9,Female,normal,Spring,No
dog,1,Female,normal,Winter,No
dog,5,Female,injured  severe,Summer,No
cat,2,Spayed,under age/weight,Summer,Yes
cat,2,Neutered,under age/weight,Summer,Yes
rabbit,6,Neutered,normal,Winter,Yes
dog,9,Male,normal,Fall,No
dog,6,Male,normal,Summer,No
dog,13,Neutered,normal,Winter,Yes
cat,5,Spayed,fractious,Summer,No
cat,7,Spayed,normal,Summer,No
cat,5,Neutered,normal,Fall,No
cat,4,Unknown,under age/weight,Fall,No
cat,2,Spayed,under age/weight,Summer,No
dog,2,Spayed,normal,Summer,Yes
cat,12,Neutered,injured  moderate,Summer,No
cat,6,Spayed,normal,Fall,No
cat,4,Unknown,under age/weight,Fall,No
cat,2,Spayed,under age/weight,Summer,No
bird,3,Unknown,injured  severe,Winter,No
dog,14,Spayed,normal,Spring,No
dog,12,Male,ill severe,Summer,Yes
dog,16,Neutered,ill severe,Summer,No
dog,11,Neutered,normal,Winter,No
dog,6,Female,normal,Winter,No
dog,6,Male,normal,Spring,No
cat,1,Neutered,under age/weight,Winter,Yes
cat,1,Male,ill mild,Summer,No
cat,1,Female,under age/weight,Fall,Yes
cat,1,Neutered,under age/weight,Fall,Yes
cat,7,Spayed,behavior  moderate,Spring,No
dog,15,Neutered,normal,Summer,No
cat,4,Spayed,injured  mild,Summer,No
bird,8,Unknown,ill moderatete,Summer,No
dog,9,Female,normal,Summer,Yes
cat,6,Spayed,normal,Summer,No
cat,6,Spayed,normal,Summer,No
other,4,Unknown,ill severe,Summer,No
cat,5,Spayed,fractious,Fall,No
other,3,Unknown,under age/weight,Fall,No
other,3,Unknown,under age/weight,Fall,No
dog,9,Male,normal,Spring,No
cat,8,Neutered,normal,Winter,No
cat,1,Neutered,ill moderatete,Winter,Yes
dog,2,Spayed,normal,Summer,Yes
cat,7,Spayed,normal,Spring,No
cat,6,Female,normal,Spring,No
dog,10,Neutered,normal,Fall,No
cat,7,Male,under age/weight,Summer,No
cat,7,Male,normal,Fall,No
cat,7,Female,normal,Fall,No
cat,8,Female,normal,Summer,No
cat,6,Unknown,normal,Fall,No
cat,7,Male,normal,Fall,No
dog,15,Spayed,ill mild,Winter,No
cat,5,Male,injured  severe,Spring,No
cat,1,Male,ill mild,Fall,No
cat,10,Neutered,normal,Summer,No
dog,4,Neutered,normal,Winter,Yes
cat,18,Spayed,normal,Winter,No
cat,8,Male,normal,Fall,No
cat,5,Female,under age/weight,Summer,No
cat,5,Female,under age/weight,Summer,No
wild,7,Male,injured  severe,Winter,No
dog,14,Male,normal,Summer,No
dog,3,Spayed,normal,Summer,Yes
dog,6,Male,normal,Fall,No
dog,8,Neutered,ill mild,Spring,No
dog,19,Neutered,normal,Winter,No
cat,6,Spayed,ill mild,Winter,Yes
cat,6,Female,under age/weight,Spring,No
cat,6,Female,under age/weight,Spring,No
cat,0,Male,under age/weight,Summer,No
cat,7,Male,normal,Spring,No
dog,5,Male,normal,Summer,No
cat,4,Neutered,normal,Summer,Yes
cat,0,Unknown,under age/weight,Summer,No
cat,0,Unknown,under age/weight,Fall,No
cat,0,Unknown,under age/weight,Summer,No
cat,12,Female,ill severe,Winter,No
dog,8,Male,injured  mild,Winter,No
dog,5,Male,normal,Winter,No
dog,2,Male,normal,Fall,No
cat,1,Neutered,normal,Summer,No
dog,5,Male,normal,Spring,No
dog,11,Female,normal,Spring,No
cat,5,Unknown,ill severe,Spring,No
dog,14,Neutered,ill moderatete,Spring,No
cat,12,Neutered,ill severe,Fall,No
cat,0,Unknown,under age/weight,Summer,No
cat,0,Unknown,under age/weight,Summer,No
cat,4,Neutered,ill mild,Summer,No
cat,0,Neutered,normal,Fall,Yes
cat,2,Female,under age/weight,Fall,No
bird,5,Unknown,normal,Fall,No
cat,9,Spayed,feral,Winter,No
cat,6,Unknown,under age/weight,Spring,No
dog,2,Neutered,normal,Spring,Yes
dog,8,Spayed,normal,Summer,No
cat,0,Unknown,ill severe,Spring,No
cat,0,Spayed,normal,Summer,Yes
dog,2,Male,normal,Fall,No
cat,8,Neutered,ill moderatete,Winter,No
dog,7,Spayed,normal,Spring,Yes
dog,4,Male,under age/weight,Fall,Yes
cat,2,Male,injured  mild,Summer,No
dog,5,Male,normal,Fall,No
dog,7,Male,normal,Summer,No
cat,5,Female,under age/weight,Summer,No
cat,7,Neutered,ill moderatete,Spring,No
bird,3,Unknown,injured  moderate,Winter,No
dog,10,Spayed,normal,Spring,No
dog,14,Male,normal,Summer,No
dog,1,Neutered,normal,Summer,Yes
dog,5,Female,normal,Winter,No
cat,2,Neutered,ill moderatete,Summer,No
bird,7,Unknown,under age/weight,Summer,No
cat,5,Neutered,normal,Summer,No
cat,2,Spayed,normal,Winter,Yes
cat,12,Female,ill mild,Spring,No
cat,7,Female,injured  severe,Fall,No
dog,3,Female,normal,Winter,No
cat,6,Neutered,normal,Fall,No
cat,12,Spayed,normal,Spring,No
dog,1,Unknown,normal,Spring,No
dog,1,Unknown,normal,Spring,No
dog,1,Unknown,normal,Spring,No
dog,8,Neutered,normal,Fall,No
cat,6,Female,under age/weight,Spring,No
dog,4,Spayed,normal,Summer,Yes
cat,7,Neutered,fractious,Spring,No
cat,0,Spayed,ill mild,Summer,Yes
cat,0,Neutered,ill mild,Summer,Yes
cat,9,Unknown,injured  severe,Spring,No
cat,2,Female,under age/weight,Spring,No
dog,3,Male,normal,Fall,No
dog,10,Female,injured  severe,Fall,No
wild,1,Unknown,under age/weight,Winter,No
dog,13,Female,normal,Summer,No
cat,7,Female,ill mild,Fall,No
bird,8,Unknown,injured  mild,Summer,No
dog,0,Spayed,under age/weight,Fall,Yes
dog,4,Spayed,normal,Spring,Yes
cat,0,Female,under age/weight,Fall,No
cat,6,Female,normal,Fall,No
cat,6,Female,normal,Fall,No
cat,7,Unknown,injured  moderate,Spring,No
cat,5,Unknown,under age/weight,Winter,No
cat,22,Male,normal,Summer,No
other,2,Unknown,injured  severe,Spring,No
cat,7,Spayed,normal,Summer,Yes
cat,4,Neutered,under age/weight,Summer,Yes
cat,1,Female,under age/weight,Spring,No
cat,1,Female,under age/weight,Spring,No
cat,1,Male,under age/weight,Spring,No
dog,6,Female,normal,Spring,No
cat,6,Male,normal,Spring,No
cat,6,Male,normal,Spring,No
cat,2,Spayed,ill mild,Summer,No
dog,1,Spayed,under age/weight,Winter,Yes
dog,12,Male,normal,Winter,No
dog,13,Male,normal,Winter,No
cat,1,Neutered,ill moderatete,Fall,Yes
cat,0,Spayed,normal,Fall,Yes
dog,5,Male,normal,Summer,No
cat,7,Female,normal,Winter,No
dog,10,Male,normal,Winter,No
cat,6,Male,normal,Fall,No
cat,2,Neutered,normal,Winter,Yes
dog,4,Female,injured  mild,Fall,No
dog,11,Spayed,Other,Winter,No
dog,13,Neutered,Other,Winter,No
cat,6,Female,under age/weight,Spring,No
cat,6,Male,under age/weight,Spring,No
wild,4,Male,injured  moderate,Fall,No
dog,5,Neutered,normal,Fall,Yes
dog,5,Neutered,normal,Summer,Yes
bird,1,Unknown,ill moderatete,Spring,No
bird,1,Unknown,ill severe,Fall,No
dog,10,Spayed,injured  mild,Fall,No
cat,0,Spayed,under age/weight,Summer,Yes
cat,11,Female,normal,Spring,No
cat,14,Female,ill severe,Spring,No
bird,5,Unknown,ill severe,Fall,No
other,1,Unknown,ill severe,Summer,No
dog,7,Neutered,normal,Summer,No
dog,7,Female,normal,Fall,No
dog,16,Neutered,normal,Winter,No
dog,9,Female,normal,Spring,No
cat,0,Spayed,under age/weight,Fall,Yes
bird,8,Unknown,under age/weight,Spring,No
bird,8,Unknown,under age/weight,Spring,No
bird,1,Unknown,injured  severe,Summer,No
dog,11,Male,Other,Fall,No
dog,2,Male,normal,Winter,No
dog,6,Male,normal,Summer,No
dog,1,Neutered,normal,Spring,Yes
cat,0,Female,under age/weight,Summer,No
cat,2,Male,under age/weight,Summer,No
cat,2,Male,under age/weight,Summer,No
dog,11,Spayed,normal,Winter,Yes
cat,7,Unknown,feral,Summer,No
cat,8,Male,normal,Winter,No
cat,8,Male,normal,Winter,No
cat,8,Male,normal,Winter,No
dog,13,Female,normal,Winter,No
cat,8,Female,normal,Winter,No
dog,12,Female,ill mild,Summer,Yes
cat,2,Female,under age/weight,Summer,No
dog,1,Spayed,normal,Fall,Yes
cat,6,Female,injured  severe,Summer,No
dog,10,Neutered,normal,Fall,No
cat,7,Male,normal,Winter,Yes
other,6,Unknown,under age/weight,Spring,No
other,6,Female,injured  severe,Spring,No
other,6,Unknown,under age/weight,Spring,No
other,6,Unknown,under age/weight,Spring,No
dog,18,Male,normal,Spring,No
cat,8,Neutered,feral,Fall,No
cat,7,Spayed,feral,Fall,No
cat,6,Unknown,under age/weight,Summer,No
cat,6,Unknown,under age/weight,Summer,No
cat,6,Unknown,under age/weight,Summer,No
cat,6,Unknown,under age/weight,Summer,No
dog,5,Female,normal,Summer,No
cat,5,Neutered,fractious,Winter,No
cat,5,Male,under age/weight,Spring,No
cat,5,Male,under age/weight,Spring,No
cat,8,Spayed,fractious,Fall,No
cat,5,Spayed,normal,Winter,Yes
cat,5,Female,normal,Fall,No
cat,5,Male,normal,Fall,No
cat,5,Male,normal,Fall,No
cat,5,Female,normal,Winter,No
cat,5,Male,normal,Winter,No
dog,8,Male,normal,Spring,No
cat,5,Unknown,ill severe,Summer,No
dog,11,Neutered,behavior  moderate,Summer,No
wild,3,Unknown,under age/weight,Spring,No
cat,7,Female,normal,Fall,Yes
cat,3,Female,normal,Fall,No
cat,3,Female,normal,Fall,No
dog,10,Female,injured  severe,Winter,No
cat,1,Female,under age/weight,Summer,No
dog,2,Spayed,normal,Winter,Yes
dog,1,Neutered,injured  mild,Fall,No
dog,2,Neutered,i/i report,Fall,Yes
cat,1,Neutered,injured  severe,Summer,No
dog,4,Neutered,normal,Spring,Yes
dog,8,Male,normal,Winter,No
bird,3,Unknown,injured  severe,Summer,No
bird,1,Unknown,under age/weight,Summer,No
cat,5,Female,under age/weight,Spring,No
cat,10,Unknown,injured  severe,Spring,No
cat,7,Neutered,under age/weight,Winter,Yes
cat,6,Male,normal,Fall,No
cat,6,Male,normal,Fall,No
dog,2,Spayed,injured  moderate,Summer,Yes
cat,0,Male,under age/weight,Spring,No
cat,0,Male,under age/weight,Spring,No
cat,0,Male,under age/weight,Spring,No
dog,13,Spayed,normal,Summer,No
dog,13,Spayed,normal,Summer,No
dog,7,Male,normal,Summer,No
dog,7,Female,Other,Spring,No
bird,3,Unknown,ill moderatete,Spring,No
dog,5,Male,injured  severe,Winter,No
dog,3,Neutered,normal,Spring,No
dog,3,Male,injured  mild,Winter,No
cat,0,Male,under age/weight,Spring,No
cat,0,Female,under age/weight,Spring,No
cat,0,Male,under age/weight,Spring,No
cat,0,Male,under age/weight,Spring,No
dog,11,Male,normal,Spring,No
rabbit,8,Male,normal,Winter,No
dog,8,Spayed,injured  mild,Summer,No
dog,9,Spayed,normal,Fall,No
cat,6,Male,under age/weight,Summer,No
dog,2,Female,normal,Fall,Yes
cat,0,Female,injured  severe,Winter,No
dog,12,Male,normal,Winter,Yes
wild,5,Unknown,under age/weight,Summer,No
cat,6,Unknown,under age/weight,Spring,No
dog,8,Male,ill moderatete,Spring,No
cat,6,Unknown,under age/weight,Spring,No
cat,6,Unknown,under age/weight,Spring,No
cat,7,Male,ill severe,Fall,No
cat,2,Neutered,normal,Fall,No
cat,7,Neutered,normal,Summer,No
dog,12,Spayed,normal,Winter,No
dog,16,Spayed,normal,Winter,No
cat,6,Spayed,normal,Spring,No
dog,7,Neutered,normal,Winter,No
cat,3,Female,normal,Spring,No
bird,8,Unknown,injured  mild,Summer,No
dog,1,Female,normal,Spring,No
cat,9,Neutered,fractious,Winter,No
cat,2,Male,normal,Spring,No
cat,3,Male,normal,Spring,No
dog,15,Male,normal,Fall,No
cat,5,Spayed,normal,Winter,Yes
cat,5,Spayed,normal,Winter,Yes
cat,0,Neutered,ill severe,Winter,Yes
dog,5,Neutered,normal,Fall,Yes
Other,6,Unknown,normal,Spring,No
cat,4,Male,normal,Spring,Yes
Other,2,Female,normal,Summer,No
dog,8,Spayed,normal,Summer,Yes
cat,8,Female,ill severe,Fall,No
dog,12,Neutered,injured  moderate,Fall,No
dog,9,Male,normal,Winter,No
dog,13,Spayed,normal,Spring,Yes
dog,4,Male,normal,Spring,No
cat,0,Spayed,under age/weight,Summer,No
cat,0,Male,under age/weight,Summer,No
cat,7,Spayed,normal,Fall,No
cat,7,Neutered,normal,Fall,No
bird,2,Unknown,injured  mild,Summer,No
bird,1,Unknown,injured  mild,Spring,No
cat,1,Unknown,ill mild,Fall,No
cat,1,Unknown,ill mild,Fall,No
cat,0,Neutered,under age/weight,Fall,Yes
cat,1,Female,i/i report,Summer,No
dog,1,Neutered,normal,Fall,Yes
rabbit,8,Spayed,normal,Fall,No
dog,12,Male,normal,Summer,No
dog,4,Neutered,normal,Summer,Yes
dog,13,Neutered,normal,Spring,No
dog,11,Neutered,normal,Spring,No
dog,8,Spayed,normal,Summer,No
cat,7,Unknown,under age/weight,Spring,No
cat,10,Male,ill severe,Winter,No
dog,6,Spayed,normal,Fall,Yes
dog,5,Male,injured  severe,Fall,No
bird,2,Unknown,injured  moderate,Spring,No
dog,11,Female,normal,Fall,No
cat,7,Male,under age/weight,Spring,No
dog,17,Neutered,normal,Winter,No
dog,22,Female,normal,Spring,No
cat,4,Spayed,normal,Fall,Yes
dog,4,Neutered,normal,Spring,Yes
dog,3,Spayed,normal,Winter,Yes
cat,2,Female,under age/weight,Spring,No
cat,4,Female,injured  moderate,Spring,No
Other,13,Unknown,injured  mild,Summer,No
dog,5,Unknown,normal,Winter,No
cat,1,Male,ill moderatete,Fall,No
dog,10,Spayed,normal,Summer,Yes
dog,4,Neutered,normal,Winter,Yes
cat,9,Male,normal,Summer,No
cat,0,Female,under age/weight,Fall,No
bird,5,Unknown,injured  moderate,Fall,No
dog,1,Unknown,ill severe,Summer,No
dog,1,Male,ill severe,Summer,No
dog,1,Male,ill severe,Summer,No
cat,2,Male,under age/weight,Spring,No
cat,2,Neutered,under age/weight,Spring,Yes
cat,2,Male,under age/weight,Spring,No
cat,2,Male,under age/weight,Spring,No
dog,5,Female,normal,Summer,No
cat,10,Neutered,fractious,Summer,No
Other,1,Unknown,injured  severe,Summer,No
dog,3,Male,ill moderatete,Fall,No
dog,10,Spayed,normal,Spring,No
dog,7,Male,normal,Winter,No
dog,6,Neutered,ill mild,Spring,Yes
dog,5,Female,normal,Summer,No
dog,11,Neutered,ill mild,Winter,Yes
dog,4,Female,normal,Fall,No
cat,9,Female,normal,Winter,Yes
cat,14,Neutered,normal,Spring,No
cat,11,Spayed,ill moderatete,Winter,Yes
cat,5,Female,ill moderatete,Fall,No
cat,10,Spayed,feral,Fall,No
cat,7,Female,under age/weight,Spring,No
dog,7,Female,normal,Summer,Yes
dog,4,Female,normal,Summer,No
dog,14,Female,normal,Winter,No
cat,8,Spayed,normal,Summer,No
cat,8,Neutered,normal,Spring,Yes
dog,6,Female,normal,Winter,No
cat,5,Unknown,ill severe,Summer,No
cat,7,Neutered,normal,Spring,Yes
cat,6,Male,normal,Summer,No
cat,6,Male,normal,Summer,No
dog,8,Male,normal,Spring,No
dog,10,Spayed,normal,Fall,No
cat,1,Female,fractious,Spring,No
bird,5,Unknown,ill mild,Fall,No
dog,3,Male,behavior  severe,Spring,No
cat,1,Female,under age/weight,Fall,No
wild,4,Unknown,under age/weight,Fall,No
dog,9,Neutered,normal,Winter,No
dog,11,Spayed,normal,Summer,Yes
dog,4,Neutered,normal,Winter,No
dog,8,Spayed,normal,Fall,Yes
cat,6,Spayed,injured  severe,Fall,Yes
dog,0,Male,under age/weight,Fall,No
dog,6,Male,normal,Fall,No
dog,1,Male,normal,Winter,No
dog,3,Neutered,ill severe,Summer,Yes
other,6,Male,ill severe,Summer,No
cat,5,Male,normal,Summer,No
cat,2,Neutered,under age/weight,Summer,Yes
cat,6,Female,under age/weight,Fall,No
dog,2,Spayed,normal,Fall,Yes
other,6,Unknown,under age/weight,Spring,No
other,4,Unknown,under age/weight,Summer,No
cat,6,Female,normal,Summer,Yes
cat,7,Female,under age/weight,Summer,No
cat,7,Female,under age/weight,Summer,No
cat,3,Female,normal,Spring,Yes
wild,7,Unknown,injured  severe,Winter,No
dog,6,Male,normal,Fall,No
dog,9,Female,behavior  moderate,Spring,No
dog,5,Female,normal,Summer,No
cat,5,Neutered,under age/weight,Winter,Yes
cat,3,Male,ill moderatete,Fall,No
cat,2,Male,under age/weight,Summer,No
cat,5,Male,ill severe,Fall,No
cat,4,Spayed,normal,Spring,Yes
dog,9,Spayed,injured  moderate,Winter,No
dog,3,Neutered,injured  moderate,Fall,No
dog,3,Male,normal,Winter,No
dog,5,Neutered,normal,Spring,Yes
dog,2,Female,ill moderatete,Spring,No
dog,2,Male,ill moderatete,Spring,No
dog,0,Female,injured  moderate,Winter,No
rabbit,1,Neutered,normal,Fall,No
cat,1,Neutered,under age/weight,Spring,Yes
cat,1,Spayed,under age/weight,Spring,Yes
cat,1,Neutered,under age/weight,Spring,Yes
cat,1,Spayed,injured  mild,Spring,No
cat,1,Male,under age/weight,Fall,No
cat,12,Female,normal,Fall,No
cat,10,Neutered,normal,Summer,No
cat,3,Neutered,normal,Fall,Yes
cat,1,Neutered,ill severe,Winter,Yes
wild,7,Unknown,injured  severe,Fall,No
dog,4,Spayed,normal,Spring,Yes
cat,5,Male,normal,Summer,No
dog,1,Female,injured  severe,Spring,No
cat,5,Female,under age/weight,Fall,No
cat,9,Male,normal,Fall,No
dog,3,Female,ill severe,Spring,No
cat,9,Female,normal,Fall,No
cat,7,Male,normal,Fall,No
dog,2,Neutered,normal,Fall,Yes
cat,3,Female,ill moderatete,Spring,No
dog,10,Spayed,normal,Fall,No
cat,7,Female,normal,Spring,No
dog,6,Neutered,behavior  moderate,Summer,Yes
dog,5,Male,normal,Summer,No
other,4,Unknown,injured  severe,Fall,No
cat,3,Male,under age/weight,Spring,No
dog,5,Male,normal,Fall,No
cat,0,Unknown,under age/weight,Spring,No
cat,0,Spayed,under age/weight,Summer,Yes
dog,18,Neutered,normal,Fall,No
cat,4,Spayed,normal,Fall,Yes
cat,7,Male,under age/weight,Spring,No
bird,5,Unknown,normal,Fall,Yes
cat,1,Neutered,under age/weight,Spring,Yes
cat,22,Female,ill mild,Spring,No
cat,0,Unknown,under age/weight,Fall,No
cat,2,Unknown,under age/weight,Spring,No
cat,6,Female,under age/weight,Spring,No
dog,10,Male,normal,Spring,No
cat,0,Male,under age/weight,Summer,No
cat,7,Male,ill severe,Fall,No
cat,7,Neutered,normal,Winter,Yes
cat,4,Neutered,normal,Fall,Yes
cat,13,Spayed,normal,Fall,No
cat,5,Female,under age/weight,Summer,No
cat,5,Female,under age/weight,Summer,No
cat,5,Male,under age/weight,Summer,No
cat,2,Male,under age/weight,Fall,No
cat,5,Spayed,under age/weight,Winter,Yes
cat,1,Male,ill mild,Summer,No
cat,1,Female,under age/weight,Summer,No
cat,0,Spayed,under age/weight,Summer,Yes
cat,2,Male,ill moderatete,Summer,Yes
cat,8,Unknown,under age/weight,Spring,No
cat,8,Unknown,under age/weight,Spring,No
cat,9,Spayed,feral,Fall,No
dog,10,Female,normal,Summer,Yes
cat,0,Neutered,under age/weight,Fall,Yes
cat,0,Female,under age/weight,Fall,No
dog,3,Male,under age/weight,Spring,No
dog,1,Neutered,normal,Winter,Yes
dog,9,Neutered,normal,Spring,Yes
cat,6,Male,normal,Spring,No
dog,8,Neutered,normal,Winter,No
cat,7,Female,normal,Winter,No
dog,16,Female,normal,Fall,No
dog,10,Male,ill moderatete,Winter,No
cat,5,Male,under age/weight,Summer,No
cat,7,Spayed,fractious,Summer,No
cat,5,Spayed,under age/weight,Summer,Yes
cat,8,Neutered,normal,Summer,No
dog,1,Spayed,ill mild,Fall,Yes
cat,0,Male,under age/weight,Spring,No
cat,0,Female,under age/weight,Spring,No
cat,5,Unknown,under age/weight,Summer,No
cat,5,Unknown,under age/weight,Summer,No
dog,7,Neutered,injured  mild,Winter,Yes
cat,8,Male,ill moderatete,Fall,No
cat,9,Neutered,normal,Winter,No
dog,12,Neutered,ill mild,Fall,Yes
rabbit,2,Neutered,normal,Spring,Yes
cat,0,Neutered,under age/weight,Summer,No
dog,9,Spayed,normal,Spring,Yes
cat,7,Neutered,injured  mild,Spring,No
Other,5,Female,normal,Winter,No
dog,2,Female,normal,Spring,No
dog,0,Female,under age/weight,Summer,No
cat,1,Neutered,ill mild,Winter,Yes
cat,1,Male,ill mild,Winter,No
dog,0,Female,under age/weight,Summer,No
cat,0,Neutered,under age/weight,Summer,Yes
dog,9,Neutered,normal,Fall,No
bird,6,Female,normal,Summer,No
bird,6,Male,normal,Summer,No
cat,4,Spayed,ill mild,Fall,No
dog,15,Female,normal,Summer,No
dog,15,Female,ill moderatete,Winter,No
cat,4,Male,under age/weight,Summer,No
dog,7,Female,normal,Summer,No
cat,6,Female,normal,Summer,No
cat,4,Unknown,under age/weight,Summer,No
cat,4,Unknown,under age/weight,Summer,No
dog,8,Female,normal,Spring,No
dog,13,Male,normal,Winter,No
other,8,Male,injured  severe,Spring,No
dog,3,Spayed,normal,Spring,Yes
cat,15,Female,normal,Spring,No
dog,4,Male,normal,Spring,No
cat,6,Spayed,ill moderatete,Fall,Yes
dog,7,Female,normal,Fall,No
bird,5,Unknown,injured  moderate,Winter,No
cat,1,Female,normal,Spring,No
dog,5,Male,normal,Fall,No
dog,2,Neutered,normal,Fall,No
dog,8,Male,normal,Winter,No
bird,6,Unknown,injured  moderate,Summer,No
dog,12,Male,normal,Fall,No
dog,10,Female,normal,Fall,No
cat,0,Female,under age/weight,Spring,No
cat,16,Male,normal,Winter,No
cat,2,Unknown,ill moderatete,Fall,No
Other,6,Unknown,normal,Summer,No
dog,4,Neutered,normal,Spring,Yes
cat,0,Spayed,normal,Fall,Yes
dog,9,Spayed,normal,Summer,No
cat,6,Neutered,fractious,Summer,No
cat,5,Male,injured  moderate,Summer,No
dog,7,Neutered,normal,Winter,No
cat,7,Female,injured  moderate,Winter,No
dog,11,Female,normal,Fall,No
dog,7,Female,normal,Fall,No
dog,6,Male,normal,Summer,Yes
dog,7,Neutered,normal,Fall,Yes
dog,13,Neutered,normal,Fall,No
dog,7,Neutered,normal,Winter,Yes
cat,2,Male,under age/weight,Summer,No
cat,2,Male,injured  moderate,Spring,No
dog,2,Spayed,normal,Spring,Yes
cat,0,Neutered,under age/weight,Fall,Yes
cat,8,Female,normal,Summer,No
wild,2,Male,injured  moderate,Spring,No
dog,9,Spayed,normal,Fall,No
dog,1,Spayed,normal,Winter,Yes
dog,15,Female,ill severe,Spring,No
cat,0,Unknown,under age/weight,Spring,No
cat,0,Unknown,under age/weight,Spring,No
dog,3,Female,behavior  severe,Spring,No
cat,0,Neutered,under age/weight,Summer,No
dog,2,Male,normal,Fall,No
cat,1,Female,normal,Winter,No
cat,0,Female,under age/weight,Winter,No
dog,18,Male,Other,Fall,No
cat,7,Unknown,under age/weight,Summer,No
dog,18,Male,normal,Winter,No
cat,5,Unknown,under age/weight,Summer,No
cat,5,Unknown,under age/weight,Summer,No
cat,5,Unknown,under age/weight,Summer,No
dog,20,Female,ill severe,Fall,No
dog,9,Male,normal,Summer,No
dog,6,Male,normal,Spring,Yes
cat,8,Male,normal,Fall,No
dog,9,Female,normal,Winter,No
dog,11,Male,normal,Winter,No
dog,2,Spayed,normal,Fall,Yes
cat,0,Male,under age/weight,Spring,No
cat,0,Female,under age/weight,Spring,No
cat,0,Female,under age/weight,Spring,No
dog,13,Neutered,normal,Spring,Yes
cat,2,Spayed,under age/weight,Summer,Yes
dog,6,Spayed,normal,Fall,No
cat,2,Spayed,ill mild,Fall,Yes
dog,7,Neutered,normal,Fall,Yes
dog,7,Male,normal,Spring,No
cat,6,Male,under age/weight,Spring,No
cat,6,Female,under age/weight,Spring,No
cat,6,Male,under age/weight,Spring,No
dog,7,Male,normal,Summer,No
dog,14,Spayed,normal,Summer,No
dog,8,Neutered,injured  mild,Fall,Yes
wild,3,Unknown,injured  mild,Winter,No
wild,3,Unknown,injured  mild,Winter,No
wild,6,Female,injured  mild,Winter,No
dog,8,Female,normal,Summer,No
dog,8,Neutered,normal,Summer,Yes
cat,3,Male,normal,Fall,Yes
cat,6,Female,injured  moderate,Fall,No
cat,2,Neutered,injured  moderate,Spring,No
cat,0,Neutered,injured  moderate,Fall,Yes
cat,2,Male,normal,Summer,Yes
dog,6,Neutered,normal,Summer,Yes
bird,2,Unknown,injured  moderate,Spring,No
dog,0,Female,ill moderatete,Summer,No
dog,0,Female,ill moderatete,Summer,No
cat,2,Female,ill mild,Summer,Yes
dog,2,Neutered,normal,Summer,Yes
dog,11,Spayed,normal,Winter,No
dog,10,Spayed,normal,Spring,No
cat,5,Neutered,under age/weight,Fall,Yes
cat,5,Male,under age/weight,Summer,No
rabbit,2,Neutered,normal,Fall,No
cat,0,Neutered,normal,Fall,Yes
dog,8,Spayed,normal,Winter,Yes
dog,18,Female,injured  moderate,Winter,No
cat,6,Spayed,normal,Fall,No
cat,4,Male,fractious,Summer,No
rabbit,5,Unknown,injured  severe,Summer,No
dog,10,Neutered,behavior  mild,Summer,Yes
dog,3,Spayed,normal,Fall,No
dog,10,Spayed,Other,Fall,No
dog,14,Male,normal,Fall,No
dog,0,Male,under age/weight,Fall,No
cat,5,Unknown,under age/weight,Spring,No
cat,5,Unknown,under age/weight,Spring,No
cat,5,Unknown,under age/weight,Spring,No
cat,5,Unknown,under age/weight,Spring,No
dog,3,Female,normal,Spring,No
cat,10,Unknown,ill moderatete,Spring,No
dog,4,Neutered,normal,Fall,Yes
dog,8,Male,normal,Fall,No
dog,7,Spayed,normal,Spring,Yes
dog,8,Neutered,normal,Winter,No
cat,15,Spayed,normal,Spring,Yes
bird,7,Female,normal,Fall,No
dog,5,Spayed,normal,Summer,Yes
wild,2,Unknown,injured  severe,Fall,No
cat,3,Neutered,injured  moderate,Spring,Yes
cat,7,Female,under age/weight,Spring,No
cat,1,Neutered,ill moderatete,Winter,Yes
cat,1,Male,under age/weight,Summer,Yes
cat,7,Unknown,under age/weight,Spring,No
dog,13,Neutered,normal,Fall,No
dog,12,Female,normal,Spring,No
dog,8,Female,normal,Winter,No
cat,4,Neutered,injured  severe,Fall,No
cat,2,Male,injured  severe,Summer,No
cat,1,Male,ill mild,Summer,No
cat,10,Neutered,fractious,Winter,No
cat,1,Female,ill severe,Winter,Yes
bird,3,Unknown,injured  severe,Winter,No
cat,9,Spayed,feral,Winter,No
dog,9,Neutered,normal,Spring,No
cat,1,Neutered,i/i report,Summer,Yes
Other,7,Unknown,normal,Summer,No
cat,7,Male,normal,Winter,No
cat,11,Neutered,normal,Fall,No
dog,7,Male,fractious,Spring,No
cat,5,Male,ill moderatete,Summer,No
cat,3,Spayed,normal,Summer,No
cat,3,Neutered,fractious,Spring,No
cat,1,Unknown,under age/weight,Spring,No
cat,1,Unknown,under age/weight,Spring,No
cat,1,Unknown,under age/weight,Spring,No
cat,0,Male,under age/weight,Spring,No
cat,1,Spayed,ill mild,Summer,No
cat,1,Neutered,ill mild,Summer,No
cat,2,Unknown,injured  moderate,Summer,No
dog,1,Neutered,normal,Summer,Yes
cat,5,Male,injured  moderate,Spring,No
Other,1,Unknown,normal,Summer,No
cat,5,Neutered,normal,Spring,No
cat,5,Neutered,normal,Spring,No
cat,2,Neutered,under age/weight,Winter,No
bird,2,Unknown,injured  severe,Fall,No
cat,7,Female,under age/weight,Fall,No
cat,11,Neutered,ill severe,Summer,No
cat,3,Female,injured  moderate,Summer,No
dog,9,Male,normal,Fall,No
cat,4,Neutered,normal,Winter,No
dog,9,Neutered,normal,Fall,Yes
cat,5,Neutered,normal,Winter,No
cat,4,Spayed,normal,Spring,No
cat,5,Spayed,normal,Summer,No
cat,5,Spayed,normal,Spring,No
bird,7,Unknown,injured  severe,Winter,No
cat,6,Neutered,injured  mild,Winter,Yes
dog,9,Spayed,normal,Spring,Yes
Other,8,Male,normal,Spring,No
cat,6,Female,under age/weight,Summer,No
cat,7,Unknown,under age/weight,Spring,No
cat,7,Unknown,under age/weight,Spring,No
cat,6,Male,fractious,Winter,Yes
Other,13,Female,normal,Winter,No
dog,4,Neutered,normal,Summer,Yes
cat,9,Spayed,fractious,Spring,No
cat,5,Neutered,normal,Winter,No
cat,2,Male,ill mild,Summer,No
cat,2,Male,ill mild,Summer,No
cat,2,Female,ill mild,Summer,No
cat,6,Neutered,normal,Fall,Yes
dog,6,Male,normal,Fall,No
cat,3,Unknown,ill severe,Spring,No
dog,15,Neutered,behavior  severe,Winter,No
cat,9,Neutered,injured  mild,Spring,No
dog,4,Spayed,normal,Spring,Yes
dog,15,Male,ill mild,Fall,No
dog,12,Neutered,normal,Fall,Yes
dog,5,Neutered,injured  moderate,Fall,Yes
rabbit,3,Female,injured  mild,Summer,No
cat,0,Spayed,under age/weight,Fall,Yes
dog,1,Neutered,normal,Spring,Yes
dog,11,Male,normal,Winter,No
dog,11,Female,injured  mild,Spring,No
dog,11,Spayed,ill severe,Spring,No
dog,2,Spayed,normal,Fall,Yes
bird,6,Female,normal,Summer,Yes
cat,1,Unknown,under age/weight,Fall,No
cat,4,Unknown,under age/weight,Summer,No
dog,3,Male,normal,Winter,No
dog,15,Male,injured  moderate,Fall,No
cat,1,Male,normal,Spring,No
dog,4,Spayed,normal,Spring,Yes
cat,1,Male,under age/weight,Summer,No
cat,1,Male,under age/weight,Summer,No
cat,0,Neutered,under age/weight,Winter,Yes
cat,0,Spayed,under age/weight,Summer,Yes
cat,0,Male,under age/weight,Fall,No
cat,0,Neutered,under age/weight,Fall,Yes
cat,1,Female,under age/weight,Spring,No
cat,1,Neutered,normal,Winter,Yes
dog,3,Neutered,normal,Winter,No
dog,16,Spayed,normal,Fall,No
Other,1,Female,normal,Summer,No
cat,3,Spayed,injured  moderate,Fall,Yes
dog,11,Neutered,behavior  mild,Winter,No
cat,2,Neutered,normal,Summer,No
dog,6,Neutered,normal,Summer,Yes
bird,7,Female,ill moderatete,Summer,No
dog,7,Male,normal,Spring,No
rabbit,2,Unknown,under age/weight,Winter,No
dog,13,Spayed,normal,Fall,No
cat,2,Spayed,under age/weight,Fall,Yes
cat,8,Male,normal,Summer,No
dog,9,Male,normal,Summer,No
dog,16,Spayed,normal,Summer,No
cat,5,Female,injured  severe,Summer,No
cat,0,Female,under age/weight,Winter,Yes
dog,1,Neutered,normal,Spring,Yes
cat,7,Female,under age/weight,Spring,No
dog,5,Spayed,ill severe,Spring,Yes
dog,1,Spayed,normal,Fall,Yes
cat,5,Neutered,injured  mild,Winter,No
cat,5,Neutered,injured  mild,Winter,Yes
dog,5,Male,normal,Winter,No
cat,8,Female,normal,Summer,No
cat,12,Neutered,injured  mild,Winter,No
cat,2,Unknown,under age/weight,Spring,No
dog,6,Spayed,normal,Summer,No
cat,9,Spayed,normal,Fall,Yes
cat,4,Spayed,normal,Spring,No
dog,2,Spayed,normal,Spring,No
cat,1,Neutered,ill moderatete,Winter,Yes
dog,13,Male,injured  severe,Winter,No
dog,11,Male,normal,Winter,No
dog,6,Spayed,normal,Fall,No
dog,11,Neutered,normal,Fall,No
other,7,Unknown,ill severe,Spring,No
cat,2,Neutered,normal,Summer,Yes
cat,2,Neutered,normal,Summer,Yes
other,2,Unknown,ill severe,Fall,No
cat,1,Female,normal,Winter,Yes
cat,2,Female,under age/weight,Spring,No
dog,1,Spayed,under age/weight,Summer,No
dog,4,Neutered,ill mild,Summer,No
cat,4,Male,ill severe,Spring,No
dog,10,Female,normal,Summer,Yes
dog,7,Male,ill mild,Summer,No
rabbit,3,Neutered,normal,Spring,No
cat,7,Unknown,feral,Summer,No
dog,8,Male,normal,Fall,No
dog,5,Neutered,normal,Fall,Yes
cat,5,Unknown,ill severe,Summer,No
dog,14,Neutered,ill severe,Summer,No
dog,11,Female,ill severe,Summer,No
dog,12,Neutered,injured  moderate,Spring,No
dog,5,Female,injured  moderate,Spring,No
dog,2,Spayed,normal,Winter,Yes
dog,7,Female,normal,Fall,No
cat,5,Neutered,ill severe,Winter,Yes
wild,5,Unknown,under age/weight,Spring,No
cat,1,Male,under age/weight,Spring,Yes
cat,1,Neutered,under age/weight,Spring,Yes
cat,6,Female,normal,Summer,No
cat,4,Female,under age/weight,Summer,No
cat,0,Female,ill moderatete,Fall,No
bird,4,Female,normal,Fall,Yes
dog,11,Female,normal,Winter,No
dog,5,Spayed,normal,Winter,No
cat,2,Male,normal,Summer,Yes
dog,5,Female,normal,Fall,No
dog,9,Spayed,normal,Summer,No
Other,3,Male,normal,Summer,No
dog,4,Female,normal,Spring,No
dog,7,Male,ill mild,Fall,No
bird,6,Female,injured  moderate,Spring,No
cat,1,Male,under age/weight,Summer,No
cat,6,Unknown,normal,Summer,No
cat,6,Female,normal,Spring,No
cat,6,Female,normal,Spring,No
cat,1,Male,under age/weight,Summer,No
cat,5,Neutered,normal,Summer,Yes
dog,6,Spayed,fractious,Fall,Yes
cat,6,Unknown,ill severe,Summer,No
cat,13,Neutered,feral,Winter,No
dog,5,Male,normal,Fall,No
cat,7,Unknown,injured  moderate,Summer,No
dog,13,Male,normal,Spring,No
cat,6,Neutered,normal,Summer,Yes
cat,5,Unknown,under age/weight,Spring,No
dog,11,Male,injured  moderate,Winter,No
dog,9,Female,normal,Winter,Yes
cat,10,Female,injured  severe,Winter,No
cat,0,Male,under age/weight,Spring,No
cat,0,Spayed,under age/weight,Summer,Yes
cat,0,Female,under age/weight,Spring,No
cat,0,Female,under age/weight,Spring,No
cat,0,Spayed,under age/weight,Summer,Yes
dog,17,Female,injured  severe,Spring,No
cat,10,Unknown,injured  severe,Summer,No
dog,7,Male,ill severe,Fall,No
cat,7,Neutered,injured  mild,Spring,No
dog,7,Neutered,normal,Summer,No
dog,2,Neutered,under age/weight,Summer,No
cat,5,Unknown,injured  severe,Summer,No
dog,5,Neutered,normal,Summer,No
dog,12,Male,Other,Spring,No
dog,19,Spayed,normal,Winter,No
dog,9,Spayed,normal,Spring,No
bird,8,Unknown,ill severe,Fall,No
cat,5,Spayed,normal,Winter,Yes
cat,5,Spayed,normal,Winter,Yes
dog,10,Male,normal,Winter,No
bird,4,Unknown,injured  severe,Fall,No
dog,6,Male,normal,Winter,No
cat,4,Spayed,injured  mild,Spring,No
dog,13,Female,normal,Spring,No
cat,5,Neutered,normal,Winter,Yes
cat,5,Neutered,under age/weight,Winter,Yes
wild,5,Unknown,under age/weight,Spring,No
dog,9,Male,normal,Spring,No
cat,0,Neutered,under age/weight,Summer,Yes
dog,1,Spayed,normal,Winter,Yes
cat,0,Spayed,under age/weight,Summer,Yes
cat,0,Spayed,under age/weight,Summer,Yes
cat,0,Spayed,under age/weight,Fall,Yes
cat,1,Spayed,ill mild,Winter,Yes
cat,9,Male,normal,Winter,No
dog,2,Spayed,i/i report,Summer,No
dog,3,Spayed,normal,Winter,Yes
dog,21,Spayed,Other,Fall,No
cat,2,Female,under age/weight,Summer,No
wild,1,Unknown,under age/weight,Spring,No
cat,3,Unknown,normal,Fall,No
cat,3,Unknown,normal,Fall,No
cat,6,Male,under age/weight,Fall,No
cat,2,Male,ill mild,Fall,No
cat,2,Female,ill severe,Fall,No
cat,2,Male,ill mild,Fall,No
cat,2,Female,ill severe,Fall,No
dog,15,Spayed,normal,Fall,No
dog,2,Male,normal,Winter,No
cat,7,Female,injured  severe,Winter,No
dog,18,Male,ill severe,Fall,No
cat,0,Male,ill severe,Fall,No
cat,0,Male,ill moderatete,Fall,No
dog,2,Female,ill moderatete,Spring,No
dog,5,Female,normal,Winter,No
cat,6,Female,under age/weight,Summer,No
cat,6,Male,under age/weight,Summer,No
dog,0,Spayed,normal,Winter,Yes
dog,6,Neutered,normal,Winter,No
dog,6,Neutered,normal,Summer,No
dog,12,Male,injured  mild,Winter,No
cat,6,Female,under age/weight,Summer,Yes
dog,6,Spayed,normal,Spring,No
dog,1,Female,injured  mild,Spring,No
bird,5,Unknown,injured  moderate,Summer,No
dog,6,Female,injured  moderate,Winter,No
dog,2,Neutered,normal,Spring,Yes
dog,6,Male,normal,Winter,No
dog,16,Male,normal,Winter,No
dog,1,Female,under age/weight,Summer,No
cat,0,Neutered,under age/weight,Winter,Yes
dog,7,Male,normal,Fall,No
dog,7,Male,normal,Fall,No
cat,2,Male,normal,Fall,Yes
dog,15,Female,normal,Spring,No
cat,6,Male,under age/weight,Summer,No
dog,5,Spayed,injured  moderate,Summer,Yes
cat,9,Spayed,normal,Spring,Yes
cat,2,Female,ill mild,Summer,No
cat,2,Male,ill mild,Summer,Yes
cat,2,Male,ill mild,Summer,Yes
cat,2,Spayed,ill mild,Summer,Yes
cat,3,Spayed,normal,Fall,No
dog,6,Male,injured  severe,Spring,No
dog,10,Female,ill moderatete,Spring,Yes
dog,12,Spayed,normal,Winter,No
cat,5,Unknown,under age/weight,Spring,No
cat,2,Neutered,under age/weight,Summer,Yes
cat,2,Unknown,ill mild,Summer,Yes
cat,4,Male,under age/weight,Fall,No
cat,4,Male,under age/weight,Fall,No
cat,8,Male,normal,Spring,No
dog,9,Male,normal,Winter,No
cat,8,Neutered,feral,Spring,No
cat,2,Female,ill mild,Summer,No
cat,2,Male,ill mild,Summer,No
cat,2,Neutered,normal,Fall,Yes
cat,4,Spayed,normal,Summer,No
cat,2,Spayed,normal,Winter,Yes
rabbit,4,Spayed,normal,Fall,No
cat,5,Female,normal,Summer,No
cat,1,Unknown,injured  severe,Spring,No
dog,3,Female,injured  severe,Spring,No
dog,2,Spayed,normal,Winter,Yes
cat,5,Unknown,under age/weight,Summer,No
dog,17,Female,Other,Summer,No
dog,5,Spayed,normal,Summer,Yes
dog,1,Spayed,normal,Spring,Yes
dog,10,Neutered,normal,Fall,Yes
cat,7,Spayed,normal,Summer,No
cat,8,Male,normal,Fall,No
other,6,Unknown,ill severe,Summer,No
cat,4,Spayed,under age/weight,Summer,Yes
dog,10,Female,normal,Fall,No
cat,4,Neutered,normal,Winter,Yes
dog,7,Male,normal,Summer,No
cat,7,Spayed,normal,Spring,No
dog,10,Male,normal,Summer,Yes
other,1,Unknown,under age/weight,Winter,No
other,1,Unknown,under age/weight,Winter,No
cat,7,Female,normal,Summer,No
dog,7,Neutered,normal,Winter,Yes
cat,3,Spayed,under age/weight,Fall,Yes
dog,7,Spayed,normal,Spring,Yes
dog,11,Male,behavior  moderate,Spring,No
dog,13,Neutered,normal,Spring,Yes
cat,1,Unknown,under age/weight,Summer,No
cat,11,Unknown,feral,Spring,No
Other,5,Unknown,injured  severe,Fall,No
dog,19,Spayed,ill moderatete,Fall,No
cat,18,Male,ill severe,Spring,No
cat,4,Neutered,normal,Summer,Yes
wild,4,Unknown,injured  severe,Fall,No
cat,5,Female,normal,Summer,No
cat,10,Neutered,feral,Winter,No
cat,0,Male,under age/weight,Fall,No
dog,4,Spayed,ill mild,Summer,Yes
dog,2,Female,normal,Winter,No
cat,2,Female,ill mild,Summer,Yes
dog,7,Female,injured  moderate,Spring,No
dog,10,Neutered,normal,Spring,No
dog,14,Neutered,normal,Fall,No
dog,15,Spayed,normal,Fall,No
dog,18,Spayed,normal,Winter,No
dog,5,Spayed,normal,Summer,Yes
cat,6,Spayed,fractious,Summer,No
cat,10,Spayed,feral,Spring,No
dog,10,Female,normal,Winter,No
dog,9,Male,normal,Summer,No
dog,13,Spayed,normal,Spring,Yes
cat,7,Unknown,under age/weight,Spring,No
dog,15,Male,normal,Spring,No
dog,9,Spayed,normal,Summer,Yes
dog,13,Spayed,ill mild,Summer,Yes
rabbit,2,Spayed,normal,Spring,Yes
dog,7,Neutered,normal,Spring,No
dog,18,Female,normal,Fall,Yes
bird,7,Unknown,normal,Summer,No
dog,14,Female,normal,Summer,No
dog,9,Male,normal,Spring,No
cat,7,Unknown,under age/weight,Summer,No
cat,8,Unknown,under age/weight,Winter,No
cat,8,Unknown,under age/weight,Winter,No
cat,7,Unknown,under age/weight,Summer,No
dog,6,Male,normal,Summer,No
cat,8,Female,normal,Winter,No
dog,21,Female,normal,Winter,No
cat,2,Neutered,normal,Fall,Yes
cat,9,Spayed,normal,Summer,No
cat,9,Spayed,normal,Winter,Yes
wild,4,Unknown,injured  severe,Winter,No
cat,1,Neutered,under age/weight,Summer,Yes
cat,2,Female,normal,Summer,No
dog,0,Female,normal,Fall,No
dog,3,Male,normal,Fall,No
dog,10,Female,injured  severe,Fall,No
dog,9,Female,normal,Summer,Yes
dog,7,Neutered,injured  mild,Fall,Yes
cat,2,Neutered,ill mild,Summer,Yes
dog,1,Spayed,under age/weight,Fall,Yes
dog,4,Neutered,injured  moderate,Fall,Yes
dog,13,Spayed,normal,Winter,Yes
rabbit,2,Male,normal,Fall,No
dog,3,Male,injured  severe,Spring,No
other,8,Unknown,ill severe,Summer,No
cat,4,Unknown,ill severe,Summer,No
cat,7,Unknown,under age/weight,Summer,No
dog,10,Male,normal,Fall,No
dog,11,Female,normal,Fall,No
dog,6,Male,normal,Summer,No
cat,8,Female,normal,Winter,No
cat,1,Female,under age/weight,Winter,Yes
cat,1,Unknown,normal,Summer,No
cat,1,Spayed,under age/weight,Fall,Yes
cat,4,Female,normal,Summer,No
cat,4,Male,normal,Summer,No
dog,7,Neutered,normal,Winter,Yes
dog,3,Neutered,normal,Summer,No
dog,1,Male,normal,Fall,No
dog,3,Male,normal,Spring,Yes
dog,8,Neutered,ill mild,Spring,No
cat,0,Neutered,ill mild,Summer,Yes
dog,5,Male,ill moderatete,Summer,No
dog,8,Male,normal,Summer,No
bird,1,Unknown,normal,Summer,No
bird,6,Unknown,injured  severe,Fall,No
dog,6,Neutered,normal,Fall,Yes
rabbit,8,Unknown,injured  severe,Fall,No
dog,5,Spayed,ill mild,Spring,No
cat,3,Spayed,injured  mild,Winter,No
cat,9,Unknown,injured  severe,Winter,No
cat,4,Male,ill moderatete,Summer,No
cat,0,Male,under age/weight,Fall,No
cat,0,Male,under age/weight,Fall,No
dog,6,Neutered,normal,Spring,No
dog,4,Spayed,behavior  moderate,Spring,No
bird,8,Unknown,normal,Fall,No
dog,2,Male,normal,Summer,No
bird,1,Unknown,injured  moderate,Summer,No
dog,16,Spayed,ill moderatete,Spring,Yes
dog,3,Neutered,normal,Winter,Yes
dog,1,Female,normal,Summer,No
cat,2,Male,ill mild,Summer,No
dog,8,Spayed,fractious,Fall,No
cat,2,Spayed,normal,Summer,Yes
cat,9,Male,ill severe,Summer,No
cat,4,Male,ill mild,Summer,No
cat,0,Male,under age/weight,Spring,No
cat,5,Spayed,fractious,Summer,No
cat,4,Female,under age/weight,Fall,No
cat,1,Spayed,under age/weight,Spring,No
dog,10,Neutered,injured  mild,Summer,No
rabbit,5,Neutered,normal,Summer,Yes
dog,6,Male,normal,Winter,No
cat,8,Female,normal,Fall,No
dog,8,Male,normal,Fall,No
dog,17,Female,normal,Fall,No
cat,1,Neutered,injured  moderate,Summer,No
dog,16,Neutered,normal,Winter,No
bird,8,Unknown,ill moderatete,Spring,No
bird,7,Unknown,under age/weight,Spring,No
bird,7,Unknown,under age/weight,Spring,No
cat,12,Female,normal,Spring,Yes
cat,12,Spayed,normal,Spring,No
cat,8,Spayed,feral,Spring,No
cat,8,Spayed,feral,Spring,No
cat,6,Spayed,normal,Summer,No
rabbit,3,Neutered,normal,Summer,Yes
dog,4,Female,normal,Spring,No
dog,0,Spayed,injured  moderate,Fall,Yes
cat,8,Neutered,fractious,Summer,No
cat,4,Neutered,normal,Fall,Yes
cat,4,Neutered,normal,Winter,Yes
cat,6,Female,under age/weight,Spring,No
bird,3,Unknown,injured  moderate,Fall,No
cat,7,Male,normal,Spring,No
cat,1,Female,normal,Spring,No
cat,1,Female,under age/weight,Spring,No
dog,3,Female,ill moderatete,Summer,No
cat,1,Spayed,ill mild,Winter,Yes
dog,6,Male,normal,Summer,Yes
cat,7,Female,under age/weight,Summer,No
cat,7,Female,under age/weight,Summer,No
dog,18,Neutered,injured  severe,Winter,No
dog,3,Neutered,normal,Fall,Yes
dog,12,Female,ill severe,Winter,No
cat,5,Spayed,normal,Fall,Yes
wild,4,Unknown,under age/weight,Winter,No
cat,6,Female,normal,Fall,No
cat,3,Spayed,normal,Fall,Yes
dog,0,Spayed,normal,Fall,Yes
cat,7,Male,injured  severe,Winter,No
dog,13,Male,normal,Spring,No
dog,13,Male,normal,Spring,No
dog,10,Male,injured  mild,Fall,No
cat,0,Neutered,normal,Fall,Yes
cat,8,Female,ill moderatete,Summer,No
cat,3,Female,under age/weight,Spring,No
dog,8,Female,injured  severe,Summer,No
bird,8,Unknown,injured  severe,Fall,No
cat,8,Spayed,normal,Summer,No
cat,6,Female,normal,Summer,Yes
dog,15,Spayed,Other,Winter,No
cat,10,Spayed,normal,Spring,Yes
dog,2,Female,normal,Spring,No
dog,17,Neutered,normal,Spring,No
dog,3,Neutered,i/i report,Fall,Yes
cat,7,Male,normal,Fall,Yes
cat,5,Spayed,fractious,Spring,Yes
dog,13,Male,normal,Fall,No
dog,1,Spayed,under age/weight,Winter,Yes
cat,6,Spayed,under age/weight,Spring,Yes
dog,2,Male,normal,Fall,No
dog,2,Neutered,injured  mild,Winter,Yes
dog,1,Spayed,injured  mild,Winter,Yes
dog,1,Female,normal,Winter,No
cat,7,Male,ill severe,Spring,No
cat,5,Female,under age/weight,Summer,No
cat,5,Male,under age/weight,Summer,No
cat,2,Female,normal,Fall,Yes
cat,1,Female,i/i report,Fall,No
dog,5,Male,injured  severe,Winter,No
dog,1,Neutered,normal,Winter,No
cat,5,Spayed,fractious,Spring,No
cat,1,Spayed,normal,Fall,Yes
cat,0,Female,under age/weight,Fall,No
cat,8,Female,normal,Spring,No
cat,8,Male,normal,Spring,No
dog,3,Neutered,normal,Fall,Yes
dog,4,Male,Other,Fall,No
dog,4,Male,Other,Fall,No
cat,5,Female,under age/weight,Summer,No
dog,10,Male,normal,Summer,No
dog,11,Male,normal,Summer,No
cat,5,Spayed,normal,Spring,No
Other,10,Unknown,ill moderatete,Fall,No
dog,10,Male,normal,Summer,No
cat,7,Male,normal,Fall,Yes
dog,0,Male,ill moderatete,Fall,No
bird,8,Unknown,injured  mild,Fall,No
cat,9,Spayed,normal,Spring,No
dog,7,Male,normal,Summer,No
cat,6,Female,normal,Fall,No
dog,7,Female,normal,Summer,No
cat,7,Female,under age/weight,Summer,No
cat,7,Female,under age/weight,Summer,No
cat,5,Neutered,ill severe,Winter,Yes
dog,9,Spayed,normal,Spring,Yes
cat,4,Male,under age/weight,Fall,No
cat,5,Neutered,under age/weight,Summer,Yes
cat,4,Unknown,under age/weight,Summer,No
cat,0,Female,under age/weight,Winter,No
cat,0,Male,under age/weight,Winter,No
cat,0,Male,under age/weight,Winter,No
cat,9,Spayed,normal,Fall,No
cat,8,Spayed,normal,Summer,Yes
dog,9,Spayed,normal,Winter,Yes
dog,12,Male,Other,Winter,No
rabbit,1,Spayed,normal,Fall,No
rabbit,1,Spayed,normal,Fall,No
rabbit,1,Neutered,normal,Fall,No
rabbit,1,Neutered,normal,Fall,No
rabbit,4,Neutered,normal,Spring,No
other,0,Female,under age/weight,Fall,No
dog,4,Male,normal,Fall,No
dog,0,Male,under age/weight,Winter,No
dog,0,Male,under age/weight,Winter,No
cat,0,Male,under age/weight,Spring,No
dog,0,Female,under age/weight,Winter,No
dog,0,Spayed,normal,Fall,Yes
cat,1,Spayed,under age/weight,Fall,Yes
wild,2,Unknown,injured  severe,Spring,No
bird,1,Unknown,injured  severe,Summer,No
cat,2,Neutered,normal,Winter,No
cat,5,Female,under age/weight,Fall,No
dog,3,Neutered,injured  moderate,Spring,No
dog,1,Male,normal,Winter,No
dog,1,Female,normal,Winter,No
dog,1,Male,normal,Winter,No
cat,10,Spayed,fractious,Spring,No
dog,7,Male,normal,Winter,No
dog,9,Male,normal,Spring,No
dog,6,Male,under age/weight,Fall,No
dog,8,Neutered,normal,Spring,Yes
dog,2,Spayed,normal,Spring,Yes
dog,11,Neutered,Other,Winter,No
dog,2,Female,normal,Winter,No
dog,1,Female,normal,Winter,No
other,2,Unknown,under age/weight,Spring,No
cat,6,Female,under age/weight,Spring,No
cat,6,Male,under age/weight,Spring,No
cat,6,Female,under age/weight,Spring,No
dog,5,Spayed,ill severe,Summer,No
dog,7,Female,normal,Fall,No
dog,2,Neutered,normal,Summer,Yes
bird,2,Unknown,injured  severe,Summer,No
dog,11,Spayed,normal,Summer,Yes
dog,7,Male,normal,Fall,No
dog,5,Spayed,i/i report,Winter,No
cat,1,Female,normal,Spring,No
cat,0,Unknown,injured  severe,Spring,No
cat,2,Neutered,injured  moderate,Summer,Yes
dog,2,Female,normal,Summer,Yes
other,3,Unknown,injured  moderate,Spring,No
cat,2,Neutered,ill mild,Summer,Yes
cat,2,Female,ill mild,Summer,No
cat,7,Female,normal,Fall,No
bird,4,Unknown,ill severe,Winter,No
cat,4,Male,under age/weight,Spring,No
dog,1,Spayed,normal,Spring,Yes
cat,4,Male,ill mild,Fall,No
cat,7,Neutered,injured  moderate,Winter,No
cat,6,Spayed,injured  severe,Fall,Yes
dog,8,Male,normal,Spring,No
Other,5,Male,normal,Winter,Yes
dog,3,Neutered,normal,Spring,Yes
dog,1,Neutered,normal,Spring,Yes
cat,0,Female,injured  moderate,Summer,No
dog,5,Spayed,injured  severe,Spring,Yes
dog,9,Male,injured  moderate,Summer,No
dog,7,Neutered,normal,Spring,Yes
cat,3,Male,normal,Summer,No
cat,8,Female,normal,Fall,No
cat,6,Male,normal,Fall,No
cat,5,Female,normal,Spring,Yes
cat,5,Male,normal,Summer,No
cat,5,Female,normal,Fall,No
cat,4,Unknown,under age/weight,Spring,No
cat,8,Female,normal,Spring,No
wild,6,Unknown,injured  severe,Summer,No
cat,0,Male,normal,Fall,No
dog,1,Male,normal,Spring,No
cat,0,Male,under age/weight,Spring,No
dog,3,Neutered,normal,Summer,Yes
cat,0,Female,under age/weight,Summer,No
cat,1,Spayed,under age/weight,Summer,Yes
cat,4,Male,injured  severe,Winter,No
dog,1,Female,under age/weight,Spring,No
dog,9,Male,normal,Winter,No
bird,0,Unknown,injured  severe,Fall,No
dog,7,Female,normal,Winter,No
dog,8,Spayed,injured  mild,Spring,Yes
cat,11,Female,normal,Fall,No
cat,5,Unknown,normal,Spring,No
dog,10,Female,normal,Summer,No
cat,7,Female,normal,Fall,No
dog,4,Neutered,normal,Spring,No
dog,2,Neutered,normal,Summer,Yes
cat,14,Neutered,ill severe,Winter,No
dog,0,Neutered,normal,Winter,Yes
cat,7,Female,under age/weight,Spring,No
cat,1,Unknown,under age/weight,Summer,No
cat,10,Female,normal,Fall,No
rabbit,2,Neutered,normal,Spring,Yes
rabbit,2,Spayed,normal,Spring,Yes
dog,7,Female,normal,Summer,Yes
dog,2,Male,injured  severe,Fall,Yes
dog,5,Neutered,normal,Spring,Yes
dog,12,Male,normal,Fall,No
dog,11,Male,normal,Fall,No
cat,5,Male,normal,Summer,No
cat,2,Neutered,ill mild,Summer,No
bird,7,Unknown,under age/weight,Summer,No
cat,8,Female,normal,Winter,No
cat,4,Spayed,normal,Fall,Yes
bird,3,Female,injured  mild,Spring,No
rabbit,3,Spayed,behavior  severe,Summer,No
cat,2,Female,normal,Summer,No
rabbit,7,Spayed,normal,Winter,Yes
dog,11,Neutered,normal,Spring,No
other,7,Unknown,ill severe,Spring,No
cat,1,Female,under age/weight,Summer,No
cat,9,Male,ill mild,Fall,No
cat,2,Male,injured  mild,Winter,Yes
dog,6,Spayed,normal,Fall,Yes
dog,11,Female,injured  severe,Winter,No
cat,0,Spayed,normal,Winter,Yes
dog,2,Spayed,normal,Winter,No
dog,7,Male,normal,Summer,No
Other,4,Male,normal,Winter,No
cat,8,Female,normal,Summer,No
cat,5,Female,under age/weight,Fall,No
cat,5,Female,under age/weight,Fall,No
rabbit,7,Spayed,normal,Fall,No
rabbit,7,Neutered,normal,Summer,No
Other,11,Unknown,injured  severe,Fall,No
cat,1,Female,under age/weight,Winter,No
other,6,Unknown,fractious,Spring,No
other,1,Male,ill mild,Spring,No
Other,5,Female,normal,Summer,No
cat,5,Female,under age/weight,Fall,No
rabbit,8,Neutered,normal,Fall,No
bird,2,Unknown,normal,Summer,No
cat,5,Female,under age/weight,Summer,No
rabbit,4,Neutered,normal,Fall,No
bird,8,Unknown,injured  mild,Winter,No
cat,5,Female,under age/weight,Fall,No
cat,9,Neutered,normal,Fall,No
wild,6,Unknown,injured  moderate,Winter,No
cat,11,Male,normal,Summer,Yes
Other,6,Female,normal,Fall,Yes
cat,6,Neutered,normal,Fall,No
dog,13,Neutered,injured  moderate,Winter,No
Other,8,Unknown,normal,Summer,No
bird,2,Unknown,normal,Summer,No
rabbit,4,Neutered,normal,Summer,No
bird,2,Unknown,normal,Summer,No
cat,7,Female,fractious,Spring,No
cat,5,Female,normal,Summer,No
dog,6,Male,normal,Spring,No
cat,5,Neutered,normal,Summer,Yes
cat,8,Female,under age/weight,Spring,No
cat,8,Female,under age/weight,Spring,No
cat,6,Female,under age/weight,Summer,Yes
dog,8,Male,normal,Spring,No
dog,2,Female,normal,Fall,No
dog,2,Neutered,normal,Summer,Yes
dog,2,Male,normal,Fall,No
cat,5,Male,under age/weight,Spring,No
cat,2,Neutered,ill moderatete,Fall,No
rabbit,4,Neutered,normal,Fall,No
cat,8,Spayed,injured  mild,Summer,No
cat,2,Male,under age/weight,Winter,Yes
dog,19,Spayed,normal,Winter,No
cat,3,Female,normal,Winter,No
cat,1,Male,under age/weight,Fall,No
cat,1,Male,under age/weight,Fall,No
dog,4,Spayed,normal,Fall,Yes
rabbit,2,Neutered,normal,Winter,No
bird,6,Male,normal,Fall,Yes
bird,6,Male,normal,Fall,Yes
cat,1,Neutered,normal,Spring,Yes
cat,1,Neutered,normal,Spring,Yes
cat,4,Female,under age/weight,Spring,No
cat,4,Unknown,injured  severe,Fall,No
cat,6,Male,under age/weight,Winter,No
dog,4,Male,normal,Winter,No
cat,1,Unknown,under age/weight,Spring,No
cat,1,Unknown,under age/weight,Spring,No
cat,3,Female,normal,Fall,No
cat,4,Neutered,fractious,Spring,No
cat,0,Neutered,Other,Fall,Yes
dog,3,Neutered,normal,Spring,No
bird,4,Unknown,ill severe,Summer,No
cat,5,Female,normal,Fall,No
dog,2,Female,normal,Spring,Yes
cat,3,Neutered,normal,Spring,Yes
dog,12,Male,normal,Spring,No
cat,11,Unknown,feral,Spring,No
cat,6,Unknown,under age/weight,Spring,No
dog,8,Female,normal,Winter,No
cat,6,Unknown,under age/weight,Spring,No
Other,8,Unknown,normal,Fall,No
cat,11,Neutered,fractious,Spring,No
cat,4,Male,under age/weight,Fall,No
cat,4,Unknown,under age/weight,Fall,No
cat,2,Male,under age/weight,Summer,No
bird,2,Unknown,under age/weight,Summer,No
cat,2,Male,normal,Summer,No
dog,4,Neutered,normal,Summer,Yes
cat,6,Unknown,under age/weight,Spring,No
cat,3,Spayed,normal,Fall,Yes
cat,2,Male,normal,Summer,Yes
cat,2,Female,normal,Summer,Yes
cat,2,Male,normal,Summer,Yes
cat,2,Female,under age/weight,Fall,No
cat,2,Unknown,under age/weight,Fall,No
dog,2,Unknown,under age/weight,Summer,No
dog,2,Unknown,under age/weight,Summer,No
rabbit,4,Neutered,normal,Summer,No
cat,1,Spayed,under age/weight,Summer,Yes
dog,3,Female,normal,Winter,No
rabbit,2,Spayed,normal,Summer,Yes
rabbit,1,Spayed,normal,Fall,Yes
dog,2,Spayed,normal,Summer,Yes
rabbit,2,Spayed,injured  mild,Spring,Yes
rabbit,1,Spayed,injured  mild,Spring,Yes
dog,6,Neutered,normal,Spring,Yes
dog,3,Neutered,normal,Winter,Yes
cat,2,Unknown,under age/weight,Spring,No
cat,1,Unknown,under age/weight,Spring,No
cat,2,Unknown,under age/weight,Spring,No
dog,4,Spayed,normal,Spring,Yes
rabbit,5,Neutered,normal,Spring,No
dog,2,Female,i/i report,Summer,No
cat,1,Spayed,under age/weight,Winter,Yes
cat,1,Female,under age/weight,Fall,No
cat,1,Male,under age/weight,Fall,No
cat,4,Spayed,normal,Summer,No
dog,7,Unknown,under age/weight,Spring,No
dog,15,Female,normal,Spring,No
cat,7,Unknown,under age/weight,Summer,No
cat,6,Unknown,under age/weight,Fall,No
cat,7,Unknown,under age/weight,Summer,No
cat,15,Spayed,normal,Spring,Yes
rabbit,4,Spayed,normal,Winter,No
cat,5,Male,under age/weight,Summer,No
cat,5,Female,under age/weight,Summer,No
cat,5,Male,normal,Summer,No
cat,5,Male,normal,Fall,No
cat,5,Neutered,under age/weight,Fall,Yes
cat,5,Female,under age/weight,Fall,No
cat,5,Unknown,under age/weight,Fall,No
dog,7,Spayed,normal,Spring,Yes
cat,11,Spayed,fractious,Spring,Yes
bird,5,Unknown,normal,Summer,Yes
cat,3,Neutered,normal,Fall,Yes
dog,4,Female,normal,Winter,No
cat,2,Male,ill severe,Summer,No
dog,3,Male,behavior  mild,Winter,Yes
cat,4,Spayed,normal,Spring,No
cat,3,Female,normal,Summer,No
dog,4,Spayed,normal,Summer,Yes
dog,4,Neutered,normal,Summer,Yes
dog,16,Male,ill severe,Summer,No
cat,9,Female,normal,Summer,No
dog,3,Neutered,normal,Spring,Yes
cat,5,Female,normal,Fall,No
cat,3,Spayed,normal,Winter,Yes
cat,5,Female,under age/weight,Summer,No
dog,5,Female,ill moderatete,Spring,Yes
rabbit,4,Unknown,injured  severe,Fall,No
dog,3,Spayed,ill moderatete,Fall,Yes
cat,4,Spayed,normal,Winter,No
dog,4,Male,normal,Summer,Yes
cat,2,Unknown,ill severe,Summer,No
dog,7,Spayed,normal,Summer,Yes
cat,4,Unknown,under age/weight,Spring,No
cat,4,Male,under age/weight,Fall,No
cat,4,Female,under age/weight,Fall,No
bird,3,Unknown,normal,Summer,No
dog,3,Neutered,ill moderatete,Fall,Yes
cat,3,Neutered,normal,Winter,Yes
rabbit,4,Male,normal,Fall,No
cat,2,Male,under age/weight,Spring,No
bird,0,Unknown,injured  mild,Summer,No
cat,3,Male,under age/weight,Spring,No
cat,1,Male,normal,Spring,No
dog,3,Male,normal,Fall,Yes
dog,3,Neutered,ill moderatete,Fall,Yes
dog,3,Spayed,normal,Fall,Yes
dog,8,Male,under age/weight,Spring,No
cat,7,Unknown,under age/weight,Spring,No
dog,13,Neutered,normal,Summer,No
cat,7,Unknown,under age/weight,Fall,No
cat,7,Unknown,under age/weight,Spring,No
cat,7,Unknown,feral,Spring,No
cat,11,Female,normal,Spring,No
cat,7,Unknown,under age/weight,Fall,No
dog,6,Unknown,under age/weight,Summer,No
cat,7,Unknown,under age/weight,Summer,No
cat,7,Female,under age/weight,Fall,No
cat,14,Neutered,normal,Fall,Yes
cat,5,Unknown,under age/weight,Fall,No
cat,1,Neutered,under age/weight,Summer,Yes
cat,1,Neutered,under age/weight,Summer,Yes
cat,3,Male,injured  severe,Spring,No
cat,1,Spayed,normal,Fall,Yes
cat,0,Spayed,under age/weight,Summer,Yes
cat,5,Female,under age/weight,Spring,No
cat,9,Unknown,normal,Fall,No
cat,21,Neutered,ill severe,Summer,No
dog,3,Male,normal,Summer,No
cat,6,Male,normal,Winter,Yes
cat,3,Male,under age/weight,Fall,No
Other,1,Unknown,injured  severe,Spring,No
bird,8,Unknown,injured  severe,Summer,No
dog,12,Neutered,normal,Spring,Yes
cat,3,Male,under age/weight,Fall,No
cat,3,Male,under age/weight,Fall,No
rabbit,6,Neutered,normal,Winter,Yes
cat,18,Spayed,ill severe,Summer,No
cat,3,Female,normal,Fall,No
cat,3,Female,normal,Fall,No
cat,3,Neutered,normal,Winter,Yes
cat,2,Male,ill mild,Summer,No
cat,4,Female,normal,Spring,No
cat,3,Male,under age/weight,Spring,No
dog,15,Female,normal,Winter,No
dog,3,Neutered,normal,Summer,Yes
dog,2,Spayed,normal,Winter,Yes
cat,2,Neutered,normal,Summer,No
cat,2,Neutered,normal,Summer,No
cat,6,Male,normal,Summer,No
cat,5,Spayed,under age/weight,Summer,Yes
dog,7,Neutered,normal,Winter,Yes
cat,6,Male,normal,Summer,No
bird,2,Unknown,under age/weight,Spring,No
bird,2,Unknown,under age/weight,Spring,No
dog,10,Female,normal,Summer,No
dog,8,Female,normal,Spring,No
dog,13,Male,normal,Winter,No
dog,10,Female,normal,Spring,No
dog,12,Male,normal,Spring,No
dog,8,Female,normal,Spring,No
wild,8,Unknown,injured  severe,Fall,No
dog,12,Neutered,normal,Spring,No
dog,9,Female,normal,Fall,No
dog,6,Spayed,normal,Summer,Yes
dog,9,Female,normal,Winter,No
cat,8,Female,normal,Summer,No
cat,7,Spayed,normal,Winter,No
cat,5,Male,normal,Winter,No
cat,5,Neutered,normal,Winter,Yes
dog,10,Female,normal,Fall,No
dog,8,Male,normal,Summer,No
cat,0,Male,ill mild,Fall,No
cat,2,Spayed,fractious,Summer,No
other,8,Unknown,injured  moderate,Winter,No
cat,6,Female,normal,Summer,No
cat,9,Neutered,normal,Summer,No
cat,8,Male,normal,Summer,No
cat,3,Spayed,normal,Summer,No
cat,6,Female,normal,Fall,No
cat,5,Female,fractious,Summer,No
cat,13,Spayed,normal,Spring,No
dog,15,Neutered,i/i report,Spring,No
dog,8,Spayed,normal,Spring,Yes
other,3,Unknown,normal,Fall,No
other,3,Unknown,normal,Fall,No
other,3,Unknown,normal,Fall,No
dog,2,Neutered,normal,Winter,Yes
other,4,Male,normal,Fall,No
dog,7,Spayed,normal,Winter,No
dog,7,Male,normal,Winter,No
dog,7,Male,normal,Winter,No
dog,9,Male,under age/weight,Winter,No
dog,6,Female,under age/weight,Winter,No
cat,3,Neutered,injured  moderate,Winter,Yes
cat,12,Neutered,normal,Winter,No
rabbit,8,Neutered,normal,Spring,Yes
cat,2,Male,under age/weight,Fall,No
dog,13,Neutered,normal,Spring,Yes
wild,1,Male,injured  moderate,Spring,No
dog,8,Female,normal,Winter,No
dog,11,Male,injured  mild,Summer,No
cat,7,Spayed,normal,Summer,No
cat,5,Spayed,normal,Summer,No
cat,5,Male,normal,Summer,Yes
cat,5,Male,normal,Summer,No
cat,5,Female,normal,Winter,No
cat,5,Female,normal,Winter,No
cat,5,Female,normal,Winter,Yes
cat,5,Male,normal,Summer,No
cat,4,Female,injured  mild,Summer,No
dog,1,Male,under age/weight,Winter,No
bird,6,Unknown,injured  severe,Spring,No
bird,1,Unknown,under age/weight,Fall,No
cat,4,Male,under age/weight,Summer,No
dog,3,Spayed,under age/weight,Summer,No
dog,9,Male,normal,Winter,No
dog,11,Male,normal,Winter,No
dog,5,Female,normal,Spring,No
cat,7,Spayed,normal,Summer,Yes
cat,2,Male,under age/weight,Fall,No
cat,2,Female,under age/weight,Fall,No
dog,11,Female,normal,Winter,No
dog,9,Male,ill mild,Summer,No
dog,13,Female,ill mild,Summer,No
cat,0,Neutered,under age/weight,Summer,No
cat,0,Neutered,under age/weight,Summer,No
cat,1,Female,ill mild,Spring,No
cat,4,Neutered,normal,Spring,Yes
cat,6,Male,normal,Spring,No
cat,6,Male,normal,Spring,No
Other,7,Female,normal,Spring,No
Other,7,Female,normal,Spring,No
wild,6,Unknown,injured  moderate,Winter,No
bird,7,Unknown,under age/weight,Summer,No
dog,4,Spayed,normal,Spring,Yes
cat,0,Female,under age/weight,Winter,No
cat,6,Female,under age/weight,Winter,Yes
cat,0,Male,ill mild,Spring,No
cat,7,Female,under age/weight,Summer,No
dog,4,Neutered,normal,Spring,No
bird,2,Unknown,ill severe,Fall,No
dog,12,Spayed,normal,Summer,Yes
dog,1,Male,under age/weight,Winter,No
cat,7,Female,ill severe,Winter,No
dog,15,Female,normal,Summer,Yes
rabbit,9,Spayed,normal,Winter,No
cat,5,Unknown,ill severe,Winter,No
dog,11,Male,normal,Summer,No
dog,3,Female,normal,Spring,No
dog,7,Female,normal,Winter,Yes
dog,21,Spayed,normal,Fall,No
dog,16,Neutered,ill moderatete,Fall,No
cat,8,Female,ill mild,Spring,No
wild,2,Unknown,injured  severe,Summer,No
dog,6,Spayed,normal,Fall,No
dog,14,Female,normal,Summer,No
cat,1,Spayed,under age/weight,Fall,Yes
cat,5,Unknown,under age/weight,Summer,No
cat,5,Unknown,under age/weight,Summer,No
dog,15,Neutered,normal,Winter,No
cat,3,Neutered,injured  moderate,Spring,No
dog,11,Female,normal,Winter,No
dog,9,Male,normal,Winter,No
dog,16,Spayed,normal,Spring,No
dog,10,Male,injured  severe,Winter,No
cat,5,Male,under age/weight,Summer,No
cat,5,Male,normal,Summer,No
dog,4,Spayed,normal,Summer,Yes
cat,10,Male,normal,Fall,No
cat,1,Spayed,injured  severe,Fall,No
cat,1,Male,under age/weight,Fall,No
cat,1,Unknown,under age/weight,Summer,No
cat,1,Female,ill severe,Summer,No
dog,3,Female,normal,Winter,No
cat,8,Neutered,normal,Winter,No
cat,6,Female,normal,Fall,No
cat,6,Male,normal,Fall,No
cat,5,Female,under age/weight,Summer,No
cat,5,Male,under age/weight,Summer,No
dog,8,Female,injured  moderate,Summer,No
dog,8,Male,normal,Spring,Yes
cat,0,Spayed,ill mild,Winter,No
cat,7,Male,normal,Summer,Yes
other,3,Unknown,under age/weight,Spring,No
cat,14,Spayed,normal,Winter,Yes
bird,0,Unknown,under age/weight,Spring,No
other,6,Unknown,ill severe,Spring,No
cat,11,Neutered,normal,Summer,No
bird,2,Unknown,injured  moderate,Spring,No
bird,6,Unknown,injured  moderate,Summer,No
cat,8,Spayed,fractious,Winter,No
cat,8,Spayed,fractious,Winter,No
cat,6,Spayed,fractious,Winter,No
dog,15,Male,normal,Summer,No
bird,2,Unknown,injured  mild,Spring,No
cat,6,Male,fractious,Summer,No
dog,8,Spayed,ill severe,Spring,No
dog,8,Neutered,injured  moderate,Spring,Yes
cat,0,Neutered,under age/weight,Summer,Yes
cat,5,Spayed,normal,Spring,Yes
cat,9,Neutered,fractious,Spring,No
cat,9,Neutered,fractious,Spring,No
dog,8,Neutered,normal,Winter,No
dog,4,Male,normal,Winter,Yes
dog,4,Male,normal,Winter,Yes
cat,2,Neutered,normal,Fall,Yes
dog,8,Spayed,normal,Spring,No
other,1,Unknown,under age/weight,Spring,No
other,1,Unknown,under age/weight,Spring,No
other,1,Unknown,under age/weight,Spring,No
other,1,Unknown,under age/weight,Spring,No
bird,6,Unknown,normal,Summer,No
dog,1,Male,normal,Summer,No
dog,1,Male,normal,Summer,No
dog,4,Male,normal,Winter,No
cat,0,Spayed,under age/weight,Fall,Yes
cat,0,Neutered,under age/weight,Summer,Yes
cat,2,Male,under age/weight,Spring,No
cat,1,Female,under age/weight,Spring,No
wild,6,Unknown,normal,Spring,No
dog,7,Male,normal,Summer,No
dog,1,Spayed,normal,Summer,Yes
cat,8,Spayed,normal,Spring,No
cat,12,Spayed,normal,Spring,No
cat,6,Unknown,under age/weight,Summer,No
cat,12,Spayed,normal,Winter,No
other,1,Unknown,under age/weight,Summer,No
Other,3,Unknown,normal,Summer,No
dog,10,Female,normal,Fall,No
Other,8,Unknown,normal,Fall,No
cat,3,Neutered,under age/weight,Fall,Yes
dog,8,Male,injured  moderate,Fall,No
dog,8,Female,normal,Winter,No
cat,12,Male,behavior  mild,Winter,No
cat,12,Male,normal,Winter,No
dog,3,Male,normal,Summer,No
dog,7,Spayed,injured  moderate,Spring,No
cat,7,Spayed,normal,Fall,No
cat,11,Unknown,ill mild,Winter,No
dog,5,Spayed,normal,Spring,Yes
cat,7,Spayed,normal,Summer,No
cat,8,Neutered,ill mild,Summer,No
cat,4,Female,normal,Spring,No
cat,3,Male,normal,Spring,No
cat,3,Male,normal,Spring,No
cat,8,Male,normal,Spring,No
cat,7,Male,ill severe,Spring,No
dog,5,Female,normal,Winter,No
cat,4,Male,under age/weight,Summer,No
dog,8,Spayed,normal,Fall,Yes
cat,1,Spayed,under age/weight,Summer,Yes
dog,2,Female,injured  severe,Fall,No
cat,8,Male,normal,Summer,No
cat,9,Neutered,normal,Winter,Yes
Other,8,Unknown,normal,Fall,No
cat,7,Male,under age/weight,Spring,No
dog,13,Male,normal,Summer,No
wild,5,Unknown,ill moderatete,Spring,No
dog,2,Neutered,ill moderatete,Fall,Yes
dog,12,Neutered,normal,Fall,No
cat,0,Male,ill severe,Summer,No
cat,4,Male,normal,Fall,No
cat,0,Neutered,under age/weight,Fall,No
cat,6,Male,injured  severe,Winter,No
rabbit,3,Male,injured  moderate,Winter,No
dog,11,Male,normal,Summer,No
cat,2,Neutered,fractious,Winter,Yes
cat,3,Female,fractious,Winter,No
cat,5,Neutered,injured  mild,Spring,No
dog,1,Neutered,normal,Winter,Yes
dog,14,Male,normal,Spring,No
cat,3,Female,normal,Fall,Yes
dog,3,Neutered,normal,Fall,Yes
cat,2,Male,under age/weight,Spring,No
cat,2,Neutered,under age/weight,Summer,Yes
dog,7,Male,normal,Summer,No
cat,5,Male,normal,Winter,No
dog,7,Female,normal,Spring,No
wild,4,Unknown,injured  severe,Fall,No
cat,9,Spayed,normal,Fall,No
cat,4,Neutered,normal,Fall,Yes
wild,1,Unknown,injured  severe,Spring,No
cat,6,Female,fractious,Winter,No
dog,6,Unknown,under age/weight,Fall,No
dog,6,Unknown,under age/weight,Fall,No
dog,10,Female,Other,Fall,No
other,6,Male,injured  severe,Summer,No
dog,3,Male,normal,Summer,Yes
dog,3,Female,normal,Summer,No
cat,11,Spayed,ill moderatete,Fall,No
cat,1,Female,normal,Fall,No
cat,10,Neutered,normal,Winter,No
dog,3,Male,normal,Spring,No
dog,10,Neutered,normal,Winter,No
cat,6,Spayed,normal,Winter,No
cat,19,Spayed,injured  moderate,Fall,No
cat,1,Female,under age/weight,Fall,Yes
cat,4,Unknown,normal,Fall,No
dog,2,Male,injured  moderate,Winter,No
bird,7,Unknown,injured  moderate,Summer,No
cat,1,Spayed,ill moderatete,Summer,No
dog,6,Spayed,normal,Winter,Yes
Other,7,Male,normal,Fall,No
dog,3,Male,ill moderatete,Spring,No
dog,8,Neutered,normal,Winter,No
dog,3,Male,injured  severe,Winter,No
cat,3,Neutered,fractious,Winter,No
dog,9,Neutered,normal,Winter,No
cat,3,Neutered,normal,Fall,Yes
cat,7,Male,feral,Summer,No
cat,17,Male,normal,Fall,No
cat,7,Unknown,under age/weight,Summer,No
dog,8,Spayed,normal,Fall,Yes
cat,5,Spayed,normal,Spring,Yes
dog,8,Female,injured  severe,Summer,No
dog,5,Neutered,normal,Spring,Yes
dog,9,Neutered,ill mild,Fall,No
cat,12,Female,ill mild,Winter,No
dog,3,Male,normal,Summer,No
dog,5,Female,normal,Summer,No
dog,3,Spayed,normal,Summer,Yes
cat,6,Spayed,fractious,Fall,No
cat,6,Spayed,fractious,Fall,No
dog,4,Neutered,normal,Spring,No
cat,3,Male,normal,Spring,Yes
other,3,Female,ill mild,Winter,No
cat,3,Neutered,normal,Summer,Yes
cat,3,Spayed,normal,Spring,Yes
dog,7,Neutered,normal,Winter,No
cat,3,Male,under age/weight,Spring,No
dog,3,Female,normal,Spring,No
cat,4,Neutered,normal,Winter,No
cat,7,Male,ill mild,Summer,No
cat,0,Neutered,normal,Fall,No
cat,8,Neutered,fractious,Summer,No
cat,11,Female,normal,Summer,No
cat,23,Male,normal,Spring,No
cat,5,Female,normal,Fall,No
cat,4,Neutered,normal,Winter,Yes
cat,7,Spayed,feral,Fall,No
dog,12,Male,normal,Fall,No
cat,5,Neutered,under age/weight,Fall,Yes
cat,8,Female,normal,Winter,No
cat,7,Male,normal,Fall,No
dog,10,Female,normal,Spring,Yes
cat,6,Female,normal,Fall,No
wild,7,Unknown,under age/weight,Spring,No
cat,7,Spayed,normal,Spring,No
cat,9,Spayed,normal,Winter,Yes
cat,5,Male,ill moderatete,Winter,No
cat,13,Male,ill moderatete,Winter,No
cat,1,Unknown,under age/weight,Summer,No
cat,0,Female,ill moderatete,Fall,No
dog,6,Female,ill moderatete,Spring,No
cat,0,Spayed,under age/weight,Summer,Yes
cat,0,Neutered,under age/weight,Summer,Yes
dog,11,Neutered,normal,Spring,No
cat,1,Spayed,under age/weight,Winter,Yes
dog,7,Neutered,normal,Spring,Yes
dog,14,Neutered,i/i report,Winter,No
cat,1,Spayed,under age/weight,Summer,No
cat,5,Neutered,injured  moderate,Spring,No
cat,9,Male,normal,Fall,Yes
cat,7,Unknown,ill severe,Winter,No
cat,5,Female,under age/weight,Summer,No
cat,5,Male,under age/weight,Summer,No
dog,5,Spayed,normal,Spring,No
other,7,Unknown,injured  mild,Spring,No
dog,11,Spayed,normal,Winter,No
cat,7,Female,normal,Fall,No
cat,0,Female,under age/weight,Summer,No
cat,0,Unknown,under age/weight,Summer,No
dog,3,Neutered,normal,Winter,Yes
dog,13,Neutered,normal,Winter,No
dog,13,Male,normal,Winter,No
dog,16,Female,normal,Summer,No
dog,7,Male,normal,Spring,No
dog,10,Neutered,normal,Winter,Yes
other,6,Unknown,under age/weight,Summer,No
other,6,Unknown,under age/weight,Summer,No
dog,16,Neutered,normal,Winter,No
dog,10,Spayed,normal,Summer,No
dog,11,Male,injured  severe,Winter,No
dog,10,Female,normal,Winter,No
dog,8,Male,normal,Spring,No
dog,14,Neutered,injured  mild,Winter,Yes
dog,10,Male,normal,Spring,Yes
bird,1,Unknown,under age/weight,Spring,No
cat,1,Neutered,ill mild,Fall,Yes
cat,1,Female,ill mild,Winter,Yes
cat,1,Female,ill mild,Winter,Yes
dog,3,Spayed,normal,Spring,No
cat,11,Male,normal,Winter,No
dog,10,Female,normal,Spring,No
dog,13,Male,normal,Winter,No
dog,13,Neutered,normal,Fall,No
cat,7,Unknown,ill severe,Fall,No
dog,19,Spayed,ill mild,Summer,No
dog,8,Male,injured  moderate,Fall,No
dog,16,Spayed,normal,Summer,No
cat,7,Spayed,normal,Summer,Yes
dog,10,Neutered,normal,Winter,No
Other,5,Male,injured  severe,Summer,Yes
dog,8,Female,normal,Winter,No
dog,7,Male,normal,Winter,No
dog,7,Male,normal,Fall,No
cat,6,Male,normal,Fall,No
cat,6,Unknown,under age/weight,Fall,No
cat,6,Unknown,under age/weight,Fall,No
dog,11,Male,injured  moderate,Summer,No
cat,6,Female,under age/weight,Summer,No
dog,18,Neutered,normal,Spring,No
cat,7,Female,under age/weight,Spring,No
dog,17,Spayed,normal,Spring,No
dog,15,Male,normal,Summer,No
dog,10,Male,ill mild,Summer,No
dog,13,Spayed,normal,Summer,No
dog,11,Spayed,normal,Spring,No
cat,1,Neutered,under age/weight,Fall,Yes
cat,1,Spayed,under age/weight,Fall,Yes
dog,8,Neutered,normal,Winter,Yes
cat,0,Neutered,under age/weight,Summer,Yes
cat,0,Neutered,under age/weight,Summer,Yes
dog,10,Spayed,normal,Winter,No
cat,5,Unknown,normal,Summer,No
dog,9,Female,normal,Summer,No
dog,15,Spayed,normal,Spring,Yes
cat,7,Male,normal,Summer,Yes
cat,3,Male,injured  severe,Winter,No
dog,14,Neutered,normal,Fall,No
cat,10,Male,injured  severe,Spring,No
dog,3,Neutered,i/i report,Spring,Yes
dog,7,Spayed,normal,Spring,No
dog,1,Male,under age/weight,Fall,No
cat,6,Spayed,normal,Fall,Yes
dog,10,Male,normal,Spring,No
dog,11,Male,normal,Spring,No
dog,10,Female,normal,Spring,No
cat,7,Female,under age/weight,Fall,No
dog,8,Female,normal,Summer,Yes
dog,7,Male,normal,Fall,No
dog,17,Male,Other,Spring,No
bird,8,Unknown,injured  severe,Winter,No
cat,7,Male,normal,Fall,No
cat,5,Male,under age/weight,Summer,No
dog,11,Male,normal,Winter,No
dog,11,Spayed,normal,Spring,Yes
dog,9,Male,normal,Summer,No
dog,6,Male,normal,Summer,No
cat,5,Neutered,under age/weight,Summer,Yes
cat,5,Female,under age/weight,Summer,No
cat,5,Neutered,under age/weight,Summer,Yes
cat,5,Neutered,under age/weight,Summer,Yes
dog,8,Male,ill severe,Spring,No
dog,16,Spayed,normal,Winter,Yes
dog,8,Male,normal,Spring,No
dog,10,Female,normal,Fall,No
dog,11,Male,normal,Spring,No
cat,4,Neutered,under age/weight,Spring,Yes
dog,7,Female,normal,Summer,No
dog,15,Female,normal,Spring,No
dog,6,Neutered,normal,Winter,No
dog,17,Spayed,normal,Summer,No
cat,6,Female,normal,Summer,No
dog,11,Female,normal,Winter,No
dog,8,Male,normal,Fall,No
dog,6,Female,normal,Spring,No
cat,5,Male,normal,Summer,Yes
dog,12,Spayed,normal,Summer,Yes
dog,14,Neutered,normal,Fall,No
cat,8,Unknown,injured  severe,Spring,No
dog,13,Spayed,injured  mild,Fall,No
dog,8,Female,normal,Summer,No
cat,5,Male,normal,Spring,No
dog,0,Male,normal,Spring,No
cat,1,Spayed,injured  mild,Summer,No
dog,8,Neutered,normal,Winter,Yes
cat,3,Neutered,ill mild,Winter,No
dog,8,Male,normal,Spring,No
cat,6,Male,under age/weight,Fall,No
dog,11,Spayed,normal,Fall,No
other,4,Unknown,injured  severe,Summer,No
dog,11,Male,normal,Spring,No
bird,8,Male,normal,Summer,No
dog,9,Female,normal,Summer,No
wild,11,Unknown,injured  severe,Fall,No
cat,1,Male,under age/weight,Summer,No
cat,1,Female,under age/weight,Summer,No
dog,3,Female,normal,Spring,Yes
dog,5,Neutered,normal,Fall,Yes
dog,10,Male,normal,Summer,Yes
cat,8,Spayed,ill mild,Spring,No
dog,23,Neutered,normal,Winter,Yes
dog,12,Male,ill mild,Fall,No
dog,7,Female,normal,Winter,No
dog,10,Male,normal,Winter,No
dog,12,Neutered,normal,Spring,No
dog,8,Female,normal,Fall,No
dog,6,Male,normal,Spring,No
dog,8,Female,normal,Spring,No
bird,8,Unknown,injured  moderate,Spring,No
dog,7,Spayed,normal,Spring,No
cat,6,Unknown,under age/weight,Spring,No
dog,8,Neutered,injured  mild,Fall,Yes
dog,11,Male,normal,Spring,No
dog,14,Neutered,normal,Spring,No
dog,8,Neutered,normal,Summer,No
dog,4,Male,injured  moderate,Spring,No
dog,6,Spayed,normal,Summer,No
dog,11,Neutered,injured  mild,Fall,No
dog,11,Spayed,normal,Fall,No
dog,7,Spayed,normal,Summer,Yes
dog,7,Female,normal,Summer,No
dog,4,Female,normal,Winter,No
cat,6,Spayed,under age/weight,Summer,Yes
cat,6,Male,under age/weight,Summer,No
dog,14,Spayed,normal,Winter,No
cat,6,Neutered,injured  mild,Winter,No
dog,7,Neutered,normal,Winter,Yes
dog,7,Female,normal,Spring,No
dog,9,Neutered,normal,Spring,No
cat,7,Male,under age/weight,Fall,No
cat,7,Male,under age/weight,Fall,No
cat,7,Male,under age/weight,Spring,No
dog,3,Spayed,normal,Fall,No
cat,8,Spayed,normal,Fall,No
dog,8,Neutered,injured  mild,Winter,Yes
dog,9,Female,normal,Summer,Yes
dog,16,Neutered,normal,Spring,No
dog,10,Female,normal,Summer,No
dog,3,Female,fractious,Summer,No
dog,9,Neutered,fractious,Fall,Yes
cat,7,Unknown,under age/weight,Summer,No
cat,7,Unknown,under age/weight,Summer,No
cat,7,Unknown,under age/weight,Summer,No
dog,4,Spayed,injured  moderate,Winter,Yes
cat,7,Unknown,under age/weight,Spring,No
dog,11,Neutered,normal,Summer,No
dog,7,Male,normal,Spring,No
cat,5,Male,injured  mild,Fall,No
cat,6,Spayed,normal,Summer,No
dog,25,Male,normal,Spring,No
dog,12,Spayed,Other,Fall,No
bird,7,Unknown,injured  severe,Spring,No
cat,8,Neutered,normal,Spring,No
wild,8,Unknown,injured  moderate,Spring,No
dog,6,Neutered,normal,Winter,Yes
dog,5,Neutered,normal,Winter,Yes
dog,13,Neutered,behavior  severe,Spring,No
dog,6,Male,normal,Summer,No
dog,9,Female,normal,Summer,No
dog,14,Spayed,normal,Summer,No
dog,12,Spayed,normal,Winter,No
cat,5,Female,normal,Winter,No
cat,7,Female,normal,Fall,No
dog,6,Neutered,normal,Fall,No
dog,16,Male,normal,Fall,No
cat,9,Female,ill mild,Fall,No
dog,19,Neutered,Other,Spring,No
cat,23,Neutered,normal,Summer,No
cat,8,Female,under age/weight,Spring,No
dog,9,Male,normal,Spring,No
cat,5,Female,normal,Summer,Yes
cat,3,Male,under age/weight,Winter,No
cat,6,Female,under age/weight,Spring,No
cat,6,Female,under age/weight,Spring,No
cat,6,Male,under age/weight,Spring,No
cat,6,Female,under age/weight,Spring,No
dog,7,Male,normal,Spring,No
dog,14,Female,normal,Summer,No
dog,9,Male,normal,Fall,No
dog,17,Female,normal,Winter,No
dog,10,Male,normal,Winter,No
dog,14,Neutered,normal,Fall,No
dog,9,Neutered,normal,Fall,No
dog,15,Spayed,normal,Summer,Yes
cat,9,Spayed,normal,Spring,No
cat,9,Spayed,normal,Summer,Yes
cat,9,Female,normal,Spring,No
cat,8,Spayed,normal,Summer,No
dog,6,Male,normal,Winter,No
cat,17,Female,normal,Summer,No
dog,10,Male,normal,Fall,Yes
dog,12,Spayed,injured  mild,Fall,No
dog,10,Male,normal,Summer,No
cat,10,Female,normal,Fall,No
cat,7,Female,normal,Fall,No
dog,12,Male,normal,Fall,No
dog,14,Spayed,injured  mild,Summer,Yes
cat,8,Female,under age/weight,Spring,No
cat,6,Male,normal,Winter,No
cat,6,Neutered,normal,Winter,No
cat,6,Male,under age/weight,Fall,No
cat,12,Unknown,injured  moderate,Spring,No
cat,6,Male,under age/weight,Spring,No
dog,9,Female,normal,Summer,No
cat,10,Spayed,normal,Spring,No
cat,8,Unknown,under age/weight,Winter,No
cat,8,Unknown,under age/weight,Winter,No
dog,24,Spayed,normal,Fall,No
dog,8,Neutered,normal,Fall,Yes
dog,11,Spayed,normal,Summer,No
dog,9,Spayed,ill mild,Spring,Yes
cat,0,Neutered,under age/weight,Summer,Yes
dog,13,Female,normal,Summer,Yes
dog,11,Male,normal,Fall,No
dog,10,Male,normal,Spring,No
dog,6,Neutered,normal,Summer,No
cat,3,Unknown,normal,Fall,No
cat,7,Male,under age/weight,Fall,No
cat,5,Male,normal,Summer,No
cat,5,Male,normal,Summer,No
dog,15,Spayed,normal,Summer,No
dog,17,Male,normal,Summer,No
dog,8,Female,normal,Spring,No
rabbit,10,Spayed,normal,Fall,No
dog,11,Male,normal,Winter,No
dog,7,Male,normal,Summer,No
cat,4,Male,under age/weight,Fall,No
dog,23,Spayed,normal,Spring,No
cat,6,Spayed,normal,Winter,Yes
cat,7,Female,under age/weight,Summer,No
dog,10,Male,normal,Spring,No
dog,10,Female,normal,Spring,No
rabbit,7,Spayed,normal,Summer,Yes
dog,10,Female,normal,Spring,No
dog,12,Male,normal,Summer,No
dog,13,Female,normal,Winter,No
dog,18,Neutered,ill severe,Spring,No
dog,13,Neutered,normal,Fall,No
cat,7,Neutered,normal,Summer,No
dog,21,Spayed,ill mild,Spring,No
dog,8,Neutered,normal,Summer,No
dog,7,Neutered,normal,Summer,Yes
dog,15,Spayed,injured  severe,Winter,No
dog,8,Female,normal,Spring,No
dog,7,Male,normal,Winter,No
dog,7,Female,normal,Spring,No
cat,7,Female,ill mild,Summer,No
cat,7,Female,under age/weight,Spring,No
cat,7,Female,under age/weight,Spring,No
dog,6,Neutered,normal,Fall,Yes
dog,7,Female,normal,Spring,No
dog,9,Female,normal,Fall,No
dog,21,Female,normal,Spring,No
dog,6,Neutered,normal,Summer,No
dog,6,Female,normal,Fall,No
cat,18,Female,ill moderatete,Fall,No
dog,7,Neutered,normal,Summer,No
dog,8,Female,normal,Spring,No
cat,5,Spayed,normal,Fall,No
dog,7,Female,normal,Winter,No
dog,9,Neutered,normal,Winter,Yes
dog,8,Female,normal,Summer,No
dog,14,Neutered,normal,Winter,No
dog,15,Spayed,normal,Fall,No
dog,8,Female,normal,Fall,Yes
dog,8,Male,injured  mild,Fall,No
dog,9,Male,normal,Spring,No
dog,8,Neutered,normal,Fall,No
dog,9,Male,normal,Spring,No
cat,7,Female,under age/weight,Summer,No
dog,14,Female,normal,Winter,No
dog,15,Neutered,normal,Spring,No
dog,13,Female,normal,Winter,No
dog,7,Female,normal,Summer,No
dog,8,Neutered,normal,Summer,No
dog,6,Spayed,injured  moderate,Summer,No
dog,9,Female,injured  moderate,Summer,No
dog,13,Spayed,normal,Spring,No
dog,11,Spayed,normal,Summer,No
dog,15,Male,normal,Fall,No
dog,14,Female,normal,Fall,No
dog,8,Male,normal,Summer,No
cat,2,Female,under age/weight,Summer,No
cat,7,Female,under age/weight,Summer,No
cat,8,Female,normal,Summer,No
dog,19,Male,ill moderatete,Winter,No
cat,6,Female,normal,Spring,No
dog,9,Neutered,normal,Winter,No
dog,8,Female,normal,Summer,No
dog,9,Female,normal,Summer,Yes
dog,9,Female,normal,Fall,No
dog,12,Spayed,normal,Fall,Yes
cat,7,Unknown,under age/weight,Summer,No
dog,6,Female,normal,Fall,No
other,5,Unknown,under age/weight,Spring,No
other,5,Unknown,under age/weight,Spring,No
dog,8,Neutered,normal,Summer,Yes
dog,7,Female,normal,Fall,No
dog,5,Female,normal,Summer,No
dog,8,Neutered,normal,Summer,No
cat,8,Spayed,normal,Fall,Yes
cat,6,Male,normal,Fall,No
dog,6,Male,normal,Fall,No
cat,7,Female,under age/weight,Spring,No
dog,7,Male,normal,Spring,No
dog,13,Male,normal,Winter,No
dog,5,Spayed,normal,Summer,Yes
dog,11,Male,normal,Winter,No
dog,16,Spayed,normal,Summer,No
cat,4,Male,under age/weight,Summer,No
cat,5,Male,normal,Summer,No
cat,6,Male,under age/weight,Fall,No
cat,6,Spayed,normal,Fall,Yes
dog,9,Female,normal,Winter,No
other,7,Unknown,normal,Spring,No
cat,6,Female,normal,Summer,No
dog,9,Male,normal,Fall,No
cat,10,Spayed,injured  mild,Fall,Yes
cat,5,Female,under age/weight,Fall,No
cat,5,Male,under age/weight,Fall,No
dog,15,Spayed,normal,Fall,No
dog,12,Female,normal,Winter,No
dog,12,Male,normal,Spring,No
dog,12,Neutered,normal,Spring,No
dog,2,Spayed,normal,Fall,Yes
dog,13,Neutered,normal,Winter,No
dog,15,Neutered,normal,Fall,No
dog,7,Neutered,normal,Fall,Yes
dog,12,Male,injured  moderate,Spring,Yes
dog,18,Neutered,normal,Spring,No
dog,16,Female,normal,Spring,No
dog,10,Spayed,injured  mild,Spring,Yes
cat,9,Neutered,normal,Fall,Yes
cat,6,Unknown,under age/weight,Spring,No
cat,6,Female,under age/weight,Summer,No
dog,16,Male,normal,Fall,No
cat,6,Male,under age/weight,Spring,No
cat,14,Male,normal,Winter,No
bird,4,Unknown,under age/weight,Fall,No
other,6,Unknown,under age/weight,Summer,No
other,6,Unknown,under age/weight,Summer,No
cat,17,Neutered,normal,Summer,Yes
dog,5,Male,normal,Spring,No
other,7,Unknown,under age/weight,Spring,No
other,7,Unknown,under age/weight,Spring,No
other,7,Unknown,under age/weight,Spring,No
dog,4,Spayed,normal,Summer,Yes
cat,5,Unknown,injured  moderate,Spring,No
cat,5,Unknown,injured  moderate,Spring,No
cat,6,Female,injured  moderate,Spring,No
cat,12,Neutered,normal,Winter,No
cat,6,Female,normal,Winter,No
dog,6,Neutered,normal,Summer,Yes
rabbit,9,Spayed,normal,Summer,No
cat,5,Female,under age/weight,Fall,No
dog,9,Male,normal,Winter,No
dog,12,Spayed,fractious,Fall,No
cat,8,Female,injured  severe,Fall,No
cat,6,Male,under age/weight,Fall,No
dog,16,Spayed,normal,Fall,No
dog,14,Neutered,normal,Spring,Yes
cat,6,Unknown,injured  severe,Fall,No
dog,13,Neutered,ill moderatete,Summer,No
dog,9,Spayed,injured  severe,Summer,Yes
dog,16,Male,normal,Spring,No
cat,17,Spayed,normal,Fall,No
dog,8,Male,normal,Summer,No
dog,7,Male,normal,Summer,No
cat,2,Unknown,under age/weight,Spring,No
cat,6,Male,under age/weight,Spring,No
cat,6,Male,under age/weight,Spring,No
cat,6,Female,under age/weight,Spring,No
cat,6,Female,under age/weight,Spring,No
dog,3,Neutered,normal,Fall,Yes
Other,9,Unknown,normal,Winter,No
dog,14,Spayed,normal,Fall,No
dog,14,Female,normal,Fall,Yes
dog,8,Female,normal,Spring,No
dog,5,Female,normal,Winter,No
dog,12,Neutered,normal,Fall,No
cat,5,Male,injured  severe,Fall,No
dog,3,Female,normal,Summer,Yes
dog,15,Spayed,normal,Fall,No
dog,8,Neutered,normal,Spring,Yes
cat,6,Female,under age/weight,Spring,No
cat,6,Female,under age/weight,Spring,No
dog,18,Neutered,ill mild,Summer,No
bird,11,Unknown,injured  severe,Winter,No
cat,7,Male,normal,Fall,No
dog,10,Spayed,normal,Summer,No
wild,11,Unknown,injured  severe,Fall,No
dog,11,Female,normal,Fall,No
dog,8,Spayed,normal,Fall,No
cat,5,Neutered,under age/weight,Winter,Yes
bird,9,Unknown,ill mild,Spring,No
dog,13,Female,normal,Fall,No
dog,9,Male,normal,Winter,Yes
dog,6,Female,normal,Summer,No
dog,8,Female,normal,Summer,No
rabbit,8,Neutered,normal,Winter,No
cat,6,Spayed,under age/weight,Summer,Yes
dog,16,Neutered,normal,Winter,No
dog,10,Neutered,normal,Spring,No
dog,6,Female,normal,Fall,No
cat,1,Male,under age/weight,Fall,No
dog,9,Male,normal,Summer,No
cat,21,Spayed,normal,Summer,No
cat,5,Female,under age/weight,Summer,No
dog,10,Male,normal,Winter,No
dog,9,Female,normal,Spring,No
cat,7,Male,behavior  mild,Fall,Yes
cat,0,Unknown,injured  severe,Summer,No
dog,6,Male,normal,Fall,No
cat,0,Neutered,normal,Summer,No
dog,2,Male,normal,Spring,No
rabbit,1,Unknown,under age/weight,Spring,No
dog,12,Female,normal,Winter,No
bird,5,Unknown,under age/weight,Spring,No
cat,15,Male,ill severe,Fall,No
dog,10,Neutered,normal,Fall,No
dog,11,Male,normal,Spring,No
dog,5,Female,ill severe,Summer,No
cat,10,Male,normal,Spring,No
dog,12,Neutered,normal,Fall,No
cat,7,Spayed,feral,Summer,Yes
dog,15,Female,normal,Summer,No
cat,9,Female,normal,Summer,No
rabbit,6,Spayed,normal,Summer,Yes
cat,5,Male,under age/weight,Fall,No
cat,5,Female,under age/weight,Fall,No
dog,9,Female,normal,Winter,No
dog,8,Male,normal,Summer,Yes
dog,12,Male,normal,Spring,No
dog,9,Male,normal,Fall,No
cat,2,Male,under age/weight,Spring,No
dog,15,Male,normal,Fall,No
dog,8,Spayed,normal,Fall,No
cat,5,Female,under age/weight,Spring,No
cat,5,Female,under age/weight,Spring,No
dog,7,Male,normal,Spring,No
cat,8,Spayed,injured  severe,Spring,No
dog,8,Neutered,normal,Spring,Yes
dog,5,Neutered,normal,Fall,Yes
dog,5,Neutered,normal,Summer,Yes
dog,12,Male,normal,Spring,No
dog,8,Spayed,normal,Winter,No
dog,9,Female,normal,Summer,No
dog,13,Spayed,normal,Winter,Yes
dog,13,Female,normal,Fall,No
dog,13,Spayed,normal,Fall,No
dog,7,Male,injured  moderate,Spring,No
cat,9,Female,normal,Summer,No
dog,8,Female,normal,Fall,No
dog,8,Female,normal,Fall,No
dog,9,Female,normal,Spring,No
dog,8,Male,normal,Spring,No
dog,9,Male,normal,Summer,No
dog,8,Male,normal,Winter,No
dog,11,Female,normal,Fall,No
cat,7,Male,under age/weight,Spring,No
dog,8,Spayed,normal,Summer,No
dog,15,Male,normal,Summer,No
cat,6,Female,under age/weight,Spring,No
dog,9,Spayed,injured  severe,Summer,No
dog,19,Male,normal,Spring,No
dog,9,Female,normal,Spring,No
dog,7,Female,normal,Fall,No
dog,5,Male,normal,Summer,Yes
dog,12,Female,normal,Spring,No
dog,8,Female,normal,Summer,No
dog,9,Spayed,normal,Spring,No
dog,6,Male,normal,Summer,No
cat,0,Male,ill mild,Summer,No
dog,2,Spayed,behavior  mild,Spring,Yes
cat,4,Neutered,fractious,Summer,No
dog,2,Neutered,normal,Spring,Yes
dog,2,Spayed,normal,Spring,Yes
cat,6,Male,under age/weight,Fall,No
other,3,Unknown,under age/weight,Spring,No
dog,10,Neutered,normal,Winter,No
wild,8,Unknown,normal,Spring,No
dog,8,Male,normal,Summer,No
dog,7,Neutered,normal,Fall,Yes
dog,10,Female,normal,Winter,No
dog,9,Male,normal,Winter,No
cat,5,Spayed,normal,Winter,Yes
dog,8,Female,normal,Fall,No
dog,11,Neutered,normal,Summer,No
dog,9,Female,normal,Fall,No
cat,8,Male,injured  severe,Spring,No
cat,12,Neutered,normal,Spring,No
dog,13,Female,normal,Winter,No
dog,13,Female,normal,Spring,No
dog,7,Male,normal,Summer,No
cat,9,Female,normal,Summer,No
dog,6,Male,normal,Winter,No
dog,12,Male,normal,Spring,No
cat,6,Male,under age/weight,Spring,No
other,7,Unknown,injured  moderate,Summer,No
cat,6,Male,normal,Summer,Yes
dog,8,Female,normal,Winter,No
dog,7,Neutered,injured  moderate,Summer,Yes
cat,5,Female,under age/weight,Summer,No
dog,15,Spayed,Other,Summer,Yes
dog,5,Female,normal,Winter,No
dog,14,Spayed,normal,Winter,Yes
dog,6,Male,normal,Summer,No
dog,6,Female,normal,Winter,No
dog,6,Male,normal,Winter,No
dog,7,Male,normal,Winter,No
dog,7,Female,ill severe,Summer,No
cat,1,Male,i/i report,Fall,No
cat,1,Neutered,i/i report,Fall,Yes
cat,5,Female,under age/weight,Summer,No
dog,7,Neutered,normal,Spring,Yes
cat,13,Male,ill severe,Spring,No
cat,8,Female,normal,Spring,No
rabbit,6,Spayed,normal,Spring,No
dog,10,Male,injured  mild,Winter,No
dog,11,Female,normal,Summer,No
dog,17,Male,normal,Winter,No
cat,6,Spayed,normal,Spring,No
cat,6,Female,under age/weight,Fall,No
cat,6,Male,under age/weight,Summer,No
dog,10,Spayed,normal,Fall,No
dog,14,Neutered,normal,Summer,No
cat,9,Spayed,normal,Summer,No
dog,12,Spayed,normal,Spring,No
dog,7,Female,normal,Fall,No
dog,9,Neutered,normal,Spring,No
cat,5,Female,under age/weight,Summer,No
dog,6,Female,normal,Fall,No
dog,3,Neutered,normal,Summer,No
cat,16,Female,ill mild,Spring,No
cat,6,Unknown,under age/weight,Winter,No
cat,6,Female,under age/weight,Summer,No
dog,10,Neutered,normal,Spring,No
cat,6,Female,under age/weight,Fall,No
cat,6,Female,under age/weight,Fall,No
cat,6,Female,under age/weight,Fall,No
cat,7,Female,normal,Summer,No
cat,17,Female,ill severe,Winter,No
Other,8,Male,normal,Winter,Yes
dog,11,Male,normal,Summer,No
cat,8,Male,under age/weight,Spring,No
dog,14,Male,normal,Winter,No
dog,9,Male,normal,Fall,No
dog,12,Spayed,normal,Summer,Yes
dog,10,Neutered,normal,Summer,No
dog,7,Neutered,fractious,Spring,Yes
cat,7,Female,ill severe,Spring,No
dog,14,Male,normal,Winter,No
dog,7,Female,normal,Fall,No
cat,2,Neutered,ill moderatete,Winter,No
cat,10,Unknown,injured  severe,Spring,No
cat,7,Male,normal,Winter,No
cat,7,Female,normal,Winter,No
cat,1,Neutered,under age/weight,Summer,Yes
dog,8,Male,normal,Fall,No
dog,11,Neutered,i/i report,Summer,No
cat,6,Male,under age/weight,Summer,No
cat,9,Female,normal,Summer,No
dog,1,Neutered,normal,Winter,Yes
cat,5,Neutered,under age/weight,Winter,Yes
dog,9,Female,normal,Spring,No
cat,5,Female,under age/weight,Fall,No
dog,12,Female,normal,Winter,No
dog,8,Female,normal,Winter,No
dog,9,Neutered,normal,Fall,Yes
cat,16,Unknown,injured  moderate,Fall,No
dog,14,Female,normal,Spring,No
cat,12,Female,normal,Spring,No
cat,8,Male,under age/weight,Spring,No
cat,8,Male,under age/weight,Spring,No
cat,8,Female,normal,Spring,No
cat,5,Female,under age/weight,Spring,No
cat,9,Female,normal,Winter,Yes
cat,10,Female,normal,Fall,No
cat,10,Female,normal,Winter,No
bird,7,Unknown,injured  mild,Summer,No
cat,5,Male,under age/weight,Spring,No
dog,13,Female,injured  severe,Fall,No
dog,2,Neutered,normal,Summer,Yes
dog,8,Female,normal,Spring,No
dog,9,Male,injured  severe,Fall,No
dog,11,Neutered,normal,Spring,No
dog,9,Female,normal,Summer,No
dog,8,Female,normal,Fall,No
dog,6,Female,normal,Fall,No
dog,14,Male,normal,Spring,No
dog,10,Male,normal,Winter,No
dog,7,Male,normal,Spring,No
dog,11,Neutered,normal,Spring,No
cat,10,Female,normal,Summer,Yes
cat,6,Female,injured  moderate,Fall,No
dog,10,Male,normal,Summer,No
dog,15,Neutered,normal,Winter,No
dog,9,Female,normal,Spring,No
dog,11,Male,normal,Spring,No
dog,2,Spayed,normal,Summer,Yes
cat,2,Male,normal,Summer,No
cat,1,Spayed,injured  severe,Summer,Yes
cat,7,Neutered,normal,Summer,No
cat,1,Neutered,under age/weight,Winter,No
dog,9,Female,normal,Summer,No
dog,7,Neutered,normal,Fall,No
dog,9,Female,normal,Winter,No
dog,4,Spayed,normal,Summer,Yes
dog,10,Female,normal,Winter,No
cat,13,Spayed,normal,Winter,No
dog,9,Male,normal,Summer,No
dog,1,Neutered,normal,Summer,Yes
cat,6,Spayed,fractious,Fall,Yes
cat,7,Male,ill severe,Summer,No
dog,8,Female,injured  mild,Spring,No
dog,8,Male,normal,Spring,No
cat,12,Male,normal,Fall,No
dog,8,Male,normal,Summer,No
dog,11,Male,normal,Spring,No
dog,8,Female,normal,Winter,No
Other,8,Unknown,normal,Winter,No
dog,6,Male,normal,Fall,No
dog,11,Female,normal,Fall,No
dog,14,Male,injured  severe,Winter,No
dog,8,Neutered,ill mild,Spring,Yes
dog,14,Female,normal,Spring,No
dog,11,Male,normal,Winter,No
dog,10,Male,injured  mild,Summer,No
dog,10,Female,normal,Fall,No
dog,7,Male,normal,Winter,No
dog,7,Female,normal,Winter,No
dog,10,Male,normal,Winter,No
dog,11,Neutered,normal,Winter,No
Other,2,Unknown,normal,Spring,No
cat,13,Male,feral,Summer,Yes
cat,9,Spayed,fractious,Summer,No
cat,1,Female,normal,Spring,No
dog,8,Female,injured  severe,Summer,No
dog,9,Spayed,normal,Fall,No
dog,8,Female,normal,Spring,No
dog,18,Neutered,normal,Winter,No
dog,4,Female,ill severe,Fall,No
cat,9,Female,normal,Fall,Yes
dog,14,Neutered,normal,Winter,No
dog,16,Male,normal,Winter,No
cat,7,Male,under age/weight,Spring,No
dog,6,Male,under age/weight,Summer,No
dog,6,Spayed,injured  mild,Summer,Yes
dog,16,Female,normal,Summer,No
cat,8,Neutered,fractious,Spring,Yes
dog,3,Male,normal,Summer,Yes
cat,6,Male,normal,Spring,No
dog,9,Male,i/i report,Spring,No
dog,10,Female,normal,Spring,No
cat,6,Male,under age/weight,Summer,No
cat,6,Female,under age/weight,Summer,No
dog,21,Neutered,normal,Spring,No
dog,21,Male,normal,Spring,No
dog,9,Male,normal,Summer,Yes
dog,10,Female,normal,Spring,No
dog,8,Female,normal,Fall,No
dog,9,Female,normal,Fall,No
cat,8,Female,normal,Winter,No
dog,16,Neutered,normal,Spring,No
cat,7,Male,under age/weight,Summer,No
cat,7,Male,under age/weight,Summer,No
dog,8,Male,normal,Summer,No
dog,15,Male,normal,Spring,No
cat,5,Neutered,normal,Spring,Yes
cat,0,Unknown,under age/weight,Fall,No
rabbit,1,Neutered,normal,Fall,No
rabbit,1,Spayed,normal,Fall,Yes
cat,8,Neutered,normal,Summer,No
cat,10,Neutered,normal,Spring,Yes
cat,17,Neutered,ill severe,Fall,No
cat,2,Male,ill mild,Winter,No
cat,7,Female,under age/weight,Summer,No
cat,6,Male,injured  severe,Spring,No
cat,6,Female,under age/weight,Fall,No
cat,6,Spayed,normal,Summer,No
cat,8,Spayed,feral,Spring,No
cat,12,Neutered,feral,Fall,No
bird,6,Unknown,ill moderatete,Fall,No
dog,12,Female,normal,Fall,No
rabbit,9,Male,normal,Winter,No
dog,5,Spayed,normal,Summer,Yes
dog,8,Neutered,normal,Summer,No
dog,8,Neutered,normal,Fall,Yes
cat,5,Unknown,under age/weight,Summer,No
dog,10,Male,ill mild,Winter,Yes
cat,6,Male,injured  severe,Spring,No
dog,13,Male,normal,Spring,No
cat,5,Male,normal,Summer,No
dog,13,Female,injured  severe,Winter,No
cat,5,Female,under age/weight,Summer,No
cat,7,Female,normal,Summer,No
dog,6,Male,normal,Summer,No
dog,8,Spayed,ill mild,Fall,No
dog,13,Male,normal,Summer,No
cat,8,Male,normal,Summer,No
cat,7,Spayed,fractious,Summer,No
dog,10,Spayed,normal,Winter,Yes
dog,10,Spayed,normal,Fall,No
dog,10,Neutered,normal,Spring,No
dog,6,Female,normal,Summer,No
dog,7,Female,normal,Spring,No
cat,4,Neutered,ill mild,Summer,Yes
dog,10,Male,normal,Winter,No
dog,19,Neutered,normal,Winter,No
cat,6,Female,injured  moderate,Fall,No
dog,13,Neutered,normal,Spring,No
dog,7,Female,under age/weight,Fall,No
dog,7,Female,under age/weight,Fall,No
cat,6,Unknown,ill severe,Fall,No
cat,9,Spayed,normal,Spring,No
dog,7,Male,normal,Winter,No
dog,7,Male,injured  mild,Winter,No
dog,8,Male,normal,Summer,No
dog,6,Female,normal,Summer,No
cat,7,Male,normal,Summer,No
dog,8,Female,normal,Summer,No
dog,7,Male,normal,Fall,No
dog,7,Unknown,under age/weight,Summer,No
dog,7,Unknown,under age/weight,Summer,No
dog,21,Female,Other,Fall,Yes
cat,8,Neutered,normal,Winter,No
cat,7,Male,under age/weight,Summer,No
dog,18,Male,normal,Winter,No
dog,13,Male,normal,Winter,No
dog,10,Neutered,normal,Summer,No
dog,10,Female,normal,Summer,No
dog,6,Male,normal,Summer,No
cat,5,Female,under age/weight,Summer,No
dog,9,Male,normal,Winter,No
dog,10,Male,normal,Fall,No
dog,14,Female,normal,Winter,No
dog,10,Female,normal,Fall,No
dog,7,Male,normal,Winter,No
dog,7,Female,normal,Summer,No
dog,8,Male,normal,Spring,No
cat,7,Male,normal,Summer,Yes
dog,4,Male,normal,Spring,No
dog,13,Male,normal,Summer,No
bird,6,Unknown,ill severe,Spring,No
dog,5,Male,normal,Summer,No
bird,10,Unknown,normal,Spring,Yes
dog,9,Female,normal,Summer,No
dog,10,Female,normal,Summer,No
dog,10,Male,normal,Spring,No
dog,8,Female,normal,Spring,No
dog,11,Male,normal,Summer,No
dog,17,Spayed,ill mild,Fall,No
dog,7,Male,normal,Winter,No
dog,15,Female,ill mild,Fall,No
dog,10,Female,normal,Fall,No
cat,10,Spayed,normal,Summer,Yes
dog,9,Female,normal,Spring,No
dog,11,Spayed,normal,Winter,Yes
cat,6,Female,under age/weight,Summer,Yes
dog,12,Male,injured  moderate,Spring,No
